-- phpMyAdmin SQL Dump
-- version 3.5.8.2
-- http://www.phpmyadmin.net
--
-- Host: 50.62.209.46:3306
-- Generation Time: Jan 05, 2014 at 12:44 AM
-- Server version: 5.5.33-log
-- PHP Version: 5.4.16

SET SQL_MODE="NO_AUTO_VALUE_ON_ZERO";
SET time_zone = "+00:00";


/*!40101 SET @OLD_CHARACTER_SET_CLIENT=@@CHARACTER_SET_CLIENT */;
/*!40101 SET @OLD_CHARACTER_SET_RESULTS=@@CHARACTER_SET_RESULTS */;
/*!40101 SET @OLD_COLLATION_CONNECTION=@@COLLATION_CONNECTION */;
/*!40101 SET NAMES utf8 */;

--
-- Database: `soccer_tips`
--
CREATE DATABASE `soccer_tips` DEFAULT CHARACTER SET utf8 COLLATE utf8_general_ci;
USE `soccer_tips`;

-- --------------------------------------------------------

--
-- Table structure for table `country`
--

CREATE TABLE IF NOT EXISTS `country` (
  `id` int(11) NOT NULL,
  `name` text,
  `other` text,
  PRIMARY KEY (`id`)
) ENGINE=MyISAM DEFAULT CHARSET=utf8;

--
-- Dumping data for table `country`
--

INSERT INTO `country` (`id`, `name`, `other`) VALUES
(376, 'Israel', NULL),
(152, 'Chile', NULL),
(250, 'France', NULL),
(484, 'Mexico', NULL),
(196, 'Cyprus', NULL),
(36, 'Australia', NULL),
(380, 'Italy', NULL),
(724, 'Spain', NULL),
(919, 'Northern Ireland', NULL),
(925, 'Wales', NULL),
(300, 'Greece', NULL),
(921, 'Scotland', NULL),
(916, 'International', NULL),
(620, 'Portugal', NULL),
(907, 'England', NULL);

-- --------------------------------------------------------

--
-- Table structure for table `favourite`
--

CREATE TABLE IF NOT EXISTS `favourite` (
  `member_id` int(11) DEFAULT NULL,
  `match_id` int(11) DEFAULT NULL
) ENGINE=MyISAM DEFAULT CHARSET=utf8;

-- --------------------------------------------------------

--
-- Table structure for table `goal`
--

CREATE TABLE IF NOT EXISTS `goal` (
  `id` int(11) NOT NULL,
  `match_id` int(11) DEFAULT NULL,
  `type` text,
  `team` text,
  `minute` text,
  `name` text,
  `other` text,
  PRIMARY KEY (`id`)
) ENGINE=MyISAM DEFAULT CHARSET=utf8;

--
-- Dumping data for table `goal`
--

INSERT INTO `goal` (`id`, `match_id`, `type`, `team`, `minute`, `name`, `other`) VALUES
(1310564981, 1310190945, 'Goal', '1', '20', 'Cellerino G', NULL),
(1310564985, 1310190945, 'Goal', '2', '39', 'Simón L', NULL),
(1310564984, 1310190945, 'Goal', '1', '30', 'Cellerino G', NULL),
(1310564990, 1310190945, 'Goal', '1', '86', 'Valencia L', NULL),
(1310564983, 1310190945, 'Goal', '1', '26', 'Valencia L', NULL),
(1310564982, 1310190945, 'Goal', '2', '23', 'Llanos David', NULL),
(1310565023, 1310215261, 'Goal', '1', '53', 'Creac''h S', NULL),
(1310565026, 1310215261, 'Own Goal', '2', '90', 'Cabon R', NULL),
(1310565024, 1310215261, 'Goal', '2', '81', 'Coulibaly ', NULL),
(1310565025, 1310215261, 'Goal', '2', '84', 'N''Diaye ', NULL),
(1310565002, 1310216052, 'Goal', '2', '3', 'Bravo O', NULL),
(1310565005, 1310216052, 'Own Goal', '1', '50', 'Castro I', NULL),
(1310564989, 1310216051, 'Goal', '2', '17', 'Martínez M', NULL),
(1310565032, 1310188691, 'Goal', '2', '6', 'Monteiro ', NULL),
(1310565021, 1310165154, 'Goal', '2', '67', 'Petratos D', NULL),
(1310565019, 1310165154, 'Goal', '2', '55', 'McKay M', NULL),
(1310565015, 1310165154, 'Goal', '2', '28', 'Miller L', NULL),
(1310565009, 1310165153, 'Goal', '2', '38', 'Harold C', NULL),
(1310565028, 1310189428, 'Goal', '2', '13', 'Barrales J', NULL),
(1310565031, 1310207914, 'Goal', '2', '12', 'Gurma M', NULL);

-- --------------------------------------------------------

--
-- Table structure for table `league`
--

CREATE TABLE IF NOT EXISTS `league` (
  `id` int(11) NOT NULL,
  `name` text,
  `country` text,
  `other` text,
  PRIMARY KEY (`id`)
) ENGINE=MyISAM DEFAULT CHARSET=utf8;

--
-- Dumping data for table `league`
--

INSERT INTO `league` (`id`, `name`, `country`, `other`) VALUES
(1310003697, 'Winner League', '376', NULL),
(1310003746, 'Clausura', '152', NULL),
(1310004078, 'Coupe De France', '250', NULL),
(1310003469, 'Clausura', '484', NULL),
(1310003705, '1. Division Phase A', '196', NULL),
(1310003378, 'A League', '036', NULL),
(1310003854, 'Serie C1 B', '380', NULL),
(1310003715, 'Primera Division', '724', NULL),
(1310003716, 'Segunda Division', '724', NULL),
(1310003664, 'Premier League', '919', NULL),
(1310003673, 'Premier League First Phase', '925', NULL),
(1310003740, 'Super League', '300', NULL),
(1310003956, 'Football League North', '300', NULL),
(1310003957, 'Football League South', '300', NULL),
(1310003541, 'Premier League', '921', NULL),
(1310003542, 'Championship', '921', NULL),
(1310003543, 'League One', '921', NULL),
(1310003544, 'League Two', '921', NULL),
(1310004131, 'West Asian Championship Final Stage', '916', NULL),
(1310004200, 'Club Friendlies', '916', NULL),
(1310003702, 'Liga de Honra', '620', NULL),
(1310003784, 'Taca de Portugal', '620', NULL),
(1310003651, 'Blue Square Premier', '907', NULL),
(1310003535, 'League One', '907', NULL),
(1310003537, 'League Two', '907', NULL),
(1310003704, 'FA Cup', '907', NULL);

-- --------------------------------------------------------

--
-- Table structure for table `matchFootball`
--

CREATE TABLE IF NOT EXISTS `matchFootball` (
  `id` int(11) NOT NULL,
  `teamA_id` int(11) DEFAULT NULL,
  `teamB_id` int(11) DEFAULT NULL,
  `time_match` text,
  `league_id` int(11) DEFAULT NULL,
  `HT` text,
  `FT` text,
  `status` text,
  `minute` text,
  `current_period` text,
  `other` text,
  PRIMARY KEY (`id`)
) ENGINE=MyISAM DEFAULT CHARSET=utf8;

--
-- Dumping data for table `matchFootball`
--

INSERT INTO `matchFootball` (`id`, `teamA_id`, `teamB_id`, `time_match`, `league_id`, `HT`, `FT`, `status`, `minute`, `current_period`, `other`) VALUES
(1310185514, 25599, 1001436, '2014-01-04 18:30', 1310003697, NULL, NULL, 'NSY', 'NSY', 'NSY', NULL),
(1310185517, 2963, 28355, '2014-01-04 17:00', 1310003697, NULL, NULL, 'NSY', 'NSY', 'NSY', NULL),
(1310185515, 28283, 26921, '2014-01-04 17:00', 1310003697, NULL, NULL, 'NSY', 'NSY', 'NSY', NULL),
(1310185511, 30756, 1310000889, '2014-01-04 17:00', 1310003697, NULL, NULL, 'NSY', 'NSY', 'NSY', NULL),
(1310185513, 25749, 523, '2014-01-04 16:00', 1310003697, NULL, NULL, 'NSY', 'NSY', 'NSY', NULL),
(1310190937, 24234, 2444, '2014-01-04 22:45', 1310003746, NULL, NULL, 'NSY', 'NSY', 'NSY', NULL),
(1310190941, 2219, 2224, '2014-01-04 22:30', 1310003746, NULL, NULL, 'NSY', 'NSY', 'NSY', NULL),
(1310190942, 24229, 25492, '2014-01-04 20:30', 1310003746, NULL, NULL, 'NSY', 'NSY', 'NSY', NULL),
(1310190945, 2878, 24226, '2014-01-04 01:15', 1310003746, '3:2', '4:2', 'Finished', 'Finished', 'Finished', NULL),
(1310215250, 25997, 711, '2014-01-04 14:30', 1310004078, NULL, NULL, 'NSY', 'NSY', 'NSY', NULL),
(1310215268, 344, 894, '2014-01-04 14:15', 1310004078, NULL, '0:0', 'inprogress', '12', '1st half', NULL),
(1310215261, 26000, 613, '2014-01-04 12:00', 1310004078, '0:0', '1:3', 'Finished', 'Finished', 'Finished', NULL),
(1310216052, 2436, 24195, '2014-01-04 04:30', 1310003469, '0:1', '1:1', 'Finished', 'Finished', 'Finished', NULL),
(1310216051, 24189, 26974, '2014-01-04 02:30', 1310003469, '0:1', '0:1', 'Finished', 'Finished', 'Finished', NULL),
(1310188696, 2422, 2415, '2014-01-04 17:00', 1310003705, NULL, NULL, 'NSY', 'NSY', 'NSY', NULL),
(1310188694, 2417, 2421, '2014-01-04 17:00', 1310003705, NULL, NULL, 'NSY', 'NSY', 'NSY', NULL),
(1310189263, 1310004093, 1242, '2014-01-04 16:00', 1310003705, NULL, NULL, 'NSY', 'NSY', 'NSY', NULL),
(1310188692, 2414, 241, '2014-01-04 14:00', 1310003705, NULL, '1:0', 'inprogress', '27', '1st half', NULL),
(1310188691, 244, 2424, '2014-01-04 14:00', 1310003705, NULL, '0:1', 'inprogress', '27', '1st half', NULL),
(1310165154, 27594, 27597, '2014-01-04 09:45', 1310003378, '0:1', '0:3', 'Finished', 'Finished', 'Finished', NULL),
(1310165153, 27595, 27596, '2014-01-04 07:30', 1310003378, '0:1', '0:1', 'Finished', 'Finished', 'Finished', NULL),
(1310203205, 602, 834, '2014-01-04 20:45', 1310003854, NULL, NULL, 'NSY', 'NSY', 'NSY', NULL),
(1310187796, 3077, 2001, '2014-01-04 22:00', 1310003715, NULL, NULL, 'NSY', 'NSY', 'NSY', NULL),
(1310187790, 978, 617, '2014-01-04 20:00', 1310003715, NULL, NULL, 'NSY', 'NSY', 'NSY', NULL),
(1310187797, 980, 292, '2014-01-04 18:00', 1310003715, NULL, NULL, 'NSY', 'NSY', 'NSY', NULL),
(1310187791, 657, 258, '2014-01-04 16:00', 1310003715, NULL, NULL, 'NSY', 'NSY', 'NSY', NULL),
(1310188194, 595, 658, '2014-01-04 20:00', 1310003716, NULL, NULL, 'NSY', 'NSY', 'NSY', NULL),
(1310188195, 381, 804, '2014-01-04 18:15', 1310003716, NULL, NULL, 'NSY', 'NSY', 'NSY', NULL),
(1310197067, 1586, 933, '2014-01-04 18:00', 1310003716, NULL, NULL, 'NSY', 'NSY', 'NSY', NULL),
(1310188199, 533, 24415, '2014-01-04 18:00', 1310003716, NULL, NULL, 'NSY', 'NSY', 'NSY', NULL),
(1310188196, 24410, 26341, '2014-01-04 18:00', 1310003716, NULL, NULL, 'NSY', 'NSY', 'NSY', NULL),
(1310188191, 723, 223, '2014-01-04 18:00', 1310003716, NULL, NULL, 'NSY', 'NSY', 'NSY', NULL),
(1310188190, 27093, 436, '2014-01-04 18:00', 1310003716, NULL, NULL, 'NSY', 'NSY', 'NSY', NULL),
(1310181739, 1402, 1100000000, '2014-01-04 16:00', 1310003664, NULL, NULL, 'NSY', 'NSY', 'NSY', NULL),
(1310181736, 1403, 1310002299, '2014-01-04 16:00', 1310003664, NULL, NULL, 'NSY', 'NSY', 'NSY', NULL),
(1310181735, 25609, 1310001432, '2014-01-04 16:00', 1310003664, NULL, NULL, 'NSY', 'NSY', 'NSY', NULL),
(1310181740, 1310002319, 1100000021, '2014-01-04 14:30', 1310003664, NULL, NULL, 'NSY', 'NSY', 'NSY', NULL),
(1310181589, 23254, 23147, '2014-01-04 15:30', 1310003673, NULL, NULL, 'NSY', 'NSY', 'NSY', NULL),
(1310181588, 23243, 23144, '2014-01-04 15:30', 1310003673, NULL, NULL, 'NSY', 'NSY', 'NSY', NULL),
(1310181587, 2334, 23247, '2014-01-04 15:30', 1310003673, NULL, NULL, 'NSY', 'NSY', 'NSY', NULL),
(1310181586, 1380, 1319, '2014-01-04 15:30', 1310003673, NULL, NULL, 'NSY', 'NSY', 'NSY', NULL),
(1310181585, 23175, 23140, '2014-01-04 15:30', 1310003673, NULL, NULL, 'NSY', 'NSY', 'NSY', NULL),
(1310189432, 737, 1310001183, '2014-01-04 18:30', 1310003740, NULL, NULL, 'NSY', 'NSY', 'NSY', NULL),
(1310189434, 4322, 23045, '2014-01-04 16:15', 1310003740, NULL, NULL, 'NSY', 'NSY', 'NSY', NULL),
(1310189428, 1682, 26596, '2014-01-04 14:00', 1310003740, NULL, '0:1', 'inprogress', '27', '1st half', NULL),
(1310207730, 1310003035, 1310002993, '2014-01-04 14:00', 1310003956, NULL, '1:0', 'inprogress', '27', '1st half', NULL),
(1310207914, 1310001242, 2760, '2014-01-04 14:00', 1310003957, NULL, '0:2', 'inprogress', '27', '1st half', NULL),
(1310207912, 1310001227, 1681, '2014-01-04 14:00', 1310003957, NULL, '0:1', 'inprogress', '27', '1st half', NULL),
(1310171586, 825, 896, '2014-01-04 16:00', 1310003541, NULL, NULL, 'NSY', 'NSY', 'NSY', NULL),
(1310171585, 688, 550, '2014-01-04 13:45', 1310003541, NULL, NULL, 'Postponed', 'Postponed', 'Postponed', NULL),
(1310215231, 251, 947, '2014-01-04 18:15', 1310003704, NULL, NULL, 'NSY', 'NSY', 'NSY', NULL),
(1310215212, 672, 541, '2014-01-04 16:00', 1310003704, NULL, NULL, 'NSY', 'NSY', 'NSY', NULL),
(1310215211, 885, 675, '2014-01-04 16:00', 1310003704, NULL, NULL, 'NSY', 'NSY', 'NSY', NULL),
(1310215210, 325, 1011, '2014-01-04 16:00', 1310003704, NULL, NULL, 'NSY', 'NSY', 'NSY', NULL),
(1310215208, 1037, 621, '2014-01-04 16:00', 1310003704, NULL, NULL, 'NSY', 'NSY', 'NSY', NULL),
(1310216204, 274, 387, '2014-01-04 16:00', 1310003704, NULL, NULL, 'NSY', 'NSY', 'NSY', NULL),
(1310215228, 297, 661, '2014-01-04 13:45', 1310003704, NULL, '0:0', 'inprogress', '42', '1st half', NULL);

-- --------------------------------------------------------

--
-- Table structure for table `member`
--

CREATE TABLE IF NOT EXISTS `member` (
  `id` int(11) NOT NULL,
  `name` text,
  `email` text,
  `password` text,
  `other` text,
  PRIMARY KEY (`id`)
) ENGINE=MyISAM DEFAULT CHARSET=utf8;

--
-- Dumping data for table `member`
--

INSERT INTO `member` (`id`, `name`, `email`, `password`, `other`) VALUES
(1, 'test', 'test@gmail.com', 'test', NULL);

-- --------------------------------------------------------

--
-- Table structure for table `team`
--

CREATE TABLE IF NOT EXISTS `team` (
  `id` int(11) NOT NULL,
  `name` text,
  `flag` text,
  `country` text,
  `point` int(11) DEFAULT NULL,
  `game_played` int(11) DEFAULT NULL,
  `won` int(11) DEFAULT NULL,
  `drawn` int(11) DEFAULT NULL,
  `lost` int(11) DEFAULT NULL,
  `goals_forward` int(11) DEFAULT NULL,
  `goals_against` int(11) DEFAULT NULL,
  `goals_diff` int(11) DEFAULT NULL,
  `other` text,
  PRIMARY KEY (`id`)
) ENGINE=MyISAM DEFAULT CHARSET=utf8;

--
-- Dumping data for table `team`
--

INSERT INTO `team` (`id`, `name`, `flag`, `country`, `point`, `game_played`, `won`, `drawn`, `lost`, `goals_forward`, `goals_against`, `goals_diff`, `other`) VALUES
(1001436, 'Hapoel Acre', NULL, NULL, NULL, NULL, NULL, NULL, NULL, NULL, NULL, NULL, NULL),
(25599, 'Hapoel Beer Sheva', NULL, NULL, NULL, NULL, NULL, NULL, NULL, NULL, NULL, NULL, NULL),
(28355, 'Hapoel Ironi Kiryat Shmona', NULL, NULL, NULL, NULL, NULL, NULL, NULL, NULL, NULL, NULL, NULL),
(2963, 'Ashdod FC', NULL, NULL, NULL, NULL, NULL, NULL, NULL, NULL, NULL, NULL, NULL),
(26921, 'Bnei Yehuda Tel Aviv', NULL, NULL, NULL, NULL, NULL, NULL, NULL, NULL, NULL, NULL, NULL),
(28283, 'Bnei Sachnin', NULL, NULL, NULL, NULL, NULL, NULL, NULL, NULL, NULL, NULL, NULL),
(1310000889, 'Ironi Nir Ramat HaSharon', NULL, NULL, NULL, NULL, NULL, NULL, NULL, NULL, NULL, NULL, NULL),
(30756, 'Hapoel Raanana', NULL, NULL, NULL, NULL, NULL, NULL, NULL, NULL, NULL, NULL, NULL),
(523, 'Hapoel Tel Aviv', NULL, NULL, NULL, NULL, NULL, NULL, NULL, NULL, NULL, NULL, NULL),
(25749, 'Maccabi Petach Tikva', NULL, NULL, NULL, NULL, NULL, NULL, NULL, NULL, NULL, NULL, NULL),
(2444, 'Univ. de Chile', NULL, NULL, NULL, NULL, NULL, NULL, NULL, NULL, NULL, NULL, NULL),
(24234, 'Rangers', NULL, NULL, NULL, NULL, NULL, NULL, NULL, NULL, NULL, NULL, NULL),
(2224, 'Cobreloa', NULL, NULL, NULL, NULL, NULL, NULL, NULL, NULL, NULL, NULL, NULL),
(2219, 'Univ. Conce', NULL, NULL, NULL, NULL, NULL, NULL, NULL, NULL, NULL, NULL, NULL),
(25492, 'Everton CD', NULL, NULL, NULL, NULL, NULL, NULL, NULL, NULL, NULL, NULL, NULL),
(24229, 'Palestino', NULL, NULL, NULL, NULL, NULL, NULL, NULL, NULL, NULL, NULL, NULL),
(24226, 'Huachipato', NULL, NULL, NULL, NULL, NULL, NULL, NULL, NULL, NULL, NULL, NULL),
(2878, 'Santiago Wanderers', NULL, NULL, NULL, NULL, NULL, NULL, NULL, NULL, NULL, NULL, NULL),
(2844, 'Valenciennes', NULL, NULL, NULL, NULL, NULL, NULL, NULL, NULL, NULL, NULL, NULL),
(807, 'Rennes', NULL, NULL, NULL, NULL, NULL, NULL, NULL, NULL, NULL, NULL, NULL),
(878, 'Sochaux', NULL, NULL, NULL, NULL, NULL, NULL, NULL, NULL, NULL, NULL, NULL),
(1310004950, 'Bressuire', NULL, NULL, NULL, NULL, NULL, NULL, NULL, NULL, NULL, NULL, NULL),
(948, 'Toulouse', NULL, NULL, NULL, NULL, NULL, NULL, NULL, NULL, NULL, NULL, NULL),
(26007, 'Romorantin', NULL, NULL, NULL, NULL, NULL, NULL, NULL, NULL, NULL, NULL, NULL),
(2013, 'Concarneau', NULL, NULL, NULL, NULL, NULL, NULL, NULL, NULL, NULL, NULL, NULL),
(25465, 'Poissy', NULL, NULL, NULL, NULL, NULL, NULL, NULL, NULL, NULL, NULL, NULL),
(25468, 'Plabennec', NULL, NULL, NULL, NULL, NULL, NULL, NULL, NULL, NULL, NULL, NULL),
(27936, 'Les Herbiers', NULL, NULL, NULL, NULL, NULL, NULL, NULL, NULL, NULL, NULL, NULL),
(1354, 'Beauvais', NULL, NULL, NULL, NULL, NULL, NULL, NULL, NULL, NULL, NULL, NULL),
(2074, 'Boulogne', NULL, NULL, NULL, NULL, NULL, NULL, NULL, NULL, NULL, NULL, NULL),
(640, 'Lorient', NULL, NULL, NULL, NULL, NULL, NULL, NULL, NULL, NULL, NULL, NULL),
(2857, 'Yzeure', NULL, NULL, NULL, NULL, NULL, NULL, NULL, NULL, NULL, NULL, NULL),
(25471, 'Moulins', NULL, NULL, NULL, NULL, NULL, NULL, NULL, NULL, NULL, NULL, NULL),
(27945, 'Magny', NULL, NULL, NULL, NULL, NULL, NULL, NULL, NULL, NULL, NULL, NULL),
(4434, 'Dijon', NULL, NULL, NULL, NULL, NULL, NULL, NULL, NULL, NULL, NULL, NULL),
(1310001229, 'Aubagne FC', NULL, NULL, NULL, NULL, NULL, NULL, NULL, NULL, NULL, NULL, NULL),
(26622, 'Bastia CA', NULL, NULL, NULL, NULL, NULL, NULL, NULL, NULL, NULL, NULL, NULL),
(2009, 'La Roche', NULL, NULL, NULL, NULL, NULL, NULL, NULL, NULL, NULL, NULL, NULL),
(1353, 'Angers', NULL, NULL, NULL, NULL, NULL, NULL, NULL, NULL, NULL, NULL, NULL),
(1310001269, 'Chambly', NULL, NULL, NULL, NULL, NULL, NULL, NULL, NULL, NULL, NULL, NULL),
(390, 'Creteil', NULL, NULL, NULL, NULL, NULL, NULL, NULL, NULL, NULL, NULL, NULL),
(2063, 'Jura Sud', NULL, NULL, NULL, NULL, NULL, NULL, NULL, NULL, NULL, NULL, NULL),
(2390, 'Istres', NULL, NULL, NULL, NULL, NULL, NULL, NULL, NULL, NULL, NULL, NULL),
(1310004981, 'Monts Or Azergues', NULL, NULL, NULL, NULL, NULL, NULL, NULL, NULL, NULL, NULL, NULL),
(339, 'Caen', NULL, NULL, NULL, NULL, NULL, NULL, NULL, NULL, NULL, NULL, NULL),
(27962, 'Pontarlier', NULL, NULL, NULL, NULL, NULL, NULL, NULL, NULL, NULL, NULL, NULL),
(711, 'Niort', NULL, NULL, NULL, NULL, NULL, NULL, NULL, NULL, NULL, NULL, NULL),
(25997, 'Epinal', NULL, NULL, NULL, NULL, NULL, NULL, NULL, NULL, NULL, NULL, NULL),
(894, 'St.Etienne', NULL, NULL, NULL, NULL, NULL, NULL, NULL, NULL, NULL, NULL, NULL),
(344, 'Cannes', NULL, NULL, NULL, NULL, NULL, NULL, NULL, NULL, NULL, NULL, NULL),
(613, 'Lens', NULL, NULL, NULL, NULL, NULL, NULL, NULL, NULL, NULL, NULL, NULL),
(26000, 'Avranches', NULL, NULL, NULL, NULL, NULL, NULL, NULL, NULL, NULL, NULL, NULL),
(24195, 'Guadalajara (Chivas)', NULL, NULL, NULL, NULL, NULL, NULL, NULL, NULL, NULL, NULL, NULL),
(2436, 'Santos', NULL, NULL, NULL, NULL, NULL, NULL, NULL, NULL, NULL, NULL, NULL),
(26974, 'Queretaro', NULL, NULL, NULL, NULL, NULL, NULL, NULL, NULL, NULL, NULL, NULL),
(24189, 'Morelia', NULL, NULL, NULL, NULL, NULL, NULL, NULL, NULL, NULL, NULL, NULL),
(2415, 'Ermis Aradippou', NULL, NULL, NULL, NULL, NULL, NULL, NULL, NULL, NULL, NULL, NULL),
(2422, 'Alki', NULL, NULL, NULL, NULL, NULL, NULL, NULL, NULL, NULL, NULL, NULL),
(2421, 'AEK Larnaca', NULL, NULL, NULL, NULL, NULL, NULL, NULL, NULL, NULL, NULL, NULL),
(2417, 'Ethnikos Achna', NULL, NULL, NULL, NULL, NULL, NULL, NULL, NULL, NULL, NULL, NULL),
(1242, 'Nea Salamina', NULL, NULL, NULL, NULL, NULL, NULL, NULL, NULL, NULL, NULL, NULL),
(1310004093, 'AE Kouklia', NULL, NULL, NULL, NULL, NULL, NULL, NULL, NULL, NULL, NULL, NULL),
(241, 'Anorthosis Famagusta', NULL, NULL, NULL, NULL, NULL, NULL, NULL, NULL, NULL, NULL, NULL),
(2414, 'Apollon Limassol', NULL, NULL, NULL, NULL, NULL, NULL, NULL, NULL, NULL, NULL, NULL),
(2424, 'AEL Limassol', NULL, NULL, NULL, NULL, NULL, NULL, NULL, NULL, NULL, NULL, NULL),
(244, 'APOEL Nicosia', NULL, NULL, NULL, NULL, NULL, NULL, NULL, NULL, NULL, NULL, NULL),
(27597, 'Brisbane Olympic United', NULL, NULL, NULL, NULL, NULL, NULL, NULL, NULL, NULL, NULL, NULL),
(27594, 'Melbourne Victory', NULL, NULL, NULL, NULL, NULL, NULL, NULL, NULL, NULL, NULL, NULL),
(27596, 'Perth Glory', NULL, NULL, NULL, NULL, NULL, NULL, NULL, NULL, NULL, NULL, NULL),
(27595, 'Newcastle Jets', NULL, NULL, NULL, NULL, NULL, NULL, NULL, NULL, NULL, NULL, NULL),
(834, 'Salernitana', NULL, NULL, NULL, NULL, NULL, NULL, NULL, NULL, NULL, NULL, NULL),
(602, 'Lecce', NULL, NULL, NULL, NULL, NULL, NULL, NULL, NULL, NULL, NULL, NULL),
(2001, 'Granada', NULL, NULL, NULL, NULL, NULL, NULL, NULL, NULL, NULL, NULL, NULL),
(3077, 'Almeria', NULL, NULL, NULL, NULL, NULL, NULL, NULL, NULL, NULL, NULL, NULL),
(617, 'Levante', NULL, NULL, NULL, NULL, NULL, NULL, NULL, NULL, NULL, NULL, NULL),
(978, 'Valencia', NULL, NULL, NULL, NULL, NULL, NULL, NULL, NULL, NULL, NULL, NULL),
(292, 'Betis', NULL, NULL, NULL, NULL, NULL, NULL, NULL, NULL, NULL, NULL, NULL),
(980, 'Valladolid', NULL, NULL, NULL, NULL, NULL, NULL, NULL, NULL, NULL, NULL, NULL),
(258, 'Atletico Madrid', NULL, NULL, NULL, NULL, NULL, NULL, NULL, NULL, NULL, NULL, NULL),
(657, 'Malaga', NULL, NULL, NULL, NULL, NULL, NULL, NULL, NULL, NULL, NULL, NULL),
(658, 'Mallorca', NULL, NULL, NULL, NULL, NULL, NULL, NULL, NULL, NULL, NULL, NULL),
(595, 'Las Palmas', NULL, NULL, NULL, NULL, NULL, NULL, NULL, NULL, NULL, NULL, NULL),
(804, 'Recreativo Huelva', NULL, NULL, NULL, NULL, NULL, NULL, NULL, NULL, NULL, NULL, NULL),
(381, 'Cordoba', NULL, NULL, NULL, NULL, NULL, NULL, NULL, NULL, NULL, NULL, NULL),
(933, 'Tenerife', NULL, NULL, NULL, NULL, NULL, NULL, NULL, NULL, NULL, NULL, NULL),
(1586, 'Murcia', NULL, NULL, NULL, NULL, NULL, NULL, NULL, NULL, NULL, NULL, NULL),
(24415, 'Mirandes', NULL, NULL, NULL, NULL, NULL, NULL, NULL, NULL, NULL, NULL, NULL),
(533, 'Hercules', NULL, NULL, NULL, NULL, NULL, NULL, NULL, NULL, NULL, NULL, NULL),
(26341, 'Real M. (B)', NULL, NULL, NULL, NULL, NULL, NULL, NULL, NULL, NULL, NULL, NULL),
(24410, 'Sabadell', NULL, NULL, NULL, NULL, NULL, NULL, NULL, NULL, NULL, NULL, NULL),
(223, 'Alaves', NULL, NULL, NULL, NULL, NULL, NULL, NULL, NULL, NULL, NULL, NULL),
(723, 'Numancia', NULL, NULL, NULL, NULL, NULL, NULL, NULL, NULL, NULL, NULL, NULL),
(436, 'Eibar', NULL, NULL, NULL, NULL, NULL, NULL, NULL, NULL, NULL, NULL, NULL),
(27093, 'Lugo', NULL, NULL, NULL, NULL, NULL, NULL, NULL, NULL, NULL, NULL, NULL),
(1100000000, 'Portadown', NULL, NULL, NULL, NULL, NULL, NULL, NULL, NULL, NULL, NULL, NULL),
(1402, 'Glentoran', NULL, NULL, NULL, NULL, NULL, NULL, NULL, NULL, NULL, NULL, NULL),
(1310002299, 'Ards', NULL, NULL, NULL, NULL, NULL, NULL, NULL, NULL, NULL, NULL, NULL),
(1403, 'Coleraine', NULL, NULL, NULL, NULL, NULL, NULL, NULL, NULL, NULL, NULL, NULL),
(1310001432, 'Ballinamallard United', NULL, NULL, NULL, NULL, NULL, NULL, NULL, NULL, NULL, NULL, NULL),
(25609, 'Ballymena United', NULL, NULL, NULL, NULL, NULL, NULL, NULL, NULL, NULL, NULL, NULL),
(1100000021, 'Linfield FC', NULL, NULL, NULL, NULL, NULL, NULL, NULL, NULL, NULL, NULL, NULL),
(1310002319, 'Warrenpoint Town', NULL, NULL, NULL, NULL, NULL, NULL, NULL, NULL, NULL, NULL, NULL),
(23147, 'Bala Town', NULL, NULL, NULL, NULL, NULL, NULL, NULL, NULL, NULL, NULL, NULL),
(23254, 'Rhyl', NULL, NULL, NULL, NULL, NULL, NULL, NULL, NULL, NULL, NULL, NULL),
(23144, 'Airbus UK', NULL, NULL, NULL, NULL, NULL, NULL, NULL, NULL, NULL, NULL, NULL),
(23243, 'Port Talbot', NULL, NULL, NULL, NULL, NULL, NULL, NULL, NULL, NULL, NULL, NULL),
(23247, 'Prestatyn Town FC', NULL, NULL, NULL, NULL, NULL, NULL, NULL, NULL, NULL, NULL, NULL),
(2334, 'Carmarthen', NULL, NULL, NULL, NULL, NULL, NULL, NULL, NULL, NULL, NULL, NULL),
(1319, 'TNS', NULL, NULL, NULL, NULL, NULL, NULL, NULL, NULL, NULL, NULL, NULL),
(1380, 'Bangor City', NULL, NULL, NULL, NULL, NULL, NULL, NULL, NULL, NULL, NULL, NULL),
(23140, 'Aberystwyth', NULL, NULL, NULL, NULL, NULL, NULL, NULL, NULL, NULL, NULL, NULL),
(23175, 'Connahs Quay', NULL, NULL, NULL, NULL, NULL, NULL, NULL, NULL, NULL, NULL, NULL),
(1310001183, 'AEL Kalloni', NULL, NULL, NULL, NULL, NULL, NULL, NULL, NULL, NULL, NULL, NULL),
(737, 'Olympiakos', NULL, NULL, NULL, NULL, NULL, NULL, NULL, NULL, NULL, NULL, NULL),
(23045, 'Atromitos', NULL, NULL, NULL, NULL, NULL, NULL, NULL, NULL, NULL, NULL, NULL),
(4322, 'Ergotelis', NULL, NULL, NULL, NULL, NULL, NULL, NULL, NULL, NULL, NULL, NULL),
(26596, 'Asteras Tripolis', NULL, NULL, NULL, NULL, NULL, NULL, NULL, NULL, NULL, NULL, NULL),
(1682, 'Giannina', NULL, NULL, NULL, NULL, NULL, NULL, NULL, NULL, NULL, NULL, NULL),
(1310002993, 'Ethnikos Gazoros', NULL, NULL, NULL, NULL, NULL, NULL, NULL, NULL, NULL, NULL, NULL),
(1310003035, 'Aiginiakos', NULL, NULL, NULL, NULL, NULL, NULL, NULL, NULL, NULL, NULL, NULL),
(2760, 'Olymp. Volou', NULL, NULL, NULL, NULL, NULL, NULL, NULL, NULL, NULL, NULL, NULL),
(1310001242, 'Glyfada FC', NULL, NULL, NULL, NULL, NULL, NULL, NULL, NULL, NULL, NULL, NULL),
(1681, 'Panahaiki', NULL, NULL, NULL, NULL, NULL, NULL, NULL, NULL, NULL, NULL, NULL),
(1310001227, 'Asteras Magoulas', NULL, NULL, NULL, NULL, NULL, NULL, NULL, NULL, NULL, NULL, NULL),
(896, 'St.Johnstone', NULL, NULL, NULL, NULL, NULL, NULL, NULL, NULL, NULL, NULL, NULL),
(825, 'Ross County', NULL, NULL, NULL, NULL, NULL, NULL, NULL, NULL, NULL, NULL, NULL),
(550, 'Inverness', NULL, NULL, NULL, NULL, NULL, NULL, NULL, NULL, NULL, NULL, NULL),
(688, 'Motherwell', NULL, NULL, NULL, NULL, NULL, NULL, NULL, NULL, NULL, NULL, NULL),
(454, 'Falkirk', NULL, NULL, NULL, NULL, NULL, NULL, NULL, NULL, NULL, NULL, NULL),
(630, 'Livingston', NULL, NULL, NULL, NULL, NULL, NULL, NULL, NULL, NULL, NULL, NULL),
(792, 'Queen of South', NULL, NULL, NULL, NULL, NULL, NULL, NULL, NULL, NULL, NULL, NULL),
(518, 'Hamilton', NULL, NULL, NULL, NULL, NULL, NULL, NULL, NULL, NULL, NULL, NULL),
(686, 'Morton', NULL, NULL, NULL, NULL, NULL, NULL, NULL, NULL, NULL, NULL, NULL),
(426, 'Dumbarton', NULL, NULL, NULL, NULL, NULL, NULL, NULL, NULL, NULL, NULL, NULL),
(266, 'Ayr', NULL, NULL, NULL, NULL, NULL, NULL, NULL, NULL, NULL, NULL, NULL),
(913, 'Stranraer', NULL, NULL, NULL, NULL, NULL, NULL, NULL, NULL, NULL, NULL, NULL),
(435, 'East Stirling', NULL, NULL, NULL, NULL, NULL, NULL, NULL, NULL, NULL, NULL, NULL),
(909, 'Stirling A.', NULL, NULL, NULL, NULL, NULL, NULL, NULL, NULL, NULL, NULL, NULL),
(793, 'Queens Park', NULL, NULL, NULL, NULL, NULL, NULL, NULL, NULL, NULL, NULL, NULL),
(374, 'Clyde', NULL, NULL, NULL, NULL, NULL, NULL, NULL, NULL, NULL, NULL, NULL),
(226, 'Albion R.', NULL, NULL, NULL, NULL, NULL, NULL, NULL, NULL, NULL, NULL, NULL),
(27187, 'Annan Athletic', NULL, NULL, NULL, NULL, NULL, NULL, NULL, NULL, NULL, NULL, NULL),
(2888, 'Jordan', NULL, NULL, NULL, NULL, NULL, NULL, NULL, NULL, NULL, NULL, NULL),
(2873, 'Bahrain', NULL, NULL, NULL, NULL, NULL, NULL, NULL, NULL, NULL, NULL, NULL),
(1619, 'Kuwait', NULL, NULL, NULL, NULL, NULL, NULL, NULL, NULL, NULL, NULL, NULL),
(1719, 'Qatar', NULL, NULL, NULL, NULL, NULL, NULL, NULL, NULL, NULL, NULL, NULL),
(29467, 'Talinna Kalev', NULL, NULL, NULL, NULL, NULL, NULL, NULL, NULL, NULL, NULL, NULL),
(1310001222, 'Tallinna FC Infonet', NULL, NULL, NULL, NULL, NULL, NULL, NULL, NULL, NULL, NULL, NULL),
(1310001926, 'Braga B', NULL, NULL, NULL, NULL, NULL, NULL, NULL, NULL, NULL, NULL, NULL),
(362, 'Chaves', NULL, NULL, NULL, NULL, NULL, NULL, NULL, NULL, NULL, NULL, NULL),
(30485, 'Tondela', NULL, NULL, NULL, NULL, NULL, NULL, NULL, NULL, NULL, NULL, NULL),
(1310001924, 'Maritimo B', NULL, NULL, NULL, NULL, NULL, NULL, NULL, NULL, NULL, NULL, NULL),
(490, 'Gil Vicente', NULL, NULL, NULL, NULL, NULL, NULL, NULL, NULL, NULL, NULL, NULL),
(289, 'Benfica', NULL, NULL, NULL, NULL, NULL, NULL, NULL, NULL, NULL, NULL, NULL),
(1958, 'Atletico', NULL, NULL, NULL, NULL, NULL, NULL, NULL, NULL, NULL, NULL, NULL),
(780, 'FC Porto', NULL, NULL, NULL, NULL, NULL, NULL, NULL, NULL, NULL, NULL, NULL),
(858, 'Setubal', NULL, NULL, NULL, NULL, NULL, NULL, NULL, NULL, NULL, NULL, NULL),
(814, 'Rio Ave', NULL, NULL, NULL, NULL, NULL, NULL, NULL, NULL, NULL, NULL, NULL),
(1961, 'Estoril', NULL, NULL, NULL, NULL, NULL, NULL, NULL, NULL, NULL, NULL, NULL),
(2091, 'Leixoes', NULL, NULL, NULL, NULL, NULL, NULL, NULL, NULL, NULL, NULL, NULL),
(1817, 'Aldershot', NULL, NULL, NULL, NULL, NULL, NULL, NULL, NULL, NULL, NULL, NULL),
(1032, 'Wrexham', NULL, NULL, NULL, NULL, NULL, NULL, NULL, NULL, NULL, NULL, NULL),
(534, 'Hereford', NULL, NULL, NULL, NULL, NULL, NULL, NULL, NULL, NULL, NULL, NULL),
(1387, 'Woking', NULL, NULL, NULL, NULL, NULL, NULL, NULL, NULL, NULL, NULL, NULL),
(26582, 'Braintree Town', NULL, NULL, NULL, NULL, NULL, NULL, NULL, NULL, NULL, NULL, NULL),
(2789, 'Welling', NULL, NULL, NULL, NULL, NULL, NULL, NULL, NULL, NULL, NULL, NULL),
(515, 'Halifax', NULL, NULL, NULL, NULL, NULL, NULL, NULL, NULL, NULL, NULL, NULL),
(2790, 'Tamworth', NULL, NULL, NULL, NULL, NULL, NULL, NULL, NULL, NULL, NULL, NULL),
(724, 'Nuneaton', NULL, NULL, NULL, NULL, NULL, NULL, NULL, NULL, NULL, NULL, NULL),
(1390, 'Southport', NULL, NULL, NULL, NULL, NULL, NULL, NULL, NULL, NULL, NULL, NULL),
(26053, 'Hyde FC', NULL, NULL, NULL, NULL, NULL, NULL, NULL, NULL, NULL, NULL, NULL),
(1890, 'Gateshead', NULL, NULL, NULL, NULL, NULL, NULL, NULL, NULL, NULL, NULL, NULL),
(24475, 'Salisbury City', NULL, NULL, NULL, NULL, NULL, NULL, NULL, NULL, NULL, NULL, NULL),
(468, 'Forest Green', NULL, NULL, NULL, NULL, NULL, NULL, NULL, NULL, NULL, NULL, NULL),
(25944, 'Alfreton', NULL, NULL, NULL, NULL, NULL, NULL, NULL, NULL, NULL, NULL, NULL),
(273, 'Barnet', NULL, NULL, NULL, NULL, NULL, NULL, NULL, NULL, NULL, NULL, NULL),
(648, 'Luton', NULL, NULL, NULL, NULL, NULL, NULL, NULL, NULL, NULL, NULL, NULL),
(627, 'Lincoln', NULL, NULL, NULL, NULL, NULL, NULL, NULL, NULL, NULL, NULL, NULL),
(952, 'Tranmere', NULL, NULL, NULL, NULL, NULL, NULL, NULL, NULL, NULL, NULL, NULL),
(4364, 'Crawley', NULL, NULL, NULL, NULL, NULL, NULL, NULL, NULL, NULL, NULL, NULL),
(321, 'Brentford', NULL, NULL, NULL, NULL, NULL, NULL, NULL, NULL, NULL, NULL, NULL),
(333, 'Bury', NULL, NULL, NULL, NULL, NULL, NULL, NULL, NULL, NULL, NULL, NULL),
(326, 'Bristol R.', NULL, NULL, NULL, NULL, NULL, NULL, NULL, NULL, NULL, NULL, NULL),
(855, 'Scunthorpe', NULL, NULL, NULL, NULL, NULL, NULL, NULL, NULL, NULL, NULL, NULL),
(24002, 'Accrington', NULL, NULL, NULL, NULL, NULL, NULL, NULL, NULL, NULL, NULL, NULL),
(781, 'Portsmouth', NULL, NULL, NULL, NULL, NULL, NULL, NULL, NULL, NULL, NULL, NULL),
(368, 'Chesterfield', NULL, NULL, NULL, NULL, NULL, NULL, NULL, NULL, NULL, NULL, NULL),
(364, 'Cheltenham', NULL, NULL, NULL, NULL, NULL, NULL, NULL, NULL, NULL, NULL, NULL),
(663, 'Mansfield', NULL, NULL, NULL, NULL, NULL, NULL, NULL, NULL, NULL, NULL, NULL),
(450, 'Exeter', NULL, NULL, NULL, NULL, NULL, NULL, NULL, NULL, NULL, NULL, NULL),
(1389, 'Dag and Red', NULL, NULL, NULL, NULL, NULL, NULL, NULL, NULL, NULL, NULL, NULL),
(1039, 'York', NULL, NULL, NULL, NULL, NULL, NULL, NULL, NULL, NULL, NULL, NULL),
(685, 'Morecambe', NULL, NULL, NULL, NULL, NULL, NULL, NULL, NULL, NULL, NULL, NULL),
(946, 'Torquay', NULL, NULL, NULL, NULL, NULL, NULL, NULL, NULL, NULL, NULL, NULL),
(716, 'Northampton', NULL, NULL, NULL, NULL, NULL, NULL, NULL, NULL, NULL, NULL, NULL),
(2786, 'Newport', NULL, NULL, NULL, NULL, NULL, NULL, NULL, NULL, NULL, NULL, NULL),
(26624, 'AFC Wimbledon', NULL, NULL, NULL, NULL, NULL, NULL, NULL, NULL, NULL, NULL, NULL),
(1033, 'Wycombe', NULL, NULL, NULL, NULL, NULL, NULL, NULL, NULL, NULL, NULL, NULL),
(345, 'Cardiff', NULL, NULL, NULL, NULL, NULL, NULL, NULL, NULL, NULL, NULL, NULL),
(707, 'Newcastle', NULL, NULL, NULL, NULL, NULL, NULL, NULL, NULL, NULL, NULL, NULL),
(331, 'Burnley', NULL, NULL, NULL, NULL, NULL, NULL, NULL, NULL, NULL, NULL, NULL),
(884, 'Southampton', NULL, NULL, NULL, NULL, NULL, NULL, NULL, NULL, NULL, NULL, NULL),
(609, 'Leicester', NULL, NULL, NULL, NULL, NULL, NULL, NULL, NULL, NULL, NULL, NULL),
(912, 'Stoke City', NULL, NULL, NULL, NULL, NULL, NULL, NULL, NULL, NULL, NULL, NULL),
(907, 'Stevenage', NULL, NULL, NULL, NULL, NULL, NULL, NULL, NULL, NULL, NULL, NULL),
(415, 'Doncaster', NULL, NULL, NULL, NULL, NULL, NULL, NULL, NULL, NULL, NULL, NULL),
(768, 'Peterboro', NULL, NULL, NULL, NULL, NULL, NULL, NULL, NULL, NULL, NULL, NULL),
(578, 'Kidderminster', NULL, NULL, NULL, NULL, NULL, NULL, NULL, NULL, NULL, NULL, NULL),
(395, 'Crystal Palace', NULL, NULL, NULL, NULL, NULL, NULL, NULL, NULL, NULL, NULL, NULL),
(1014, 'West Bromwich', NULL, NULL, NULL, NULL, NULL, NULL, NULL, NULL, NULL, NULL, NULL),
(862, 'Sheffield W', NULL, NULL, NULL, NULL, NULL, NULL, NULL, NULL, NULL, NULL, NULL),
(654, 'Macclesfield', NULL, NULL, NULL, NULL, NULL, NULL, NULL, NULL, NULL, NULL, NULL),
(861, 'Sheffield U', NULL, NULL, NULL, NULL, NULL, NULL, NULL, NULL, NULL, NULL, NULL),
(254, 'Aston Villa', NULL, NULL, NULL, NULL, NULL, NULL, NULL, NULL, NULL, NULL, NULL),
(477, 'Fulham', NULL, NULL, NULL, NULL, NULL, NULL, NULL, NULL, NULL, NULL, NULL),
(718, 'Norwich', NULL, NULL, NULL, NULL, NULL, NULL, NULL, NULL, NULL, NULL, NULL),
(748, 'Oxford', NULL, NULL, NULL, NULL, NULL, NULL, NULL, NULL, NULL, NULL, NULL),
(360, 'Charlton', NULL, NULL, NULL, NULL, NULL, NULL, NULL, NULL, NULL, NULL, NULL),
(25657, 'Milton Keynes Dons', NULL, NULL, NULL, NULL, NULL, NULL, NULL, NULL, NULL, NULL, NULL),
(1022, 'Wigan Athletic', NULL, NULL, NULL, NULL, NULL, NULL, NULL, NULL, NULL, NULL, NULL),
(605, 'Leeds', NULL, NULL, NULL, NULL, NULL, NULL, NULL, NULL, NULL, NULL, NULL),
(818, 'Rochdale', NULL, NULL, NULL, NULL, NULL, NULL, NULL, NULL, NULL, NULL, NULL),
(1891, 'Burton', NULL, NULL, NULL, NULL, NULL, NULL, NULL, NULL, NULL, NULL, NULL),
(311, 'Bournemouth', NULL, NULL, NULL, NULL, NULL, NULL, NULL, NULL, NULL, NULL, NULL),
(783, 'Preston', NULL, NULL, NULL, NULL, NULL, NULL, NULL, NULL, NULL, NULL, NULL),
(552, 'Ipswich', NULL, NULL, NULL, NULL, NULL, NULL, NULL, NULL, NULL, NULL, NULL),
(540, 'Huddersfield', NULL, NULL, NULL, NULL, NULL, NULL, NULL, NULL, NULL, NULL, NULL),
(502, 'Grimsby', NULL, NULL, NULL, NULL, NULL, NULL, NULL, NULL, NULL, NULL, NULL),
(802, 'Reading', NULL, NULL, NULL, NULL, NULL, NULL, NULL, NULL, NULL, NULL, NULL),
(324, 'Brighton', NULL, NULL, NULL, NULL, NULL, NULL, NULL, NULL, NULL, NULL, NULL),
(791, 'Queens Park Rangers', NULL, NULL, NULL, NULL, NULL, NULL, NULL, NULL, NULL, NULL, NULL),
(449, 'Everton', NULL, NULL, NULL, NULL, NULL, NULL, NULL, NULL, NULL, NULL, NULL),
(298, 'Blackpool', NULL, NULL, NULL, NULL, NULL, NULL, NULL, NULL, NULL, NULL, NULL),
(308, 'Bolton Wanderers', NULL, NULL, NULL, NULL, NULL, NULL, NULL, NULL, NULL, NULL, NULL),
(947, 'Tottenham', NULL, NULL, NULL, NULL, NULL, NULL, NULL, NULL, NULL, NULL, NULL),
(251, 'Arsenal', NULL, NULL, NULL, NULL, NULL, NULL, NULL, NULL, NULL, NULL, NULL),
(541, 'Hull City', NULL, NULL, NULL, NULL, NULL, NULL, NULL, NULL, NULL, NULL, NULL),
(672, 'Middlesbrough', NULL, NULL, NULL, NULL, NULL, NULL, NULL, NULL, NULL, NULL, NULL),
(675, 'Millwall', NULL, NULL, NULL, NULL, NULL, NULL, NULL, NULL, NULL, NULL, NULL),
(885, 'Southend', NULL, NULL, NULL, NULL, NULL, NULL, NULL, NULL, NULL, NULL, NULL),
(1011, 'Watford', NULL, NULL, NULL, NULL, NULL, NULL, NULL, NULL, NULL, NULL, NULL),
(325, 'Bristol C.', NULL, NULL, NULL, NULL, NULL, NULL, NULL, NULL, NULL, NULL, NULL),
(621, 'L.Orient', NULL, NULL, NULL, NULL, NULL, NULL, NULL, NULL, NULL, NULL, NULL),
(1037, 'Yeovil', NULL, NULL, NULL, NULL, NULL, NULL, NULL, NULL, NULL, NULL, NULL),
(387, 'Coventry', NULL, NULL, NULL, NULL, NULL, NULL, NULL, NULL, NULL, NULL, NULL),
(274, 'Barnsley', NULL, NULL, NULL, NULL, NULL, NULL, NULL, NULL, NULL, NULL, NULL),
(661, 'Manchester City', NULL, NULL, NULL, NULL, NULL, NULL, NULL, NULL, NULL, NULL, NULL),
(297, 'Blackburn Rovers', NULL, NULL, NULL, NULL, NULL, NULL, NULL, NULL, NULL, NULL, NULL);

-- --------------------------------------------------------

--
-- Table structure for table `tip`
--

CREATE TABLE IF NOT EXISTS `tip` (
  `id` int(11) NOT NULL AUTO_INCREMENT,
  `match_id` int(11) NOT NULL,
  `tip` varchar(255) NOT NULL,
  `odds` varchar(255) NOT NULL COMMENT 'over 20',
  `tip_who_id` int(11) NOT NULL,
  PRIMARY KEY (`id`)
) ENGINE=MyISAM  DEFAULT CHARSET=utf8 AUTO_INCREMENT=5 ;

--
-- Dumping data for table `tip`
--

INSERT INTO `tip` (`id`, `match_id`, `tip`, `odds`, `tip_who_id`) VALUES
(4, 1310185514, 'Hapoel Beer Sheva', '1.55 or 11/20', 1),
(3, 1310185514, 'Hapoel Acre', '2.25 or 5/4', 7);

-- --------------------------------------------------------

--
-- Table structure for table `tip_who`
--

CREATE TABLE IF NOT EXISTS `tip_who` (
  `id` int(11) NOT NULL AUTO_INCREMENT,
  `name` varchar(255) NOT NULL,
  `description` text NOT NULL,
  `other` text NOT NULL COMMENT 'img,...',
  PRIMARY KEY (`id`)
) ENGINE=MyISAM  DEFAULT CHARSET=utf8 AUTO_INCREMENT=18 ;

--
-- Dumping data for table `tip_who`
--

INSERT INTO `tip_who` (`id`, `name`, `description`, `other`) VALUES
(1, 'Dumbarton', 'football na', ''),
(2, 'O Higgins', 'des1', ''),
(3, 'Hibernian', 'des2', ''),
(4, 'Dundee FC', 'des3', ''),
(5, 'Motherwell', 'des3', ''),
(6, 'Over 2.5 Goals', 'des4', ''),
(7, 'Belenenses', 'des5', ''),
(8, 'Middlesbrough', 'des6', ''),
(9, 'Avellino', 'des7', ''),
(10, 'Aldershot', 'des8', ''),
(11, 'Luton', 'des8', ''),
(15, 'test 1', 'test 2', '');

-- --------------------------------------------------------

--
-- Table structure for table `voteResult`
--

CREATE TABLE IF NOT EXISTS `voteResult` (
  `member_id` int(11) DEFAULT NULL,
  `match_id` int(11) DEFAULT NULL,
  `vote_result` text
) ENGINE=MyISAM DEFAULT CHARSET=utf8;

/*!40101 SET CHARACTER_SET_CLIENT=@OLD_CHARACTER_SET_CLIENT */;
/*!40101 SET CHARACTER_SET_RESULTS=@OLD_CHARACTER_SET_RESULTS */;
/*!40101 SET COLLATION_CONNECTION=@OLD_COLLATION_CONNECTION */;
