-- phpMyAdmin SQL Dump
-- version 4.0.6
-- http://www.phpmyadmin.net
--
-- Host: localhost
-- Generation Time: Jan 10, 2014 at 04:50 AM
-- Server version: 5.5.33
-- PHP Version: 5.5.3

SET SQL_MODE = "NO_AUTO_VALUE_ON_ZERO";
SET time_zone = "+00:00";

--
-- Database: `soccer_tips`
--

-- --------------------------------------------------------

--
-- Table structure for table `country`
--

CREATE TABLE `country` (
  `id` int(11) NOT NULL,
  `name` text,
  `other` text,
  PRIMARY KEY (`id`)
) ENGINE=MyISAM DEFAULT CHARSET=utf8;

--
-- Dumping data for table `country`
--

INSERT INTO `country` (`id`, `name`, `other`) VALUES
(376, 'Israel', NULL),
(152, 'Chile', NULL),
(250, 'France', NULL),
(484, 'Mexico', NULL),
(196, 'Cyprus', NULL),
(36, 'Australia', NULL),
(380, 'Italy', NULL),
(724, 'Spain', NULL),
(919, 'Northern Ireland', NULL),
(925, 'Wales', NULL),
(300, 'Greece', NULL),
(921, 'Scotland', NULL),
(916, 'International', NULL),
(620, 'Portugal', NULL),
(907, 'England', NULL),
(862, 'Venezuela', NULL),
(340, 'Honduras', NULL),
(792, 'Turkey', NULL),
(56, 'Belgium', NULL),
(188, 'Costa Rica', NULL),
(528, 'Netherlands', NULL),
(364, 'Iran', NULL),
(392, 'Japan', NULL),
(76, 'Brazil', NULL),
(68, 'Bolivia', NULL),
(710, 'South Africa', NULL),
(320, 'Guatemala', NULL);

-- --------------------------------------------------------

--
-- Table structure for table `favourite`
--

CREATE TABLE `favourite` (
  `member_id` int(11) DEFAULT NULL,
  `match_id` int(11) DEFAULT NULL
) ENGINE=MyISAM DEFAULT CHARSET=utf8;

-- --------------------------------------------------------

--
-- Table structure for table `goal`
--

CREATE TABLE `goal` (
  `id` int(11) NOT NULL,
  `match_id` int(11) DEFAULT NULL,
  `type` text,
  `team` text,
  `minute` text,
  `name` text,
  `other` text,
  PRIMARY KEY (`id`)
) ENGINE=MyISAM DEFAULT CHARSET=utf8;

--
-- Dumping data for table `goal`
--

INSERT INTO `goal` (`id`, `match_id`, `type`, `team`, `minute`, `name`, `other`) VALUES
(1310564981, 1310190945, 'Goal', '1', '20', 'Cellerino G', NULL),
(1310564985, 1310190945, 'Goal', '2', '39', 'Simón L', NULL),
(1310564984, 1310190945, 'Goal', '1', '30', 'Cellerino G', NULL),
(1310564990, 1310190945, 'Goal', '1', '86', 'Valencia L', NULL),
(1310564983, 1310190945, 'Goal', '1', '26', 'Valencia L', NULL),
(1310564982, 1310190945, 'Goal', '2', '23', 'Llanos David', NULL),
(1310565023, 1310215261, 'Goal', '1', '53', 'Creac''h S', NULL),
(1310565026, 1310215261, 'Own Goal', '2', '90', 'Cabon R', NULL),
(1310565024, 1310215261, 'Goal', '2', '81', 'Coulibaly ', NULL),
(1310565025, 1310215261, 'Goal', '2', '84', 'N''Diaye ', NULL),
(1310565002, 1310216052, 'Goal', '2', '3', 'Bravo O', NULL),
(1310565005, 1310216052, 'Own Goal', '1', '50', 'Castro I', NULL),
(1310564989, 1310216051, 'Goal', '2', '17', 'Martínez M', NULL),
(1310565032, 1310188691, 'Goal', '2', '6', 'Monteiro ', NULL),
(1310565021, 1310165154, 'Goal', '2', '67', 'Petratos D', NULL),
(1310565019, 1310165154, 'Goal', '2', '55', 'McKay M', NULL),
(1310565015, 1310165154, 'Goal', '2', '28', 'Miller L', NULL),
(1310565009, 1310165153, 'Goal', '2', '38', 'Harold C', NULL),
(1310565028, 1310189428, 'Goal', '2', '13', 'Barrales J', NULL),
(1310565031, 1310207914, 'Goal', '2', '12', 'Gurma M', NULL),
(1310566047, 1310194343, 'Goal', '1', '53', 'Mertens Dries', NULL),
(1310566049, 1310194343, 'Goal', '1', '62', 'Mertens Dries', NULL),
(1310566035, 1310216059, 'Goal', '2', '35', 'Peña C', NULL),
(1310566041, 1310216059, 'Goal', '1', '46', 'Viniegra M', NULL),
(1310564889, 1310219089, 'Goal', '2', '18', 'Jesé Rodríguez ', NULL),
(1310565800, 1310181590, 'Goal', '2', '62', 'Boundford L', NULL),
(1310565808, 1310181590, 'Goal', '2', '77', 'Hearsey M', NULL),
(1310565769, 1310181590, 'Goal', '1', '35', 'Hartland C', NULL),
(1310565810, 1310181590, 'Goal', '1', '82', 'Hartland C', NULL),
(1310564555, 1310181584, 'Goal', '1', '35', 'Seargeant C', NULL),
(1310564675, 1310181584, 'Goal', '1', '77', 'Draper  Greg', NULL),
(1310564708, 1310181584, 'Goal', '1', '90', 'Darlington A', NULL),
(1310564682, 1310181584, 'Goal', '1', '81', 'Williams M', NULL),
(1310564681, 1310181584, 'Goal', '2', '78', 'White J', NULL),
(1310564645, 1310181584, 'Goal', '1', '57', 'Jones ', NULL),
(1310564649, 1310181583, 'Penalty', '1', '55', 'McManus ', NULL),
(1310564655, 1310181583, 'Goal', '1', '61', 'Lewis ', NULL),
(1310564596, 1310181583, 'Goal', '2', '44', 'Hessey S', NULL),
(1310565306, 1310185871, 'Goal', '2', '38', 'Piqueti ', NULL),
(1310565279, 1310185871, 'Penalty', '1', '31', 'Luís Pinto ', NULL),
(1310565797, 1310214956, 'Goal', '1', '43', 'Bebé ', NULL),
(1310565836, 1310214956, 'Goal', '2', '72', 'Jaime Poulson ', NULL),
(1310565862, 1310214956, 'Goal', '2', '82', 'Jaime Poulson ', NULL),
(1310565837, 1310214958, 'Goal', '1', '68', 'Héldon ', NULL),
(1310565787, 1310214958, 'Goal', '2', '35', 'Aldair ', NULL),
(1310565778, 1310214958, 'Goal', '2', '26', 'Rafael Lopes ', NULL),
(1310565812, 1310214958, 'Goal', '2', '56', 'Rafael Lopes ', NULL),
(1310565903, 1310214958, 'Own Goal', '1', '12', 'Fábio Ervoes ', NULL),
(1310565781, 1310215167, 'Goal', '2', '25', 'Magique Goualy Judikael', NULL),
(1310566009, 1310214959, 'Goal', '1', '78', 'Rafa Silva ', NULL),
(1310565959, 1310214959, 'Goal', '1', '5', 'Pardo F', NULL),
(1310565406, 1310214957, 'Goal', '1', '24', 'Silvestre Varela ', NULL),
(1310565459, 1310214957, 'Goal', '1', '73', 'Silvestre Varela ', NULL),
(1310565413, 1310214957, 'Goal', '1', '37', 'Defour Steven', NULL),
(1310565448, 1310214957, 'Own Goal', '1', '46', 'Fábio Marinheiro ', NULL),
(1310565460, 1310214957, 'Goal', '1', '75', 'Otamendi Nicolas', NULL),
(1310565464, 1310214957, 'Goal', '1', '90', 'Kelvin ', NULL),
(1310565521, 1310214960, 'Goal', '1', '3', 'Rodrigo ', NULL),
(1310565564, 1310214960, 'Penalty', '1', '58', 'Lima Rodrigo Jose', NULL),
(1310565577, 1310214960, 'Goal', '1', '90', 'Lima Rodrigo Jose', NULL),
(1310565523, 1310214960, 'Goal', '1', '16', 'Marković L', NULL),
(1310565539, 1310214960, 'Goal', '1', '38', 'Rodrigo ', NULL),
(1310565427, 1310214955, 'Penalty', '1', '90', 'Ukra André Monteiro', NULL),
(1310565137, 1310215168, 'Goal', '1', '76', 'Mailó ', NULL),
(1310565170, 1310215168, 'Goal', '2', '90', 'Gerso Fernandes ', NULL),
(1310565052, 1310215168, 'Goal', '2', '11', 'Bruno Lopes ', NULL),
(1310565055, 1310215168, 'Goal', '2', '23', 'Bruno Lopes ', NULL),
(1310565057, 1310215168, 'Goal', '2', '28', 'Bruno Lopes ', NULL),
(1310565060, 1310215168, 'Goal', '2', '31', 'Bruno Lopes ', NULL),
(1310566007, 1310194340, 'Goal', '1', '48', 'Bonucci Leonardo', NULL),
(1310565991, 1310194340, 'Goal', '1', '17', 'Vidal A', NULL),
(1310566024, 1310194340, 'Penalty', '1', '77', 'Vučinić M', NULL),
(1310565936, 1310194338, 'Goal', '1', '66', 'Rodríguez G', NULL),
(1310565775, 1310194337, 'Penalty Missed', '2', '66', 'Pinilla Mauricio', NULL),
(1310565748, 1310202268, 'Goal', '2', '53', 'Curiale D', NULL),
(1310565683, 1310202266, 'Goal', '2', '23', 'Altinier C', NULL),
(1310565759, 1310202266, 'Goal', '1', '70', 'Panariello A', NULL),
(1310565753, 1310202267, 'Own Goal', '1', '55', 'Rigione M', NULL),
(1310565749, 1310202267, 'Goal', '2', '52', 'Fioretti G', NULL),
(1310565761, 1310202265, 'Goal', '1', '74', 'Goldaniga E', NULL),
(1310565747, 1310202265, 'Goal', '1', '52', 'Martella B', NULL),
(1310565709, 1310202270, 'Goal', '1', '36', 'Mazzeo F', NULL),
(1310565729, 1310202270, 'Penalty', '1', '48', 'Mazzeo F', NULL),
(1310565763, 1310202270, 'Goal', '2', '73', 'Evacuo F', NULL),
(1310565760, 1310202271, 'Goal', '2', '71', 'Picone A', NULL),
(1310565690, 1310202271, 'Goal', '2', '23', 'Regoli ', NULL),
(1310565677, 1310202271, 'Goal', '1', '3', 'Bombagi ', NULL),
(1310565702, 1310202271, 'Goal', '1', '29', 'Ferretti A', NULL),
(1310565750, 1310202046, 'Goal', '2', '67', 'Tulli  Giacomo', NULL),
(1310565718, 1310203173, 'Goal', '2', '45', 'Magli A', NULL),
(1310565710, 1310202040, 'Goal', '1', '45', 'Fabiano G', NULL),
(1310565707, 1310202041, 'Goal', '1', '42', 'Casoli ', NULL),
(1310565752, 1310202044, 'Goal', '1', '66', 'Anastasi V', NULL),
(1310565742, 1310202044, 'Goal', '2', '62', 'Corazza S', NULL),
(1310565743, 1310202044, 'Goal', '2', '63', 'Corazza S', NULL),
(1310565695, 1310202043, 'Goal', '1', '29', 'Girasole M', NULL),
(1310565741, 1310202043, 'Goal', '2', '59', 'Virdis F', NULL),
(1310565771, 1310202043, 'Goal', '2', '87', 'Sarao M', NULL),
(1310565734, 1310202043, 'Goal', '2', '48', 'Grandolfo F', NULL),
(1310565740, 1310202043, 'Goal', '1', '51', 'Ondei D', NULL),
(1310565762, 1310202042, 'Goal', '2', '81', 'Draghetti G', NULL),
(1310565799, 1310202042, 'Goal', '2', '88', 'Crocetti L', NULL),
(1310565727, 1310202042, 'Goal', '1', '47', 'Beltrame P', NULL),
(1310565751, 1310202042, 'Goal', '1', '71', 'Cellini M', NULL),
(1310565703, 1310202042, 'Goal', '2', '34', 'Poletti D', NULL),
(1310565745, 1310202042, 'Goal', '2', '60', 'Villanova M', NULL),
(1310565699, 1310202042, 'Goal', '1', '26', 'Merini  Matteo', NULL),
(1310565736, 1310202042, 'Goal', '1', '53', 'Merini  Matteo', NULL),
(1310565117, 1310215270, 'Goal', '2', '90', 'Nangis Lenny', NULL),
(1310565044, 1310215270, 'Goal', '2', '8', 'Kanté N', NULL),
(1310565066, 1310215270, 'Goal', '2', '48', 'Fajr F', NULL),
(1310565099, 1310215270, 'Goal', '1', '70', 'Letellier ', NULL),
(1310565064, 1310215277, 'Goal', '1', '55', 'Giuly L', NULL),
(1310565072, 1310215277, 'Goal', '2', '69', 'Diarra C', NULL),
(1310565100, 1310215249, 'Goal', '2', '32', 'Blayac ', NULL),
(1310565171, 1310215249, 'Goal', '1', '58', 'Marena B', NULL),
(1310565351, 1310215256, 'Goal', '2', '107', 'Pastorelli R', NULL),
(1310565357, 1310215256, 'Goal', '2', '115', 'Pastorelli R', NULL),
(1310565355, 1310215256, 'Goal', '2', '109', 'Philippon A', NULL),
(1310565144, 1310215274, 'Goal', '2', '28', 'Berthomier ', NULL),
(1310565166, 1310215274, 'Penalty', '1', '37', 'Chirre A', NULL),
(1310565312, 1310215274, 'Goal', '2', '74', 'Da Silva ', NULL),
(1310565110, 1310215274, 'Goal', '2', '16', 'Ruffaut P', NULL),
(1310565167, 1310215274, 'Goal', '2', '39', 'Ruffaut P', NULL),
(1310565333, 1310215274, 'Goal', '2', '87', 'Lobo J', NULL),
(1310565266, 1310215274, 'Goal', '2', '75', 'Camara M', NULL),
(1310566027, 1310215262, 'Goal', '1', '94', 'Gignac A', NULL),
(1310566030, 1310215262, 'Goal', '1', '115', 'Gignac A', NULL),
(1310565909, 1310215263, 'Goal', '1', '48', 'Rouve Christophe ', NULL),
(1310565878, 1310215263, 'Goal', '1', '22', 'Gelly L', NULL),
(1310565895, 1310215257, 'Goal', '2', '86', 'Ferreira Carrasco Y', NULL),
(1310565843, 1310215257, 'Goal', '2', '41', 'Rodríguez James', NULL),
(1310565804, 1310215257, 'Goal', '2', '3', 'Falcao R', NULL),
(1310565838, 1310215257, 'Goal', '1', '35', 'Aguemon Y', NULL),
(1310565805, 1310215257, 'Goal', '1', '1', 'Cakin H', NULL),
(1310565673, 1310215252, 'Goal', '1', '20', 'Raspentino Florian', NULL),
(1310565668, 1310215265, 'Goal', '2', '10', 'Mezague Teddy', NULL),
(1310565728, 1310215265, 'Penalty', '2', '65', 'Niang M', NULL),
(1310565671, 1310215254, 'Goal', '2', '8', 'Digard Didier', NULL),
(1310565755, 1310215254, 'Goal', '2', '88', 'Brüls Christian ', NULL),
(1310565733, 1310215272, 'Goal', '1', '71', 'Patin B', NULL),
(1310565756, 1310215272, 'Goal', '2', '86', 'Bellion D', NULL),
(1310565674, 1310215272, 'Penalty', '2', '15', 'Saivet Henri', NULL),
(1310565681, 1310215259, 'Penalty', '1', '41', 'Pichot N', NULL),
(1310565726, 1310215259, 'Goal', '2', '66', 'Malbranque Steed', NULL),
(1310565672, 1310215259, 'Goal', '2', '6', 'Gomis Bafetibis ', NULL),
(1310565685, 1310215259, 'Goal', '2', '42', 'Grenier Clement', NULL),
(1310565713, 1310215259, 'Goal', '2', '56', 'Gomis Bafetibis ', NULL),
(1310565715, 1310215259, 'Goal', '2', '58', 'Lacazette Alexandre', NULL),
(1310565746, 1310215259, 'Goal', '2', '79', 'Lacazette Alexandre', NULL),
(1310565676, 1310215248, 'Goal', '2', '23', 'Kalou S', NULL),
(1310565670, 1310215248, 'Goal', '1', '6', 'Benaries ', NULL),
(1310565725, 1310215248, 'Goal', '2', '57', 'Kalou S', NULL),
(1310565731, 1310215248, 'Goal', '2', '66', 'Rodelin Sylvio Ronny', NULL),
(1310565717, 1310215260, 'Goal', '2', '29', 'Faty Ricardo', NULL),
(1310565680, 1310215260, 'Goal', '1', '17', 'Le Gall J', NULL),
(1310565739, 1310215260, 'Goal', '2', '59', 'Eduardo ', NULL),
(1310565245, 1310215273, 'Goal', '1', '24', 'Mbida S', NULL),
(1310565417, 1310215247, 'Goal', '1', '80', 'Dia B', NULL),
(1310565416, 1310215247, 'Goal', '1', '77', 'Keita A', NULL),
(1310565359, 1310215247, 'Goal', '1', '28', 'Keita A', NULL),
(1310565360, 1310215247, 'Goal', '2', '24', 'Ouedraogo Hamado Kassi ', NULL),
(1310565374, 1310215271, 'Goal', '2', '30', 'Camara P', NULL),
(1310565375, 1310215271, 'Goal', '2', '37', 'Camara P', NULL),
(1310565353, 1310215271, 'Goal', '2', '15', 'Prcić S', NULL),
(1310565437, 1310215264, 'Goal', '2', '90', 'Braithwaite Martin', NULL),
(1310565432, 1310215264, 'Goal', '1', '86', 'Linord A', NULL),
(1310565378, 1310215264, 'Goal', '2', '37', 'Regattin Adrien', NULL),
(1310565411, 1310215255, 'Goal', '2', '69', 'Richetin V', NULL),
(1310565412, 1310215258, 'Goal', '2', '71', 'Soki N''Zinga ', NULL),
(1310565109, 1310215267, 'Goal', '1', '15', 'Da Costa J', NULL),
(1310565300, 1310215267, 'Goal', '2', '80', 'Babit B', NULL),
(1310565349, 1310215267, 'Goal', '2', '90', 'Cissé O', NULL),
(1310565356, 1310215267, 'Penalty', '1', '114', 'Batret T', NULL),
(1310565363, 1310215267, 'Goal', '2', '120', 'Berenguer F', NULL),
(1310565348, 1310215267, 'Goal', '1', '87', 'Dridi B', NULL),
(1310565542, 1310215253, 'Penalty', '1', '61', 'Féret Julien', NULL),
(1310565559, 1310215253, 'Goal', '2', '74', 'Dossevi M', NULL),
(1310565640, 1310215246, 'Goal', '1', '21', 'Fatras R', NULL),
(1310565634, 1310215246, 'Goal', '2', '9', 'Ntep P', NULL),
(1310565647, 1310215246, 'Goal', '2', '59', 'N''Gando A', NULL),
(1310565652, 1310215246, 'Goal', '2', '90', 'Sammaritano F', NULL),
(1310565639, 1310215246, 'Penalty', '1', '18', 'Depre H', NULL),
(1310565631, 1310215246, 'Goal', '2', '2', 'Viale J', NULL),
(1310565633, 1310215246, 'Goal', '2', '7', 'Coulibaly Adama', NULL),
(1310565651, 1310215246, 'Goal', '2', '90', 'Kitambala L', NULL),
(1310565657, 1310215269, 'Goal', '2', '10', 'Beauvue Claudio ', NULL),
(1310565667, 1310215269, 'Goal', '2', '31', 'Yatabaré M', NULL),
(1310565780, 1310215266, 'Goal', '2', '86', 'Menozzi Di', NULL),
(1310565774, 1310215266, 'Goal', '2', '90', 'Santelli B', NULL),
(1310565675, 1310215251, 'Goal', '1', '35', 'Rjillo C', NULL),
(1310565701, 1310215251, 'Goal', '2', '47', 'Lorthiois L', NULL),
(1310564579, 1310181732, 'Goal', '2', '15', 'Garrett W', NULL),
(1310564554, 1310181734, 'Goal', '1', '3', 'Mackle ', NULL),
(1310564569, 1310181734, 'Goal', '2', '10', 'Heatley P', NULL),
(1310564590, 1310181731, 'Goal', '1', '23', 'Donnelly R', NULL),
(1310564559, 1310181731, 'Goal', '1', '10', 'Boyce L', NULL),
(1310564817, 1310181730, 'Goal', '2', '90', 'Smith P', NULL),
(1310564584, 1310181730, 'Goal', '2', '15', 'Hughes D', NULL),
(1310564593, 1310181730, 'Goal', '2', '23', 'Hughes D', NULL),
(1310564636, 1310181730, 'Goal', '1', '28', 'Stafford M', NULL),
(1310564583, 1310181730, 'Goal', '1', '14', 'Kee D', NULL),
(1310564964, 1226024418, 'Goal', '2', '34', '', NULL),
(1310564966, 1226024418, 'Goal', '2', '90', '', NULL),
(1310564963, 1226024420, 'Goal', '1', '6', '', NULL),
(1310564965, 1226024420, 'Goal', '2', '57', '', NULL),
(1310565142, 1310183737, 'Goal', '1', '40', 'Dani López ', NULL),
(1310565317, 1310183744, 'Goal', '1', '88', 'Hattersley Danny', NULL),
(1310565157, 1310183745, 'Goal', '1', '45', 'Kerry Lloyd', NULL),
(1310565220, 1310183745, 'Goal', '1', '59', 'Todd Andy', NULL),
(1310565106, 1310183748, 'Goal', '2', '20', 'Williams B', NULL),
(1310565324, 1310183748, 'Goal', '1', '87', 'Harris Jay William', NULL),
(1310565093, 1310183748, 'Goal', '1', '15', 'Clarke Joe', NULL),
(1310565241, 1310183740, 'Goal', '1', '68', 'Hatch Liam', NULL),
(1310565256, 1310183740, 'Goal', '1', '73', 'Chandler J', NULL),
(1310565082, 1310183740, 'Goal', '1', '12', 'Maddison Marcus', NULL),
(1310565215, 1310183740, 'Goal', '1', '58', 'Brown James', NULL),
(1310564689, 1310183732, 'Own Goal', '2', '60', 'O''Connor D', NULL),
(1310564748, 1310183732, 'Penalty', '2', '76', 'Boden Scott', NULL),
(1310564734, 1310183732, 'Goal', '2', '64', 'Boden Scott', NULL),
(1310564648, 1310183726, 'Goal', '1', '45', 'Akinde J', NULL),
(1310564594, 1310183730, 'Own Goal', '2', '21', 'Thomas Aswad ', NULL),
(1310564619, 1310183730, 'Goal', '1', '39', 'Disley Craig ', NULL),
(1310564796, 1310183729, 'Goal', '2', '82', 'Marwood James', NULL),
(1310564700, 1310183729, 'Goal', '1', '61', 'Ainge Simon', NULL),
(1310564651, 1310183729, 'Goal', '2', '46', 'Brown James', NULL),
(1310564761, 1310183729, 'Goal', '2', '76', 'Maddison Marcus', NULL),
(1310564562, 1310183729, 'Goal', '1', '10', 'Gregory Lee', NULL),
(1310564566, 1310183729, 'Goal', '1', '13', 'Gregory Lee', NULL),
(1310564542, 1310183733, 'Goal', '2', '71', 'Hyde Jake', NULL),
(1310564533, 1310183733, 'Goal', '1', '2', 'Gray Andre', NULL),
(1310564534, 1310183733, 'Goal', '1', '31', 'Benson Paul', NULL),
(1310564759, 1310172916, 'Goal', '2', '75', 'Hinds Richard ', NULL),
(1310564564, 1310172916, 'Goal', '2', '12', 'Nardiello Daniel', NULL),
(1310564550, 1310172916, 'Goal', '2', '5', 'Mayor Danny', NULL),
(1310564560, 1310172909, 'Goal', '1', '10', 'Ogogo Abu', NULL),
(1310564602, 1310172911, 'Goal', '1', '30', 'Jarvis Ryan', NULL),
(1310564703, 1310172912, 'Goal', '1', '60', 'Lavery Caolan', NULL),
(1310564787, 1310172912, 'Goal', '1', '85', 'Alessandra Lewis', NULL),
(1310564603, 1310172917, 'Goal', '2', '30', 'Bradley Sonny', NULL),
(1310564812, 1310172917, 'Goal', '1', '90', 'Leonard Ryan', NULL),
(1310564640, 1310172917, 'Goal', '1', '45', 'Leonard Ryan', NULL),
(1310564770, 1310172913, 'Goal', '1', '82', 'Winnall Sam', NULL),
(1310564777, 1310172913, 'Goal', '1', '84', 'Winnall Sam', NULL),
(1310564680, 1310172913, 'Goal', '1', '58', 'Syers Dave', NULL),
(1310564774, 1310172919, 'Goal', '2', '81', 'Odejayi Kayode', NULL),
(1310564691, 1310172919, 'Goal', '1', '58', 'Ball David', NULL),
(1310564553, 1310172919, 'Goal', '1', '6', 'Parkin Jon', NULL),
(1310564827, 1310172919, 'Goal', '1', '90', 'Carr Daniel', NULL),
(1310565158, 1310172925, 'Goal', '2', '45', 'Stevenson Lee', NULL),
(1310565205, 1310172920, 'Goal', '2', '52', 'Wyke C', NULL),
(1310565264, 1310172920, 'Goal', '2', '76', 'Moore S', NULL),
(1310565290, 1310172920, 'Penalty', '2', '82', 'Midson J', NULL),
(1310565086, 1310172922, 'Goal', '1', '17', 'Downes Aaron', NULL),
(1310565285, 1310172922, 'Goal', '2', '84', 'Threlfall Robert', NULL),
(1310565160, 1310172921, 'Goal', '1', '45', 'Worley Harry ', NULL),
(1310565182, 1310172921, 'Goal', '2', '47', 'Carter Darren', NULL),
(1310565120, 1310172921, 'Goal', '2', '29', 'Hope H', NULL),
(1310565194, 1310172923, 'Goal', '1', '52', 'Bowman Ryan', NULL),
(1310565233, 1310172923, 'Goal', '1', '65', 'Fletcher W', NULL),
(1310565244, 1310172923, 'Goal', '1', '71', 'Fletcher W', NULL),
(1310565278, 1310172923, 'Goal', '2', '80', 'Murphy Rhys', NULL),
(1310564687, 1310172365, 'Goal', '2', '55', 'Edwards David Alexander', NULL),
(1310564607, 1310172365, 'Goal', '1', '34', 'Lowe R', NULL),
(1310564701, 1310172360, 'Goal', '2', '62', 'Wildig Aaron', NULL),
(1310564586, 1310172360, 'Goal', '2', '23', 'Taylor J', NULL),
(1310564606, 1310172360, 'Goal', '1', '35', 'Grounds Jonathan', NULL),
(1310564786, 1310172356, 'Goal', '2', '85', 'Moussa Franck Nyinzapa', NULL),
(1310564738, 1310172356, 'Penalty', '2', '71', 'Baker Carl Paul', NULL),
(1310564833, 1310172356, 'Goal', '2', '90', 'Baker Carl Paul', NULL),
(1310564611, 1310172356, 'Goal', '1', '35', 'Skarz J', NULL),
(1310564604, 1310172361, 'Goal', '1', '33', 'Payne Jack', NULL),
(1310564805, 1310172361, 'Goal', '2', '90', 'Donaldson Clayton', NULL),
(1310564608, 1310172361, 'Goal', '2', '36', 'Saunders Sam', NULL),
(1310564571, 1310172361, 'Penalty', '2', '16', 'Forshaw Adam', NULL),
(1310564718, 1310172359, 'Goal', '1', '64', 'Mesca ', NULL),
(1310564764, 1310172359, 'Goal', '2', '77', 'Lawrence Tom', NULL),
(1310564674, 1310172359, 'Goal', '1', '53', 'Aneke Chuks', NULL),
(1310564717, 1310172358, 'Goal', '1', '62', 'Chambers J', NULL),
(1310564670, 1310172358, 'Penalty', '1', '52', 'Westcarr Craig', NULL),
(1310564575, 1310172358, 'Goal', '2', '17', 'Porter Chris ', NULL),
(1310564793, 1310172357, 'Goal', '1', '88', 'McGregor Callum', NULL),
(1310564598, 1310172357, 'Goal', '1', '32', 'Campbell-Ryce J', NULL),
(1310564800, 1310172357, 'Goal', '1', '90', 'Grealish Jack', NULL),
(1310564783, 1310172366, 'Goal', '2', '84', 'Hugill Jordan', NULL),
(1310564729, 1310172366, 'Goal', '2', '69', 'Tomlin Gavin', NULL),
(1310564712, 1310172366, 'Goal', '1', '62', 'Garner J', NULL),
(1310564631, 1310172366, 'Goal', '1', '43', 'Garner J', NULL),
(1310564661, 1310172366, 'Goal', '1', '50', 'Gallagher paul', NULL),
(1310564970, 1310172370, 'Goal', '1', '90', 'McDonald C', NULL),
(1310564726, 1310173643, 'Goal', '2', '69', 'Beausejour Jean', NULL),
(1310564821, 1310173640, 'Goal', '2', '90', 'Jackson Johnnie ', NULL),
(1310564591, 1310173640, 'Own Goal', '1', '24', 'Wood Richard  Mark', NULL),
(1310564828, 1310173649, 'Goal', '1', '90', 'Kelly Stephen Michael', NULL),
(1310564623, 1310173649, 'Goal', '2', '36', 'Halford Greg', NULL),
(1310564561, 1310173642, 'Goal', '1', '10', 'Žigić N', NULL),
(1310564715, 1310173642, 'Goal', '2', '61', 'Mellis J', NULL),
(1310564813, 1310173648, 'Goal', '1', '89', 'Ward Stephen', NULL),
(1310564573, 1310173648, 'Penalty', '2', '14', 'Grabban Lewis James', NULL),
(1310564563, 1310173651, 'Goal', '2', '13', 'Rhodes J', NULL),
(1310564609, 1310173651, 'Goal', '2', '36', 'Gestede Rudy ', NULL),
(1310564663, 1310173651, 'Goal', '1', '53', 'Smith M', NULL),
(1310564659, 1310173647, 'Goal', '2', '48', 'Nugent David', NULL),
(1310564819, 1310173647, 'Goal', '2', '90', 'Schlupp Jeffery', NULL),
(1310564551, 1310173647, 'Goal', '2', '6', 'Knockaert Anthony', NULL),
(1310564737, 1310173647, 'Goal', '1', '68', 'Chaplow Richard', NULL),
(1310564662, 1310173641, 'Goal', '1', '51', 'Wickham Connor', NULL),
(1310564692, 1310173641, 'Goal', '1', '60', 'Maguire Chris', NULL),
(1310564678, 1310173646, 'Goal', '1', '55', 'Phillips Matt', NULL),
(1310564823, 1310173646, 'Goal', '1', '90', 'Austin Charlie', NULL),
(1310564637, 1310173646, 'Goal', '2', '43', 'Robinson Theo', NULL),
(1310564557, 1310173650, 'Goal', '2', '9', 'Carayol Mustapha', NULL),
(1310564808, 1310173650, 'Goal', '1', '90', 'N''Gog D', NULL),
(1310564580, 1310173650, 'Goal', '2', '20', 'Main Curtis', NULL),
(1310564597, 1310173650, 'Goal', '1', '29', 'Baptiste Alex', NULL),
(1310564795, 1310173645, 'Goal', '1', '79', 'Trippier Kieran', NULL),
(1310564556, 1310173645, 'Goal', '1', '6', 'Ings Danny', NULL),
(1310564633, 1310173645, 'Goal', '1', '41', 'Ings Danny', NULL),
(1310564818, 1310173645, 'Goal', '2', '89', 'Paterson Martin', NULL),
(1310564588, 1310173645, 'Goal', '2', '20', 'Paterson Martin', NULL),
(1310564866, 1310171276, 'Goal', '2', '66', 'Eriksen Christian', NULL),
(1310564867, 1310171276, 'Goal', '1', '67', 'Welbeck D', NULL),
(1310564854, 1310171276, 'Goal', '2', '34', 'Adebayor E', NULL),
(1310564535, 1310171280, 'Goal', '2', '14', 'Fernandinho ', NULL),
(1310564545, 1310171280, 'Goal', '2', '66', 'Kolarov Aleksandar', NULL),
(1310564547, 1310171280, 'Goal', '1', '90', 'Bony Wilfried Guemiand', NULL),
(1310564540, 1310171280, 'Goal', '1', '45', 'Bony Wilfried Guemiand', NULL),
(1310564544, 1310171280, 'Goal', '2', '58', 'Touré Y', NULL),
(1310564567, 1310171279, 'Goal', '2', '15', 'Agbonlahor Gabriel', NULL),
(1310564772, 1310171277, 'Goal', '2', '82', 'Oscar ', NULL),
(1310564695, 1310171277, 'Goal', '2', '60', 'Fernando Torres ', NULL),
(1310564742, 1310171277, 'Goal', '2', '71', 'Willian Borges da Silva', NULL),
(1310564779, 1310171281, 'Penalty', '1', '86', 'Berahino Saido', NULL),
(1310564617, 1310171273, 'Goal', '2', '39', 'Johnson Bradley Paul', NULL),
(1310564629, 1310171273, 'Penalty', '1', '44', 'Puncheon Jason', NULL),
(1310564798, 1310171278, 'Penalty', '2', '90', 'Baines Leighton', NULL),
(1310564653, 1310171278, 'Goal', '1', '50', 'Assaidi Oussama', NULL),
(1310564797, 1310171272, 'Goal', '1', '90', 'Walcott Theo', NULL),
(1310564782, 1310171272, 'Goal', '1', '88', 'Bendtner Nicklas', NULL),
(1310564610, 1310171275, 'Goal', '1', '36', 'Agger D', NULL),
(1310564656, 1310171275, 'Goal', '1', '50', 'Suárez L', NULL),
(1310564705, 1310171274, 'Goal', '1', '66', 'Berbatov Dimitar Ivanov', NULL),
(1310564549, 1310171274, 'Goal', '2', '7', 'Diamé M', NULL),
(1310564601, 1310171274, 'Goal', '1', '32', 'Sidwell Steve', NULL),
(1310565188, 1310215232, 'Goal', '2', '51', 'Norwood Oliver', NULL),
(1310565316, 1310215232, 'Own Goal', '2', '90', 'Thomas Aswad ', NULL),
(1310565113, 1310215232, 'Goal', '1', '25', 'Hannah R', NULL),
(1310565219, 1310215232, 'Goal', '1', '62', 'Disley Craig ', NULL),
(1310565299, 1310215232, 'Goal', '2', '86', 'Paterson Martin', NULL),
(1310565924, 1310215221, 'Goal', '2', '90', 'Bony Wilfried Guemiand', NULL),
(1310565841, 1310215221, 'Goal', '2', '12', 'Routledge Wayne', NULL),
(1310565847, 1310215221, 'Goal', '1', '16', 'Hernández J', NULL),
(1310565803, 1310215234, 'Goal', '2', '71', 'Oscar ', NULL),
(1310565788, 1310215234, 'Goal', '2', '66', 'Obi Mikel J', NULL),
(1310565809, 1310216206, 'Goal', '1', '54', 'Iago Aspas ', NULL),
(1310565832, 1310216206, 'Own Goal', '1', '82', 'Tarkowski James Alan', NULL),
(1310565829, 1310215222, 'Goal', '2', '74', 'Purrington Ben', NULL),
(1310565786, 1310215222, 'Goal', '1', '36', 'Pope Tom ', NULL),
(1310565765, 1310215222, 'Goal', '1', '15', 'Tomlin Gavin', NULL),
(1310565811, 1310215222, 'Goal', '2', '51', 'Reid Reuben', NULL),
(1310565662, 1310215209, 'Goal', '1', '65', 'Paterson Jamie', NULL),
(1310565664, 1310215209, 'Goal', '1', '71', 'Paterson Jamie', NULL),
(1310565669, 1310215209, 'Goal', '1', '79', 'Paterson Jamie', NULL),
(1310565679, 1310215209, 'Goal', '1', '90', 'Reid Andy', NULL),
(1310565644, 1310215209, 'Penalty', '1', '12', 'Abdoun Djamel', NULL),
(1310565758, 1310215226, 'Own Goal', '1', '50', 'O''Hanlon S', NULL),
(1310565796, 1310215226, 'Goal', '1', '90', 'Ba E', NULL),
(1310565730, 1310215226, 'Goal', '2', '43', 'Robson Matty', NULL),
(1310565721, 1310215226, 'Goal', '1', '34', 'Johnson Adam', NULL),
(1310565156, 1310215220, 'Goal', '2', '45', 'Reeves Ben Neil', NULL),
(1310565161, 1310215220, 'Goal', '2', '45', 'Reeves Ben Neil', NULL),
(1310565092, 1310215220, 'Goal', '1', '18', 'Espinoza R', NULL),
(1310565115, 1310215220, 'Goal', '1', '27', 'Jordi Gómez ', NULL),
(1310565282, 1310215220, 'Goal', '2', '83', 'Bamford Patrick', NULL),
(1310565228, 1310215220, 'Goal', '1', '65', 'McManaman Callum Henry', NULL),
(1310565124, 1310215230, 'Goal', '1', '32', 'Crofts Andrew', NULL),
(1310565204, 1310215227, 'Goal', '1', '51', 'Beckford Jermaine', NULL),
(1310565080, 1310215227, 'Goal', '1', '10', 'N''Gog D', NULL),
(1310565159, 1310215227, 'Goal', '2', '45', 'Barkhuizen Tom', NULL),
(1310565155, 1310215219, 'Goal', '1', '45', 'Hogan Scott', NULL),
(1310565289, 1310215219, 'Goal', '1', '84', 'Henderson Ian', NULL),
(1310565143, 1310215233, 'Goal', '2', '42', 'Davies K', NULL),
(1310565139, 1310215233, 'Goal', '1', '38', 'McGoldrick David  James', NULL),
(1310565329, 1310215215, 'Goal', '1', '90', 'Wakefield Liam', NULL),
(1310565191, 1310215215, 'Goal', '2', '49', 'Zoko François ', NULL),
(1310565319, 1310215215, 'Goal', '2', '90', 'Charles Darius Donald', NULL),
(1310565253, 1310215215, 'Goal', '1', '72', 'Forrester Harry', NULL),
(1310565235, 1310215215, 'Goal', '2', '65', 'Hartley Peter', NULL),
(1310565169, 1310215229, 'Goal', '1', '44', 'Jelavić N', NULL),
(1310565262, 1310215229, 'Goal', '1', '68', 'Jelavić N', NULL),
(1310565150, 1310215229, 'Goal', '1', '34', 'Barkley R', NULL),
(1310565293, 1310215229, 'Goal', '1', '76', 'Coleman Seamus', NULL),
(1310565192, 1310215216, 'Goal', '1', '55', 'Adam Charlie', NULL),
(1310565088, 1310215216, 'Goal', '1', '16', 'Jones Kenwyne Joel', NULL),
(1310565254, 1310215216, 'Goal', '2', '77', 'Nugent David', NULL),
(1310565096, 1310215213, 'Goal', '2', '23', 'Gayle Dwight', NULL),
(1310565314, 1310215213, 'Goal', '2', '90', 'Chamakh Marouane', NULL),
(1310565105, 1310215217, 'Goal', '1', '22', 'Clyne Nathaniel Edwin', NULL),
(1310565123, 1310215217, 'Goal', '1', '28', 'Lambert R', NULL),
(1310565307, 1310215217, 'Goal', '2', '87', 'Long Kevin', NULL),
(1310565198, 1310215217, 'Goal', '2', '51', 'Vokes Samuel Sam', NULL),
(1310565214, 1310215217, 'Goal', '2', '57', 'Ings Danny', NULL),
(1310565237, 1310215217, 'Goal', '1', '66', 'Rodriguez Jay Enrique', NULL),
(1310565255, 1310215217, 'Goal', '1', '73', 'Lallana Adam David', NULL),
(1310565107, 1310215225, 'Goal', '2', '25', 'Johnson R', NULL),
(1310565238, 1310215225, 'Goal', '1', '72', 'Williams S', NULL),
(1310565218, 1310215218, 'Goal', '1', '62', 'Cissé P', NULL),
(1310565251, 1310215218, 'Goal', '2', '73', 'Noone Craig', NULL),
(1310565270, 1310215218, 'Goal', '2', '80', 'Campbell Fraizer', NULL),
(1310565095, 1310215224, 'Goal', '2', '20', 'Murphy Jamie', NULL),
(1310565259, 1310215224, 'Goal', '1', '75', 'Helenius N', NULL),
(1310565275, 1310215224, 'Goal', '2', '81', 'Flynn Ryan', NULL),
(1310565149, 1310215223, 'Goal', '1', '45', 'Snodgrass Robert', NULL),
(1310565138, 1310215223, 'Goal', '2', '40', 'Bent D', NULL),
(1310565125, 1310174010, 'Penalty', '1', '33', 'Grehan M', NULL),
(1310565176, 1310174010, 'Goal', '1', '47', 'Grehan M', NULL),
(1310565180, 1310174010, 'Goal', '1', '49', 'Stirling A', NULL),
(1310565425, 1310174010, 'Goal', '1', '14', 'Winter S', NULL),
(1310565795, 1310173994, 'Goal', '2', '36', 'Law N', NULL),
(1310565859, 1310173994, 'Goal', '2', '90', 'Law N', NULL),
(1310564895, 1310174008, 'Goal', '1', '27', 'Austin N', NULL),
(1310564891, 1310174009, 'Goal', '2', '12', 'El Bakhtaoui F', NULL),
(1310564904, 1310174009, 'Goal', '1', '84', 'Lynch S', NULL),
(1310564905, 1310174009, 'Goal', '2', '90', 'Geggan A', NULL),
(1310564890, 1310174007, 'Goal', '2', '6', 'Fotheringham M', NULL),
(1310564897, 1310174007, 'Goal', '2', '31', 'Dods D', NULL),
(1310564898, 1310174007, 'Goal', '2', '35', 'Hilson D', NULL),
(1310564902, 1310174007, 'Goal', '1', '74', 'Barr B', NULL),
(1310564893, 1310174007, 'Goal', '2', '17', 'Templeman C', NULL),
(1310564903, 1310174007, 'Goal', '2', '80', 'Templeman C', NULL),
(1310564937, 1310174006, 'Goal', '2', '18', 'McLeod L', NULL),
(1310564892, 1310173277, 'Goal', '2', '13', 'Niven D', NULL),
(1310564900, 1310173277, 'Goal', '1', '63', 'Sharp G', NULL),
(1310564908, 1310173277, 'Goal', '1', '90', 'Redman J', NULL),
(1310565261, 1310173275, 'Goal', '2', '72', 'Collins T', NULL),
(1310565221, 1310173275, 'Penalty', '2', '58', 'Spittal B', NULL),
(1310565119, 1310173275, 'Goal', '1', '24', 'McCluskey J', NULL),
(1310565200, 1310173274, 'Goal', '1', '52', 'McKay K', NULL),
(1310565136, 1310173274, 'Goal', '1', '35', 'Todd J', NULL),
(1310565145, 1310173278, 'Goal', '2', '41', 'Wright M', NULL),
(1310565263, 1310173278, 'Goal', '1', '79', 'Comrie C', NULL),
(1310565313, 1310173278, 'Goal', '1', '90', 'Ferry M', NULL),
(1310564901, 1310171990, 'Goal', '2', '73', 'Hemmings K', NULL),
(1310564906, 1310171994, 'Goal', '2', '90', 'McAlister Jim', NULL),
(1310564909, 1310171994, 'Goal', '2', '90', 'McAlister Jim', NULL),
(1310565121, 1310171993, 'Penalty', '2', '26', 'Loy R', NULL),
(1310565168, 1310171991, 'Penalty', '1', '45', 'Prunty B', NULL),
(1310565350, 1310171991, 'Goal', '1', '82', 'Kane C', NULL),
(1310565207, 1310171992, 'Goal', '1', '58', 'Crawford A', NULL),
(1310565102, 1310171992, 'Goal', '2', '22', 'Russell I', NULL),
(1310565078, 1310171992, 'Goal', '1', '9', 'Antoine-Curier Mickaël', NULL),
(1310565070, 1310171992, 'Goal', '1', '4', 'Longridge L', NULL),
(1310565682, 1310171587, 'Goal', '2', '53', 'Mulgrew Charlie ', NULL),
(1310565684, 1310171587, 'Goal', '2', '58', 'Stokes A', NULL),
(1310565706, 1310171587, 'Goal', '2', '70', 'Commons K', NULL),
(1310565708, 1310171587, 'Goal', '2', '72', 'Commons K', NULL),
(1310565789, 1310171582, 'Goal', '2', '38', 'Craig Liam', NULL),
(1310565815, 1310171582, 'Penalty', '2', '60', 'Craig Liam', NULL),
(1310565856, 1310171582, 'Goal', '1', '90', 'Graham B', NULL),
(1310565842, 1310171582, 'Goal', '1', '83', 'Goodwillie David', NULL),
(1310565834, 1310171584, 'Goal', '2', '83', 'Reynolds Mark ', NULL),
(1310565767, 1310171583, 'Goal', '2', '14', 'Taylor Lyle', NULL),
(1310565790, 1310171583, 'Goal', '2', '40', 'Taylor-Sinclair A', NULL),
(1310564621, 1310171576, 'Goal', '1', '39', 'Ledley J', NULL),
(1310564657, 1310171577, 'Goal', '1', '51', 'Souttar John', NULL),
(1310564794, 1310171577, 'Goal', '2', '90', 'Pawlett Peter ', NULL),
(1310564709, 1310171577, 'Penalty', '2', '64', 'Robson B', NULL),
(1310564577, 1310171579, 'Goal', '2', '17', 'Cooper Alex', NULL),
(1310564802, 1310171579, 'Goal', '1', '89', 'Doran Aaron', NULL),
(1310564572, 1310171579, 'Goal', '2', '15', 'Boyd S', NULL),
(1310564775, 1310171581, 'Goal', '1', '87', 'McFadden James', NULL),
(1310564736, 1310171581, 'Goal', '1', '73', 'Ainsworth Lionel', NULL),
(1310564587, 1310171581, 'Goal', '1', '22', 'Sutton John ', NULL),
(1310564650, 1310171581, 'Goal', '1', '49', 'Vigurs I', NULL),
(1310564949, 1310171578, 'Goal', '2', '71', 'Smith D', NULL),
(1310564948, 1310171578, 'Goal', '1', '60', 'Collins James Michael', NULL),
(1310564952, 1310171578, 'Penalty', '1', '83', 'Craig Liam', NULL),
(1310564894, 1310171580, 'Goal', '2', '18', 'Campbell A', NULL),
(1310564896, 1310171580, 'Goal', '1', '29', 'McKenzie Rory', NULL),
(1310564907, 1310171580, 'Goal', '1', '90', 'Boyd Kris', NULL),
(1310565658, 1310207913, 'Goal', '1', '8', 'Miljević K', NULL),
(1310565738, 1310207913, 'Goal', '2', '89', 'Stamogiannos P', NULL),
(1310565656, 1310207909, 'Goal', '1', '11', 'Makridis S', NULL),
(1310565666, 1310207909, 'Goal', '1', '34', 'Kakaras I', NULL),
(1310565655, 1310207909, 'Goal', '1', '8', 'Kargas G', NULL),
(1310564968, 1310207910, 'Goal', '1', '37', 'Pagonis K', NULL),
(1310564969, 1310207910, 'Goal', '1', '68', 'Galán L', NULL),
(1310564967, 1310207910, 'Penalty', '2', '10', 'Frangos M', NULL),
(1310565663, 1310207726, 'Goal', '2', '20', 'Koukoulis T', NULL),
(1310565735, 1310207728, 'Goal', '1', '80', 'Zahora D', NULL),
(1310565720, 1310207727, 'Goal', '1', '72', 'Añete ', NULL),
(1310565705, 1310207732, 'Goal', '1', '51', 'Vlahos T', NULL),
(1310565722, 1310207732, 'Goal', '1', '78', 'Vlahos T', NULL),
(1310565849, 1310189436, 'Goal', '1', '75', 'Igor ', NULL),
(1310565782, 1310189429, 'Goal', '1', '22', 'Ben Nabouhane E', NULL),
(1310565844, 1310189429, 'Goal', '1', '76', 'Barbas K', NULL),
(1310565801, 1310189429, 'Goal', '2', '44', 'Katai A', NULL),
(1310565828, 1310189429, 'Goal', '2', '66', 'David Torres ', NULL),
(1310565955, 1310189435, 'Goal', '2', '87', 'Katsouranis K', NULL),
(1310565888, 1310189435, 'Goal', '1', '13', 'Mandalos P', NULL),
(1310565958, 1310189435, 'Goal', '2', '90', 'Lino Dorvalino Alves Maciel', NULL),
(1310565665, 1310189433, 'Goal', '1', '29', 'Camara H', NULL),
(1310564977, 1310190939, 'Goal', '1', '76', 'Vidal B', NULL),
(1310565602, 1310190940, 'Goal', '1', '29', 'Salom C', NULL),
(1310565605, 1310190940, 'Goal', '2', '41', 'Lorca J', NULL),
(1310566002, 1310190938, 'Penalty', '1', '50', 'Varas S', NULL),
(1310565971, 1310190938, 'Goal', '2', '6', 'Andía E', NULL),
(1310565989, 1310190938, 'Goal', '2', '29', 'Biskupovic M', NULL),
(1310566001, 1310190943, 'Goal', '2', '46', 'Benegas L', NULL),
(1310566008, 1310190943, 'Goal', '2', '61', 'Gómez J', NULL),
(1310565982, 1310190943, 'Goal', '2', '13', 'Benegas L', NULL),
(1310566011, 1310190943, 'Goal', '2', '77', 'Benegas L', NULL),
(1310566021, 1310190943, 'Goal', '2', '90', 'Benegas L', NULL),
(1310566012, 1310190943, 'Goal', '1', '78', 'Ramirez R', NULL),
(1310566034, 1310190944, 'Goal', '1', '66', 'Fierro G', NULL),
(1310566039, 1310190944, 'Goal', '1', '90', 'Flores F', NULL),
(1310566032, 1310190944, 'Goal', '2', '29', 'Carrasco B', NULL),
(1310565659, 1310188693, 'Goal', '2', '45', 'Dina M', NULL),
(1310565654, 1310188693, 'Goal', '1', '16', 'Gleison ', NULL),
(1310565737, 1310188695, 'Goal', '2', '90', 'Roushias O', NULL),
(1310565716, 1310188695, 'Goal', '2', '74', 'Alabi R', NULL),
(1310565704, 1310188695, 'Goal', '2', '50', 'Alibio ', NULL),
(1310564524, 1310219878, 'Goal', '1', '21', 'Nakazawa Y', NULL),
(1310564523, 1310219878, 'Goal', '1', '17', 'Saito M', NULL),
(1310565910, 1310188198, 'Goal', '1', '51', 'Sergio Prendes ', NULL),
(1310565946, 1310188198, 'Goal', '2', '85', 'Adama Traoré ', NULL),
(1310565950, 1310188198, 'Goal', '1', '80', 'Dani Pacheco ', NULL),
(1310565877, 1310188198, 'Goal', '2', '18', 'Denis Suárez ', NULL),
(1310565858, 1310188193, 'Goal', '2', '85', 'Alberto ', NULL),
(1310565861, 1310188193, 'Penalty', '1', '90', 'Felipe Sanchón ', NULL),
(1310565632, 1310188197, 'Goal', '2', '3', 'Roger Martí ', NULL),
(1310565641, 1310188197, 'Goal', '1', '49', 'Sergio Álvarez ', NULL),
(1310565637, 1310188197, 'Goal', '1', '34', 'Nacho Cases ', NULL),
(1310565645, 1310188197, 'Goal', '2', '57', 'Paco Montañés ', NULL),
(1310565653, 1310188197, 'Goal', '2', '88', 'Cidoncha ', NULL),
(1310565636, 1310187793, 'Goal', '1', '34', 'Vitolo Víctor Machín', NULL),
(1310565642, 1310187793, 'Goal', '1', '55', 'Bacca C', NULL),
(1310565648, 1310187793, 'Goal', '1', '77', 'Rakitić I', NULL),
(1310565757, 1310187792, 'Goal', '1', '7', 'Sánchez A', NULL),
(1310565814, 1310187792, 'Goal', '1', '63', 'Sánchez A', NULL),
(1310565819, 1310187792, 'Goal', '1', '69', 'Sánchez A', NULL),
(1310565766, 1310187792, 'Goal', '1', '16', 'Pedro ', NULL),
(1310565807, 1310187792, 'Penalty Missed', '1', '48', 'Xavi ', NULL),
(1310565879, 1310187798, 'Goal', '1', '33', 'Cejudo Alvaro Carmona', NULL),
(1310565981, 1310187795, 'Goal', '1', '43', 'Griezmann A', NULL),
(1310566005, 1310187795, 'Goal', '1', '90', 'Rubén Pardo ', NULL),
(1310564954, 1310165152, 'Goal', '2', '8', 'Despotović R', NULL),
(1310564961, 1310165152, 'Goal', '2', '82', 'Gameiro C', NULL),
(1310564955, 1310165152, 'Goal', '1', '24', 'Fábio Ferreira ', NULL),
(1310564960, 1310165152, 'Penalty', '1', '67', 'Barker-Daish J', NULL),
(1310564516, 1310165150, 'Goal', '1', '12', 'Sainsbury T', NULL),
(1310564522, 1310165150, 'Goal', '1', '90', 'McGlinchey ', NULL),
(1310564518, 1310165150, 'Penalty', '2', '84', 'McGarry  Steven', NULL),
(1310564528, 1310165151, 'Goal', '2', '67', 'Boyd T', NULL),
(1310564529, 1310165151, 'Goal', '2', '78', 'Huysegems S', NULL),
(1310564530, 1310165151, 'Goal', '2', '83', 'Huysegems S', NULL),
(1310564526, 1310165151, 'Goal', '1', '62', 'Bridge M', NULL),
(1310565941, 1310185512, 'Own Goal', '2', '44', 'Roash O', NULL),
(1310565972, 1310185512, 'Goal', '2', '83', 'Cohen  Steven', NULL),
(1310565899, 1310185512, 'Goal', '1', '8', 'Korać Ž', NULL),
(1310565957, 1310185512, 'Goal', '1', '61', 'Kijanskas T', NULL),
(1310565598, 1310216053, 'Goal', '1', '49', 'Jiménez R', NULL),
(1310565594, 1310216053, 'Goal', '1', '10', 'Rey L', NULL),
(1310565597, 1310216053, 'Goal', '1', '30', 'Aguilar P', NULL),
(1310565619, 1310216055, 'Goal', '2', '75', 'Velázquez P', NULL),
(1310565621, 1310216056, 'Goal', '1', '21', 'Viatri L', NULL),
(1310565623, 1310216056, 'Goal', '2', '43', 'Chiapas J', NULL),
(1310565988, 1310216058, 'Penalty', '2', '90', 'Sánchez C', NULL),
(1310565926, 1310216058, 'Penalty', '1', '19', 'Bravo M', NULL),
(1310565939, 1310216058, 'Goal', '1', '36', 'Bravo M', NULL),
(1310565986, 1310216058, 'Goal', '2', '90', 'Alustiza M', NULL),
(1310566182, 1310220490, 'Goal', '1', '6', 'Losper T', NULL),
(1310566183, 1310220490, 'Goal', '2', '50', 'Hiwat Giovanni', NULL),
(1310566184, 1310220490, 'Goal', '2', '59', 'Benson Fred', NULL),
(1310566231, 1310220491, 'Goal', '1', '31', 'Barto Martijn', NULL),
(1310566239, 1310220491, 'Goal', '1', '62', 'Barto Martijn', NULL),
(1310566240, 1310220491, 'Goal', '1', '77', 'Barto Martijn', NULL),
(1310566235, 1310220491, 'Goal', '2', '44', 'Frans Frederik ', NULL),
(1310566241, 1310220491, 'Goal', '1', '90', 'de Graaf ', NULL),
(1310566362, 1310220557, 'Goal', '1', '5', 'Đorđević L', NULL),
(1310566363, 1310220557, 'Goal', '1', '33', 'Gutierrez Felipe', NULL),
(1310566369, 1310220557, 'Goal', '2', '89', 'Promes ', NULL),
(1310566370, 1310220558, 'Goal', '1', '82', 'Szilvasi ', NULL),
(1310566372, 1310220559, 'Goal', '2', '45', 'Emond R', NULL),
(1310566376, 1310220559, 'Goal', '2', '74', 'Tričkovski I', NULL),
(1310566375, 1310220559, 'Goal', '1', '63', 'De Rechter  Sven', NULL);

-- --------------------------------------------------------

--
-- Table structure for table `league`
--

CREATE TABLE `league` (
  `id` int(11) NOT NULL,
  `name` text,
  `country` text,
  `other` text,
  PRIMARY KEY (`id`)
) ENGINE=MyISAM DEFAULT CHARSET=utf8;

--
-- Dumping data for table `league`
--

INSERT INTO `league` (`id`, `name`, `country`, `other`) VALUES
(1310003697, 'Winner League', '376', NULL),
(1310003746, 'Clausura', '152', NULL),
(1310004078, 'Coupe De France', '250', NULL),
(1310003469, 'Clausura', '484', NULL),
(1310003705, '1. Division Phase A', '196', NULL),
(1310003378, 'A League', '036', NULL),
(1310003854, 'Serie C1 B', '380', NULL),
(1310003715, 'Primera Division', '724', NULL),
(1310003716, 'Segunda Division', '724', NULL),
(1310003664, 'Premier League', '919', NULL),
(1310003673, 'Premier League First Phase', '925', NULL),
(1310003740, 'Super League', '300', NULL),
(1310003956, 'Football League North', '300', NULL),
(1310003957, 'Football League South', '300', NULL),
(1310003541, 'Premier League', '921', NULL),
(1310003542, 'Championship', '921', NULL),
(1310003543, 'League One', '921', NULL),
(1310003544, 'League Two', '921', NULL),
(1310004131, 'West Asian Championship Final Stage', '916', NULL),
(1310004200, 'Club Friendlies', '916', NULL),
(1310003702, 'Liga de Honra', '620', NULL),
(1310003784, 'Taca de Portugal', '620', NULL),
(1310003651, 'Blue Square Premier', '907', NULL),
(1310003535, 'League One', '907', NULL),
(1310003537, 'League Two', '907', NULL),
(1310003704, 'FA Cup', '907', NULL),
(1310003771, 'Serie A', '380', NULL),
(1310004199, 'Friendlies National Teams', '916', NULL),
(1310004001, 'Africa Nations Championship 2014 Group C', '916', NULL),
(1310004000, 'Africa Nations Championship 2014 Group B', '916', NULL),
(1310004002, 'Africa Nations Championship 2014 Group D', '916', NULL),
(1310003999, 'Africa Nations Championship 2014 Group A', '916', NULL),
(1310003863, 'League Cup', '925', NULL),
(1310003670, 'Clausura', '862', NULL),
(1310004097, 'League Cup Group C 2nd Stage', '620', NULL),
(1310004096, 'League Cup Group B 2nd Stage', '620', NULL),
(1310004095, 'League Cup Group A 2nd Stage', '620', NULL),
(1310004098, 'League Cup Group D 2nd Stage', '620', NULL),
(1310003675, 'Liga Sagres', '620', NULL),
(1310003777, 'Clausura', '340', NULL),
(1310003772, 'Coppa Italia', '380', NULL),
(1310003853, 'Serie C1 A', '380', NULL),
(1310003769, 'Championnat National', '250', NULL),
(1310003747, 'Coupe De La Ligue', '250', NULL),
(1310003484, 'Ligue 1', '250', NULL),
(1310003485, 'Ligue 2', '250', NULL),
(1310004196, 'Türkiye Kupasi Group B', '792', NULL),
(1310004195, 'Türkiye Kupasi Group A', '792', NULL),
(1310003786, '1. Lig', '792', NULL),
(1310004076, 'Irish Cup', '919', NULL),
(1310003533, 'Championship', '907', NULL),
(1310003742, 'FA Trophy', '907', NULL),
(1310003527, 'League Cup', '907', NULL),
(1310003532, 'Premier League', '907', NULL),
(1310003649, 'Div. 2 Nationale', '056', NULL),
(1310003639, 'Becker van Belgie', '056', NULL),
(1310003955, 'Kypello Elladas', '300', NULL),
(1310004060, 'Cup', '196', NULL),
(1310003894, 'Copa Del Rey', '724', NULL),
(1310003695, 'Costa Rica Torneo de Verano', '188', NULL),
(1310003487, 'Eredivisie', '528', NULL),
(1310003488, 'Jupiler League', '528', NULL),
(1310004130, 'West Asian Championship Group C', '916', NULL),
(1310004129, 'West Asian Championship Group B', '916', NULL),
(1310004128, 'West Asian Championship Group A', '916', NULL),
(1226000520, 'Iran League', '364', NULL),
(1310003947, 'Emperors Cup', '392', NULL),
(1310004094, 'Paulista A1', '076', NULL),
(1310004122, 'Gaucho Taca Piratini', '076', NULL),
(1310004120, 'Carioca Taca Guanabara', '076', NULL),
(1310003768, 'Bolivia Clausura', '068', NULL),
(1310003471, 'Jupiler Pro League', '056', NULL),
(1310003744, 'Premier League', '710', NULL),
(1310003773, 'Serie B', '380', NULL),
(1310003678, 'Liga Nacional Clausura', '320', NULL);

-- --------------------------------------------------------

--
-- Table structure for table `matchFootball`
--

CREATE TABLE `matchFootball` (
  `id` int(11) NOT NULL,
  `teamA_id` int(11) DEFAULT NULL,
  `teamB_id` int(11) DEFAULT NULL,
  `time_match` text,
  `league_id` int(11) DEFAULT NULL,
  `HT` text,
  `FT` text,
  `status` text,
  `minute` text,
  `current_period` text,
  `other` text,
  PRIMARY KEY (`id`)
) ENGINE=MyISAM DEFAULT CHARSET=utf8;

--
-- Dumping data for table `matchFootball`
--

INSERT INTO `matchFootball` (`id`, `teamA_id`, `teamB_id`, `time_match`, `league_id`, `HT`, `FT`, `status`, `minute`, `current_period`, `other`) VALUES
(1310185514, 25599, 1001436, '2014-01-04 18:30', 1310003697, NULL, NULL, 'NSY', 'NSY', 'NSY', NULL),
(1310185517, 2963, 28355, '2014-01-04 17:00', 1310003697, NULL, NULL, 'NSY', 'NSY', 'NSY', NULL),
(1310185515, 28283, 26921, '2014-01-04 17:00', 1310003697, NULL, NULL, 'NSY', 'NSY', 'NSY', NULL),
(1310185511, 30756, 1310000889, '2014-01-04 17:00', 1310003697, NULL, NULL, 'NSY', 'NSY', 'NSY', NULL),
(1310185513, 25749, 523, '2014-01-04 16:00', 1310003697, NULL, NULL, 'NSY', 'NSY', 'NSY', NULL),
(1310190937, 24234, 2444, '2014-01-04 22:45', 1310003746, NULL, NULL, 'NSY', 'NSY', 'NSY', NULL),
(1310190941, 2219, 2224, '2014-01-04 22:30', 1310003746, NULL, NULL, 'NSY', 'NSY', 'NSY', NULL),
(1310190942, 24229, 25492, '2014-01-04 20:30', 1310003746, NULL, NULL, 'NSY', 'NSY', 'NSY', NULL),
(1310190945, 2878, 24226, '2014-01-04 01:15', 1310003746, '3:2', '4:2', 'Finished', 'Finished', 'Finished', NULL),
(1310215250, 25997, 711, '2014-01-04 14:30', 1310004078, NULL, NULL, 'NSY', 'NSY', 'NSY', NULL),
(1310215268, 344, 894, '2014-01-04 14:15', 1310004078, NULL, '0:0', 'inprogress', '12', '1st half', NULL),
(1310215261, 26000, 613, '2014-01-04 12:00', 1310004078, '0:0', '1:3', 'Finished', 'Finished', 'Finished', NULL),
(1310216052, 2436, 24195, '2014-01-04 04:30', 1310003469, '0:1', '1:1', 'Finished', 'Finished', 'Finished', NULL),
(1310216051, 24189, 26974, '2014-01-04 02:30', 1310003469, '0:1', '0:1', 'Finished', 'Finished', 'Finished', NULL),
(1310188696, 2422, 2415, '2014-01-04 17:00', 1310003705, NULL, NULL, 'NSY', 'NSY', 'NSY', NULL),
(1310188694, 2417, 2421, '2014-01-04 17:00', 1310003705, NULL, NULL, 'NSY', 'NSY', 'NSY', NULL),
(1310189263, 1310004093, 1242, '2014-01-04 16:00', 1310003705, NULL, NULL, 'NSY', 'NSY', 'NSY', NULL),
(1310188692, 2414, 241, '2014-01-04 14:00', 1310003705, NULL, '1:0', 'inprogress', '27', '1st half', NULL),
(1310188691, 244, 2424, '2014-01-04 14:00', 1310003705, NULL, '0:1', 'inprogress', '27', '1st half', NULL),
(1310165154, 27594, 27597, '2014-01-04 09:45', 1310003378, '0:1', '0:3', 'Finished', 'Finished', 'Finished', NULL),
(1310165153, 27595, 27596, '2014-01-04 07:30', 1310003378, '0:1', '0:1', 'Finished', 'Finished', 'Finished', NULL),
(1310203205, 602, 834, '2014-01-04 20:45', 1310003854, NULL, NULL, 'NSY', 'NSY', 'NSY', NULL),
(1310187796, 3077, 2001, '2014-01-04 22:00', 1310003715, NULL, NULL, 'NSY', 'NSY', 'NSY', NULL),
(1310187790, 978, 617, '2014-01-04 20:00', 1310003715, NULL, NULL, 'NSY', 'NSY', 'NSY', NULL),
(1310187797, 980, 292, '2014-01-04 18:00', 1310003715, NULL, NULL, 'NSY', 'NSY', 'NSY', NULL),
(1310187791, 657, 258, '2014-01-04 16:00', 1310003715, NULL, NULL, 'NSY', 'NSY', 'NSY', NULL),
(1310188194, 595, 658, '2014-01-04 20:00', 1310003716, NULL, NULL, 'NSY', 'NSY', 'NSY', NULL),
(1310188195, 381, 804, '2014-01-04 18:15', 1310003716, NULL, NULL, 'NSY', 'NSY', 'NSY', NULL),
(1310197067, 1586, 933, '2014-01-04 18:00', 1310003716, NULL, NULL, 'NSY', 'NSY', 'NSY', NULL),
(1310188199, 533, 24415, '2014-01-04 18:00', 1310003716, NULL, NULL, 'NSY', 'NSY', 'NSY', NULL),
(1310188196, 24410, 26341, '2014-01-04 18:00', 1310003716, NULL, NULL, 'NSY', 'NSY', 'NSY', NULL),
(1310188191, 723, 223, '2014-01-04 18:00', 1310003716, NULL, NULL, 'NSY', 'NSY', 'NSY', NULL),
(1310188190, 27093, 436, '2014-01-04 18:00', 1310003716, NULL, NULL, 'NSY', 'NSY', 'NSY', NULL),
(1310181739, 1402, 1100000000, '2014-01-04 16:00', 1310003664, NULL, NULL, 'NSY', 'NSY', 'NSY', NULL),
(1310181736, 1403, 1310002299, '2014-01-04 16:00', 1310003664, NULL, NULL, 'NSY', 'NSY', 'NSY', NULL),
(1310181735, 25609, 1310001432, '2014-01-04 16:00', 1310003664, NULL, NULL, 'NSY', 'NSY', 'NSY', NULL),
(1310181740, 1310002319, 1100000021, '2014-01-04 14:30', 1310003664, NULL, NULL, 'NSY', 'NSY', 'NSY', NULL),
(1310181589, 23254, 23147, '2014-01-04 15:30', 1310003673, NULL, NULL, 'NSY', 'NSY', 'NSY', NULL),
(1310181588, 23243, 23144, '2014-01-04 15:30', 1310003673, NULL, NULL, 'NSY', 'NSY', 'NSY', NULL),
(1310181587, 2334, 23247, '2014-01-04 15:30', 1310003673, NULL, NULL, 'NSY', 'NSY', 'NSY', NULL),
(1310181586, 1380, 1319, '2014-01-04 15:30', 1310003673, NULL, NULL, 'NSY', 'NSY', 'NSY', NULL),
(1310181585, 23175, 23140, '2014-01-04 15:30', 1310003673, NULL, NULL, 'NSY', 'NSY', 'NSY', NULL),
(1310189432, 737, 1310001183, '2014-01-04 18:30', 1310003740, NULL, NULL, 'NSY', 'NSY', 'NSY', NULL),
(1310189434, 4322, 23045, '2014-01-04 16:15', 1310003740, NULL, NULL, 'NSY', 'NSY', 'NSY', NULL),
(1310189428, 1682, 26596, '2014-01-04 14:00', 1310003740, NULL, '0:1', 'inprogress', '27', '1st half', NULL),
(1310207730, 1310003035, 1310002993, '2014-01-04 14:00', 1310003956, NULL, '1:0', 'inprogress', '27', '1st half', NULL),
(1310207914, 1310001242, 2760, '2014-01-04 14:00', 1310003957, NULL, '0:2', 'inprogress', '27', '1st half', NULL),
(1310207912, 1310001227, 1681, '2014-01-04 14:00', 1310003957, NULL, '0:1', 'inprogress', '27', '1st half', NULL),
(1310171586, 825, 896, '2014-01-04 16:00', 1310003541, NULL, NULL, 'NSY', 'NSY', 'NSY', NULL),
(1310171585, 688, 550, '2014-01-04 13:45', 1310003541, NULL, NULL, 'Postponed', 'Postponed', 'Postponed', NULL),
(1310215231, 251, 947, '2014-01-04 18:15', 1310003704, NULL, NULL, 'NSY', 'NSY', 'NSY', NULL),
(1310215212, 672, 541, '2014-01-04 16:00', 1310003704, NULL, NULL, 'NSY', 'NSY', 'NSY', NULL),
(1310215211, 885, 675, '2014-01-04 16:00', 1310003704, NULL, NULL, 'NSY', 'NSY', 'NSY', NULL),
(1310215210, 325, 1011, '2014-01-04 16:00', 1310003704, NULL, NULL, 'NSY', 'NSY', 'NSY', NULL),
(1310215208, 1037, 621, '2014-01-04 16:00', 1310003704, NULL, NULL, 'NSY', 'NSY', 'NSY', NULL),
(1310216204, 274, 387, '2014-01-04 16:00', 1310003704, NULL, NULL, 'NSY', 'NSY', 'NSY', NULL),
(1310215228, 297, 661, '2014-01-04 13:45', 1310003704, NULL, '0:0', 'inprogress', '42', '1st half', NULL),
(1310219090, 1310000320, 517, '2014-01-06 20:00', 1310004200, NULL, NULL, 'NSY', 'NSY', 'NSY', NULL),
(1310207731, 1200002219, 4321, '2014-01-06 14:00', 1310003956, NULL, '0:0', 'inprogress', '20', '1st half', NULL),
(1310189430, 249, 25983, '2014-01-06 18:30', 1310003740, NULL, NULL, 'NSY', 'NSY', 'NSY', NULL),
(1310194343, 702, 838, '2014-01-06 12:30', 1310003771, '0:0', '2:0', 'inprogress', '90+', '2nd half', NULL),
(1310194336, 352, 307, '2014-01-06 15:00', 1310003771, NULL, NULL, 'NSY', 'NSY', 'NSY', NULL),
(1310194339, 485, 27020, '2014-01-06 15:00', 1310003771, NULL, NULL, 'NSY', 'NSY', 'NSY', NULL),
(1310194342, 673, 255, '2014-01-06 15:00', 1310003771, NULL, NULL, 'NSY', 'NSY', 'NSY', NULL),
(1310194344, 760, 943, '2014-01-06 15:00', 1310003771, NULL, NULL, 'NSY', 'NSY', 'NSY', NULL),
(1310194345, 965, 993, '2014-01-06 15:00', 1310003771, NULL, NULL, 'NSY', 'NSY', 'NSY', NULL),
(1310194341, 599, 65, '2014-01-06 18:30', 1310003771, NULL, NULL, 'NSY', 'NSY', 'NSY', NULL),
(1310216059, 259, 1310001899, '2014-01-06 00:01', 1310003469, '0:1', '1:1', 'Finished', 'Finished', 'Finished', NULL),
(1310185516, 653, 1411, '2014-01-06 19:50', 1310003697, NULL, NULL, 'NSY', 'NSY', 'NSY', NULL),
(1310187799, 803, 354, '2014-01-06 19:00', 1310003715, NULL, NULL, 'NSY', 'NSY', 'NSY', NULL),
(1310187794, 981, 999, '2014-01-06 22:00', 1310003715, NULL, NULL, 'NSY', 'NSY', 'NSY', NULL),
(1310181737, 29885, 1100000031, '2014-01-06 21:05', 1310003664, NULL, NULL, 'NSY', 'NSY', 'NSY', NULL),
(1310220076, 876, 425, '2014-01-08 11:00', 1310004200, NULL, NULL, 'NSY', 'NSY', 'NSY', NULL),
(1310220077, 329, 3185, '2014-01-08 13:00', 1310004200, NULL, NULL, 'NSY', 'NSY', 'NSY', NULL),
(1310220210, 30315, 2633, '2014-01-08 13:30', 1310004200, NULL, NULL, 'NSY', 'NSY', 'NSY', NULL),
(1310220229, 530, 618, '2014-01-07 01:00', 1310004200, NULL, NULL, 'NSY', 'NSY', 'NSY', NULL),
(1310220262, 28142, 28143, '2014-01-07 09:00', 1310004200, NULL, NULL, 'NSY', 'NSY', 'NSY', NULL),
(1310220075, 27543, 418, '2014-01-07 13:00', 1310004200, NULL, NULL, 'NSY', 'NSY', 'NSY', NULL),
(1310220065, 1586, 1850, '2014-01-07 17:00', 1310004200, NULL, NULL, 'NSY', 'NSY', 'NSY', NULL),
(1310220205, 1226000345, 1850, '2014-01-07 16:00', 1310004200, NULL, NULL, 'NSY', 'NSY', 'NSY', NULL),
(1310220230, 24080, 656, '2014-01-07 16:00', 1310004200, NULL, NULL, 'NSY', 'NSY', 'NSY', NULL),
(1310220063, 2429, 1363, '2014-01-07 16:00', 1310004200, NULL, NULL, 'NSY', 'NSY', 'NSY', NULL),
(1310220064, 229, 373, '2014-01-07 16:30', 1310004200, NULL, NULL, 'NSY', 'NSY', 'NSY', NULL),
(1310219091, 1029, 1002, '2014-01-07 16:30', 1310004200, NULL, NULL, 'NSY', 'NSY', 'NSY', NULL),
(1310220256, 1310001040, 667, '2014-01-08 19:30', 1310004200, NULL, NULL, 'NSY', 'NSY', 'NSY', NULL),
(1310220067, 1757, 316, '2014-01-08 16:30', 1310004200, NULL, NULL, 'NSY', 'NSY', 'NSY', NULL),
(1310220066, 27099, 1850, '2014-01-08 16:30', 1310004200, NULL, NULL, 'NSY', 'NSY', 'NSY', NULL),
(1310220255, 1100000223, 262, '2014-01-08 18:00', 1310004200, NULL, NULL, 'NSY', 'NSY', 'NSY', NULL),
(1310219337, 704, 656, '2014-01-08 16:00', 1310004200, NULL, NULL, 'NSY', 'NSY', 'NSY', NULL),
(1310220214, 2631, 3185, '2014-01-10 14:00', 1310004200, NULL, NULL, 'NSY', 'NSY', 'NSY', NULL),
(1310220289, 1441, 697, '2014-01-10 14:30', 1310004200, NULL, NULL, 'NSY', 'NSY', 'NSY', NULL),
(1310219092, 530, 624, '2014-01-10 15:00', 1310004200, NULL, NULL, 'NSY', 'NSY', 'NSY', NULL),
(1310220071, 667, 974, '2014-01-10 16:00', 1310004200, NULL, NULL, 'NSY', 'NSY', 'NSY', NULL),
(1310220072, 819, 373, '2014-01-10 16:30', 1310004200, NULL, NULL, 'NSY', 'NSY', 'NSY', NULL),
(1310219093, 1029, 239, '2014-01-10 16:30', 1310004200, NULL, NULL, 'NSY', 'NSY', 'NSY', NULL),
(1310219094, 1002, 517, '2014-01-10 18:30', 1310004200, NULL, NULL, 'NSY', 'NSY', 'NSY', NULL),
(1310220279, 480, 220, '2014-01-10 19:30', 1310004200, NULL, NULL, 'NSY', 'NSY', 'NSY', NULL),
(1310220257, 789, 23090, '2014-01-09 18:00', 1310004200, NULL, NULL, 'NSY', 'NSY', 'NSY', NULL),
(1310220231, 1001145, 281, '2014-01-09 18:00', 1310004200, NULL, NULL, 'NSY', 'NSY', 'NSY', NULL),
(1310220233, 1036, 618, '2014-01-10 01:00', 1310004200, NULL, NULL, 'NSY', 'NSY', 'NSY', NULL),
(1310220232, 1001167, 916, '2014-01-09 19:00', 1310004200, NULL, NULL, 'NSY', 'NSY', 'NSY', NULL),
(1310220319, 951, 355, '2014-01-09 19:30', 1310004200, NULL, NULL, 'NSY', 'NSY', 'NSY', NULL),
(1310220211, 889, 1358, '2014-01-09 11:00', 1310004200, NULL, NULL, 'NSY', 'NSY', 'NSY', NULL),
(1310220212, 889, 27696, '2014-01-09 14:00', 1310004200, NULL, NULL, 'NSY', 'NSY', 'NSY', NULL),
(1310220078, 27551, 1024, '2014-01-09 14:30', 1310004200, NULL, NULL, 'NSY', 'NSY', 'NSY', NULL),
(1310220068, 2388, 2708, '2014-01-09 15:30', 1310004200, NULL, NULL, 'NSY', 'NSY', 'NSY', NULL),
(1310220069, 2429, 24080, '2014-01-09 16:00', 1310004200, NULL, NULL, 'NSY', 'NSY', 'NSY', NULL),
(1310220206, 229, 3026, '2014-01-09 16:00', 1310004200, NULL, NULL, 'NSY', 'NSY', 'NSY', NULL),
(1310220070, 1757, 1363, '2014-01-09 16:00', 1310004200, NULL, NULL, 'NSY', 'NSY', 'NSY', NULL),
(1310220073, 229, 23081, '2014-01-11 15:00', 1310004200, NULL, NULL, 'NSY', 'NSY', 'NSY', NULL),
(1310220259, 276, 463, '2014-01-11 15:00', 1310004200, NULL, NULL, 'NSY', 'NSY', 'NSY', NULL),
(1310220280, 1226000345, 974, '2014-01-11 15:00', 1310004200, NULL, NULL, 'NSY', 'NSY', 'NSY', NULL),
(1310220079, 557, 1854, '2014-01-11 14:15', 1310004200, NULL, NULL, 'NSY', 'NSY', 'NSY', NULL),
(1310220080, 649, 1335, '2014-01-11 14:30', 1310004200, NULL, NULL, 'NSY', 'NSY', 'NSY', NULL),
(1310220218, 837, 30315, '2014-01-11 14:00', 1310004200, NULL, NULL, 'NSY', 'NSY', 'NSY', NULL),
(1310220227, 853, 473, '2014-01-11 13:00', 1310004200, NULL, NULL, 'NSY', 'NSY', 'NSY', NULL),
(1310220216, 329, 27119, '2014-01-11 13:00', 1310004200, NULL, NULL, 'NSY', 'NSY', 'NSY', NULL),
(1310220321, 27740, 27699, '2014-01-11 13:00', 1310004200, NULL, NULL, 'NSY', 'NSY', 'NSY', NULL),
(1310220217, 2633, 868, '2014-01-11 13:30', 1310004200, NULL, NULL, 'NSY', 'NSY', 'NSY', NULL),
(1310220161, 1310005127, 1310005126, '2014-01-11 05:30', 1310004200, NULL, NULL, 'NSY', 'NSY', 'NSY', NULL),
(1310220215, 1358, 425, '2014-01-11 11:00', 1310004200, NULL, NULL, 'NSY', 'NSY', 'NSY', NULL),
(1310220320, 745, 27063, '2014-01-11 11:00', 1310004200, NULL, NULL, 'NSY', 'NSY', 'NSY', NULL),
(1310220213, 876, 28563, '2014-01-10 13:00', 1310004200, NULL, NULL, 'NSY', 'NSY', 'NSY', NULL),
(1310219867, 417, 903, '2014-01-11 01:00', 1310004200, NULL, NULL, 'NSY', 'NSY', 'NSY', NULL),
(1310220234, 208, 536, '2014-01-11 17:00', 1310004200, NULL, NULL, 'NSY', 'NSY', 'NSY', NULL),
(1310219096, 316, 474, '2014-01-11 18:00', 1310004200, NULL, NULL, 'NSY', 'NSY', 'NSY', NULL),
(1310219338, 695, 966, '2014-01-11 18:00', 1310004200, NULL, NULL, 'NSY', 'NSY', 'NSY', NULL),
(1310219095, 2388, 530, '2014-01-11 18:00', 1310004200, NULL, NULL, 'NSY', 'NSY', 'NSY', NULL),
(1310220258, 1363, 3026, '2014-01-11 16:30', 1310004200, NULL, NULL, 'NSY', 'NSY', 'NSY', NULL),
(1310220219, 2474, 539, '2014-01-12 13:00', 1310004200, NULL, NULL, 'NSY', 'NSY', 'NSY', NULL),
(1310220235, 1753, 916, '2014-01-11 19:00', 1310004200, NULL, NULL, 'NSY', 'NSY', 'NSY', NULL),
(1310220221, 1358, 28563, '2014-01-15 11:00', 1310004200, NULL, NULL, 'NSY', 'NSY', 'NSY', NULL),
(1310220222, 622, 27119, '2014-01-15 13:00', 1310004200, NULL, NULL, 'NSY', 'NSY', 'NSY', NULL),
(1310220223, 27099, 521, '2014-01-15 17:00', 1310004200, NULL, NULL, 'NSY', 'NSY', 'NSY', NULL),
(1310219103, 536, 652, '2014-01-15 15:00', 1310004200, NULL, NULL, 'NSY', 'NSY', 'NSY', NULL),
(1310220261, 330, 25672, '2014-01-15 15:00', 1310004200, NULL, NULL, 'NSY', 'NSY', 'NSY', NULL),
(1310219101, 725, 905, '2014-01-14 18:00', 1310004200, NULL, NULL, 'NSY', 'NSY', 'NSY', NULL),
(1310220220, 28304, 1310003932, '2014-01-14 18:00', 1310004200, NULL, NULL, 'NSY', 'NSY', 'NSY', NULL),
(1310219102, 304, 417, '2014-01-14 15:30', 1310004200, NULL, NULL, 'NSY', 'NSY', 'NSY', NULL),
(1310220074, 276, 316, '2014-01-14 16:00', 1310004200, NULL, NULL, 'NSY', 'NSY', 'NSY', NULL),
(1310220158, 3048, 517, '2014-01-14 16:30', 1310004200, NULL, NULL, 'NSY', 'NSY', 'NSY', NULL),
(1310220237, 1001413, 916, '2014-01-14 17:30', 1310004200, NULL, NULL, 'NSY', 'NSY', 'NSY', NULL),
(1310220236, 29711, 281, '2014-01-13 16:00', 1310004200, NULL, NULL, 'NSY', 'NSY', 'NSY', NULL),
(1310219100, 291, 652, '2014-01-12 18:00', 1310004200, NULL, NULL, 'NSY', 'NSY', 'NSY', NULL),
(1310220260, 417, 903, '2014-01-12 16:00', 1310004200, NULL, NULL, 'NSY', 'NSY', 'NSY', NULL),
(1310219098, 520, 536, '2014-01-12 16:00', 1310004200, NULL, NULL, 'NSY', 'NSY', 'NSY', NULL),
(1310219099, 304, 2388, '2014-01-12 15:00', 1310004200, NULL, NULL, 'NSY', 'NSY', 'NSY', NULL),
(1310219097, 704, 1017, '2014-01-12 15:00', 1310004200, NULL, NULL, 'NSY', 'NSY', 'NSY', NULL),
(1310219105, 656, 3061, '2014-01-15 18:00', 1310004200, NULL, NULL, 'NSY', 'NSY', 'NSY', NULL),
(1310219104, 895, 652, '2014-01-15 18:00', 1310004200, NULL, NULL, 'NSY', 'NSY', 'NSY', NULL),
(1310220207, 204, 470, '2014-01-15 18:00', 1310004200, NULL, NULL, 'NSY', 'NSY', 'NSY', NULL),
(1310220208, 508, 294, '2014-01-15 18:30', 1310004200, NULL, NULL, 'NSY', 'NSY', 'NSY', NULL),
(1310220209, 991, 750, '2014-01-15 19:00', 1310004200, NULL, NULL, 'NSY', 'NSY', 'NSY', NULL),
(1310220238, 2388, 692, '2014-01-16 14:00', 1310004200, NULL, NULL, 'NSY', 'NSY', 'NSY', NULL),
(1310219109, 1017, 905, '2014-01-16 18:00', 1310004200, NULL, NULL, 'NSY', 'NSY', 'NSY', NULL),
(1310219106, 725, 649, '2014-01-16 18:00', 1310004200, NULL, NULL, 'NSY', 'NSY', 'NSY', NULL),
(1310219107, 474, 1144, '2014-01-16 16:00', 1310004200, NULL, NULL, 'NSY', 'NSY', 'NSY', NULL),
(1310219108, 520, 2504, '2014-01-16 17:00', 1310004200, NULL, NULL, 'NSY', 'NSY', 'NSY', NULL),
(1310220302, 1619, 2873, '2014-01-07 14:15', 1310004131, NULL, NULL, 'NSY', 'NSY', 'NSY', NULL),
(1310220303, 1719, 2888, '2014-01-07 17:00', 1310004131, NULL, NULL, 'NSY', 'NSY', 'NSY', NULL),
(1310219055, 1051, 1069, '2014-01-15 01:00', 1310004199, NULL, NULL, 'NSY', 'NSY', 'NSY', NULL),
(1310219083, 25613, 25611, '2014-01-07 01:00', 1310004199, NULL, NULL, 'NSY', 'NSY', 'NSY', NULL),
(1310219084, 1233, 25613, '2014-01-08 01:00', 1310004199, NULL, NULL, 'NSY', 'NSY', 'NSY', NULL),
(1310210701, 1222, 1231, '2014-01-13 16:00', 1310004001, NULL, NULL, 'NSY', 'NSY', 'NSY', NULL),
(1310210702, 1215, 27327, '2014-01-13 19:00', 1310004001, NULL, NULL, 'NSY', 'NSY', 'NSY', NULL),
(1310210697, 1233, 25611, '2014-01-16 16:00', 1310004000, NULL, NULL, 'NSY', 'NSY', 'NSY', NULL),
(1310210698, 1235, 1075, '2014-01-16 19:00', 1310004000, NULL, NULL, 'NSY', 'NSY', 'NSY', NULL),
(1310210695, 1233, 1075, '2014-01-12 16:00', 1310004000, NULL, NULL, 'NSY', 'NSY', 'NSY', NULL),
(1310210696, 25611, 1235, '2014-01-12 19:00', 1310004000, NULL, NULL, 'NSY', 'NSY', 'NSY', NULL),
(1310210707, 1228, 27319, '2014-01-14 16:00', 1310004002, NULL, NULL, 'NSY', 'NSY', 'NSY', NULL),
(1310210708, 25613, 27320, '2014-01-14 19:00', 1310004002, NULL, NULL, 'NSY', 'NSY', 'NSY', NULL),
(1310210690, 2612, 1218, '2014-01-11 20:00', 1310003999, NULL, NULL, 'NSY', 'NSY', 'NSY', NULL),
(1310210689, 1078, 27326, '2014-01-11 17:00', 1310003999, NULL, NULL, 'NSY', 'NSY', 'NSY', NULL),
(1310210691, 1078, 2612, '2014-01-15 16:00', 1310003999, NULL, NULL, 'NSY', 'NSY', 'NSY', NULL),
(1310210692, 1218, 27326, '2014-01-15 20:00', 1310003999, NULL, NULL, 'NSY', 'NSY', 'NSY', NULL),
(1310181534, 2334, 1319, '2014-01-14 20:30', 1310003673, NULL, NULL, 'NSY', 'NSY', 'NSY', NULL),
(1310181581, 23147, 1380, '2014-01-14 20:30', 1310003673, NULL, NULL, 'NSY', 'NSY', 'NSY', NULL),
(1310181582, 2334, 23140, '2014-01-07 20:30', 1310003673, NULL, NULL, 'NSY', 'NSY', 'NSY', NULL),
(1310214722, 23147, 2334, '2014-01-11 16:00', 1310003863, NULL, NULL, 'NSY', 'NSY', 'NSY', NULL),
(1310216454, 1310000776, 1001347, '2014-01-11 20:30', 1310003670, NULL, NULL, 'NSY', 'NSY', 'NSY', NULL),
(1310216461, 27625, 27623, '2014-01-12 22:30', 1310003670, NULL, NULL, 'NSY', 'NSY', 'NSY', NULL),
(1310216462, 26014, 28373, '2014-01-13 02:30', 1310003670, NULL, NULL, 'NSY', 'NSY', 'NSY', NULL),
(1310216455, 27627, 27631, '2014-01-12 21:00', 1310003670, NULL, NULL, 'NSY', 'NSY', 'NSY', NULL),
(1310216460, 27629, 27626, '2014-01-12 21:30', 1310003670, NULL, NULL, 'NSY', 'NSY', 'NSY', NULL),
(1310216457, 29978, 25497, '2014-01-12 21:30', 1310003670, NULL, NULL, 'NSY', 'NSY', 'NSY', NULL),
(1310216458, 27621, 27628, '2014-01-12 21:30', 1310003670, NULL, NULL, 'NSY', 'NSY', 'NSY', NULL),
(1310216456, 29977, 27622, '2014-01-12 21:30', 1310003670, NULL, NULL, 'NSY', 'NSY', 'NSY', NULL),
(1310216459, 26392, 25496, '2014-01-12 21:30', 1310003670, NULL, NULL, 'NSY', 'NSY', 'NSY', NULL),
(1310214877, 1961, 283, '2014-01-16 18:00', 1310004097, NULL, NULL, 'NSY', 'NSY', 'NSY', NULL),
(1310214878, 313, 282, '2014-01-15 17:00', 1310004097, NULL, NULL, 'NSY', 'NSY', 'NSY', NULL),
(1310214872, 893, 665, '2014-01-14 20:45', 1310004096, NULL, NULL, 'NSY', 'NSY', 'NSY', NULL),
(1310214871, 780, 2088, '2014-01-15 19:30', 1310004096, NULL, NULL, 'NSY', 'NSY', 'NSY', NULL),
(1310214864, 858, 4401, '2014-01-08 19:00', 1310004095, NULL, NULL, 'NSY', 'NSY', 'NSY', NULL),
(1310214866, 814, 858, '2014-01-15 19:30', 1310004095, NULL, NULL, 'NSY', 'NSY', 'NSY', NULL),
(1310214865, 1458, 4401, '2014-01-15 17:00', 1310004095, NULL, NULL, 'NSY', 'NSY', 'NSY', NULL),
(1310185845, 455, 2091, '2014-01-12 16:00', 1310003702, NULL, NULL, 'NSY', 'NSY', 'NSY', NULL),
(1310185842, 2094, 2447, '2014-01-12 16:00', 1310003702, NULL, NULL, 'NSY', 'NSY', 'NSY', NULL),
(1310185843, 1958, 4388, '2014-01-12 16:00', 1310003702, NULL, NULL, 'NSY', 'NSY', 'NSY', NULL),
(1310185850, 2814, 1310001924, '2014-01-12 16:00', 1310003702, NULL, NULL, 'NSY', 'NSY', 'NSY', NULL),
(1310185847, 1310001927, 2088, '2014-01-12 16:00', 1310003702, NULL, NULL, 'NSY', 'NSY', 'NSY', NULL),
(1310185851, 4397, 1310001926, '2014-01-12 16:00', 1310003702, NULL, NULL, 'NSY', 'NSY', 'NSY', NULL),
(1310185849, 4401, 30485, '2014-01-12 16:00', 1310003702, NULL, NULL, 'NSY', 'NSY', 'NSY', NULL),
(1310185841, 1310001923, 2812, '2014-01-12 12:00', 1310003702, NULL, NULL, 'NSY', 'NSY', 'NSY', NULL),
(1310185846, 1310001922, 282, '2014-01-12 12:00', 1310003702, NULL, NULL, 'NSY', 'NSY', 'NSY', NULL),
(1310185848, 362, 1960, '2014-01-12 12:15', 1310003702, NULL, NULL, 'NSY', 'NSY', 'NSY', NULL),
(1310185844, 2096, 1457, '2014-01-11 16:00', 1310003702, NULL, NULL, 'NSY', 'NSY', 'NSY', NULL),
(1310185839, 2088, 455, '2014-01-08 16:00', 1310003702, NULL, NULL, 'NSY', 'NSY', 'NSY', NULL),
(1310185838, 282, 1310001927, '2014-01-08 16:00', 1310003702, NULL, NULL, 'NSY', 'NSY', 'NSY', NULL),
(1310214883, 1957, 490, '2014-01-15 17:00', 1310004098, NULL, NULL, 'NSY', 'NSY', 'NSY', NULL),
(1310214884, 289, 2091, '2014-01-15 21:45', 1310004098, NULL, NULL, 'NSY', 'NSY', 'NSY', NULL),
(1310214881, 490, 2091, '2014-01-08 20:00', 1310004098, NULL, NULL, 'NSY', 'NSY', 'NSY', NULL),
(1310181344, 313, 506, '2014-01-10 21:00', 1310003675, NULL, NULL, 'NSY', 'NSY', 'NSY', NULL),
(1310181339, 1961, 893, '2014-01-11 21:15', 1310003675, NULL, NULL, 'NSY', 'NSY', 'NSY', NULL),
(1310181342, 814, 665, '2014-01-11 19:00', 1310003675, NULL, NULL, 'NSY', 'NSY', 'NSY', NULL),
(1310181340, 1957, 490, '2014-01-12 20:15', 1310003675, NULL, NULL, 'NSY', 'NSY', 'NSY', NULL),
(1310181337, 28701, 283, '2014-01-12 17:00', 1310003675, NULL, NULL, 'NSY', 'NSY', 'NSY', NULL),
(1310181341, 289, 780, '2014-01-12 17:00', 1310003675, NULL, NULL, 'NSY', 'NSY', 'NSY', NULL),
(1310181338, 212, 1458, '2014-01-12 17:00', 1310003675, NULL, NULL, 'NSY', 'NSY', 'NSY', NULL),
(1310181343, 25720, 858, '2014-01-12 17:00', 1310003675, NULL, NULL, 'NSY', 'NSY', 'NSY', NULL),
(1310218144, 28521, 1310004454, '2014-01-12 02:00', 1310003777, NULL, NULL, 'NSY', 'NSY', 'NSY', NULL),
(1310218148, 2201, 1310001966, '2014-01-12 22:30', 1310003777, NULL, NULL, 'NSY', 'NSY', 'NSY', NULL),
(1310218145, 1310001964, 27974, '2014-01-12 21:00', 1310003777, NULL, NULL, 'NSY', 'NSY', 'NSY', NULL),
(1310218146, 1310001965, 1310001968, '2014-01-12 22:00', 1310003777, NULL, NULL, 'NSY', 'NSY', 'NSY', NULL),
(1310218147, 1310001967, 30038, '2014-01-12 22:00', 1310003777, NULL, NULL, 'NSY', 'NSY', 'NSY', NULL),
(1310194347, 307, 599, '2014-01-11 20:45', 1310003771, NULL, NULL, 'NSY', 'NSY', 'NSY', NULL),
(1310194355, 943, 466, '2014-01-12 12:30', 1310003771, NULL, NULL, 'NSY', 'NSY', 'NSY', NULL),
(1310194351, 631, 760, '2014-01-11 18:00', 1310003771, NULL, NULL, 'NSY', 'NSY', 'NSY', NULL),
(1310194350, 65, 370, '2014-01-13 21:00', 1310003771, NULL, NULL, 'NSY', 'NSY', 'NSY', NULL),
(1310194353, 838, 965, '2014-01-13 19:00', 1310003771, NULL, NULL, 'NSY', 'NSY', 'NSY', NULL),
(1310194354, 27020, 673, '2014-01-12 20:45', 1310003771, NULL, NULL, 'NSY', 'NSY', 'NSY', NULL),
(1310194348, 340, 562, '2014-01-12 15:00', 1310003771, NULL, NULL, 'NSY', 'NSY', 'NSY', NULL),
(1310194346, 255, 352, '2014-01-12 15:00', 1310003771, NULL, NULL, 'NSY', 'NSY', 'NSY', NULL),
(1310194352, 820, 485, '2014-01-12 15:00', 1310003771, NULL, NULL, 'NSY', 'NSY', 'NSY', NULL),
(1310194349, 993, 702, '2014-01-12 15:00', 1310003771, NULL, NULL, 'NSY', 'NSY', 'NSY', NULL),
(1310215190, 599, 760, '2014-01-14 21:00', 1310003772, NULL, NULL, 'NSY', 'NSY', 'NSY', NULL),
(1310215187, 352, 867, '2014-01-15 16:00', 1310003772, NULL, NULL, 'NSY', 'NSY', 'NSY', NULL),
(1310215184, 673, 1625, '2014-01-15 18:00', 1310003772, NULL, NULL, 'NSY', 'NSY', 'NSY', NULL),
(1310215191, 702, 255, '2014-01-15 21:00', 1310003772, NULL, NULL, 'NSY', 'NSY', 'NSY', NULL),
(1310215185, 965, 65, '2014-01-09 21:00', 1310003772, NULL, NULL, 'NSY', 'NSY', 'NSY', NULL),
(1310215188, 820, 838, '2014-01-09 18:00', 1310003772, NULL, NULL, 'NSY', 'NSY', 'NSY', NULL),
(1310215186, 466, 370, '2014-01-08 21:00', 1310003772, NULL, NULL, 'NSY', 'NSY', 'NSY', NULL),
(1310202279, 712, 30148, '2014-01-12 01:00', 1310003854, NULL, NULL, 'NSY', 'NSY', 'NSY', NULL),
(1310202273, 288, 25765, '2014-01-12 01:00', 1310003854, NULL, NULL, 'NSY', 'NSY', 'NSY', NULL),
(1310202275, 777, 27634, '2014-01-12 01:00', 1310003854, NULL, NULL, 'NSY', 'NSY', 'NSY', NULL),
(1310202272, 28455, 252, '2014-01-12 01:00', 1310003854, NULL, NULL, 'NSY', 'NSY', 'NSY', NULL),
(1310202278, 24306, 2450, '2014-01-12 01:00', 1310003854, NULL, NULL, 'NSY', 'NSY', 'NSY', NULL),
(1310202277, 25764, 771, '2014-01-12 01:00', 1310003854, NULL, NULL, 'NSY', 'NSY', 'NSY', NULL),
(1310202276, 1001458, 766, '2014-01-12 01:00', 1310003854, NULL, NULL, 'NSY', 'NSY', 'NSY', NULL),
(1310202274, 594, 602, '2014-01-12 01:00', 1310003854, NULL, NULL, 'NSY', 'NSY', 'NSY', NULL),
(1310202048, 1310002229, 348, '2014-01-12 01:00', 1310003853, NULL, NULL, 'NSY', 'NSY', 'NSY', NULL),
(1310202050, 1001466, 389, '2014-01-12 01:00', 1310003853, NULL, NULL, 'NSY', 'NSY', 'NSY', NULL),
(1310202053, 26380, 805, '2014-01-12 01:00', 1310003853, NULL, NULL, 'NSY', 'NSY', 'NSY', NULL),
(1310203174, 645, 990, '2014-01-12 01:00', 1310003853, NULL, NULL, 'NSY', 'NSY', 'NSY', NULL),
(1310202049, 995, 378, '2014-01-12 01:00', 1310003853, NULL, NULL, 'NSY', 'NSY', 'NSY', NULL),
(1310202052, 3130, 1310000908, '2014-01-12 01:00', 1310003853, NULL, NULL, 'NSY', 'NSY', 'NSY', NULL),
(1310202047, 1001464, 225, '2014-01-12 01:00', 1310003853, NULL, NULL, 'NSY', 'NSY', 'NSY', NULL),
(1310202051, 1310004456, 24271, '2014-01-12 01:00', 1310003853, NULL, NULL, 'NSY', 'NSY', 'NSY', NULL),
(1310195788, 2074, 27218, '2014-01-10 20:30', 1310003769, NULL, NULL, 'NSY', 'NSY', 'NSY', NULL),
(1310195790, 1922, 1310001259, '2014-01-10 20:00', 1310003769, NULL, NULL, 'NSY', 'NSY', 'NSY', NULL),
(1310195792, 26005, 27950, '2014-01-10 20:00', 1310003769, NULL, NULL, 'NSY', 'NSY', 'NSY', NULL),
(1310195794, 237, 4431, '2014-01-10 20:00', 1310003769, NULL, NULL, 'NSY', 'NSY', 'NSY', NULL),
(1310195793, 914, 27943, '2014-01-10 20:00', 1310003769, NULL, NULL, 'NSY', 'NSY', 'NSY', NULL),
(1310195791, 1310003129, 4419, '2014-01-10 20:00', 1310003769, NULL, NULL, 'NSY', 'NSY', 'NSY', NULL),
(1310195789, 2047, 27221, '2014-01-10 20:00', 1310003769, NULL, NULL, 'NSY', 'NSY', 'NSY', NULL),
(1310195796, 2856, 1781, '2014-01-10 20:00', 1310003769, NULL, NULL, 'NSY', 'NSY', 'NSY', NULL),
(1310195795, 27940, 26684, '2014-01-10 20:00', 1310003769, NULL, NULL, 'NSY', 'NSY', 'NSY', NULL),
(1310216261, 651, 200, '2014-01-15 20:55', 1310003747, NULL, NULL, 'NSY', 'NSY', 'NSY', NULL),
(1310216263, 958, 25466, '2014-01-15 18:45', 1310003747, NULL, NULL, 'NSY', 'NSY', 'NSY', NULL),
(1310216262, 701, 709, '2014-01-15 18:45', 1310003747, NULL, NULL, 'NSY', 'NSY', 'NSY', NULL),
(1310216260, 309, 788, '2014-01-14 21:00', 1310003747, NULL, NULL, 'NSY', 'NSY', 'NSY', NULL),
(1310167629, 682, 678, '2014-01-10 20:30', 1310003484, NULL, NULL, 'NSY', 'NSY', 'NSY', NULL),
(1310167600, 894, 25466, '2014-01-08 20:45', 1310003484, NULL, NULL, 'NSY', 'NSY', 'NSY', NULL),
(1310167624, 309, 948, '2014-01-11 20:00', 1310003484, NULL, NULL, 'NSY', 'NSY', 'NSY', NULL),
(1310167632, 2844, 277, '2014-01-11 20:00', 1310003484, NULL, NULL, 'NSY', 'NSY', 'NSY', NULL),
(1310167631, 807, 709, '2014-01-11 20:00', 1310003484, NULL, NULL, 'NSY', 'NSY', 'NSY', NULL),
(1310167628, 651, 878, '2014-01-11 20:00', 1310003484, NULL, NULL, 'NSY', 'NSY', 'NSY', NULL),
(1310167626, 507, 894, '2014-01-11 20:00', 1310003484, NULL, NULL, 'NSY', 'NSY', 'NSY', NULL),
(1310167623, 219, 788, '2014-01-11 17:00', 1310003484, NULL, NULL, 'NSY', 'NSY', 'NSY', NULL),
(1310167627, 625, 2029, '2014-01-12 21:00', 1310003484, NULL, NULL, 'NSY', 'NSY', 'NSY', NULL),
(1310167625, 25466, 200, '2014-01-12 17:00', 1310003484, NULL, NULL, 'NSY', 'NSY', 'NSY', NULL),
(1310167630, 701, 640, '2014-01-12 14:00', 1310003484, NULL, NULL, 'NSY', 'NSY', 'NSY', NULL),
(1310215275, 2049, 788, '2014-01-07 20:15', 1310004078, NULL, NULL, 'NSY', 'NSY', 'NSY', NULL),
(1310168541, 2049, 613, '2014-01-13 20:30', 1310003485, NULL, NULL, 'NSY', 'NSY', 'NSY', NULL),
(1310168540, 264, 27959, '2014-01-10 20:00', 1310003485, NULL, NULL, 'NSY', 'NSY', 'NSY', NULL),
(1310168546, 600, 671, '2014-01-10 20:00', 1310003485, NULL, NULL, 'NSY', 'NSY', 'NSY', NULL),
(1310168543, 390, 361, '2014-01-10 20:00', 1310003485, NULL, NULL, 'NSY', 'NSY', 'NSY', NULL),
(1310168545, 598, 710, '2014-01-10 20:00', 1310003485, NULL, NULL, 'NSY', 'NSY', 'NSY', NULL),
(1310168547, 2025, 339, '2014-01-10 20:00', 1310003485, NULL, NULL, 'NSY', 'NSY', 'NSY', NULL),
(1310168542, 26622, 711, '2014-01-10 20:00', 1310003485, NULL, NULL, 'NSY', 'NSY', 'NSY', NULL),
(1310168548, 958, 2020, '2014-01-10 20:00', 1310003485, NULL, NULL, 'NSY', 'NSY', 'NSY', NULL),
(1310168544, 4434, 2390, '2014-01-10 20:00', 1310003485, NULL, NULL, 'NSY', 'NSY', 'NSY', NULL),
(1310168539, 1353, 700, '2014-01-11 14:00', 1310003485, NULL, NULL, 'NSY', 'NSY', 'NSY', NULL),
(1310219036, 2753, 242, '2014-01-15 15:30', 1310004196, NULL, NULL, 'NSY', 'NSY', 'NSY', NULL),
(1310219035, 480, 2741, '2014-01-15 18:00', 1310004196, NULL, NULL, 'NSY', 'NSY', 'NSY', NULL),
(1310219023, 26958, 28567, '2014-01-14 15:30', 1310004195, NULL, NULL, 'NSY', 'NSY', 'NSY', NULL),
(1310219024, 332, 2749, '2014-01-14 18:00', 1310004195, NULL, NULL, 'NSY', 'NSY', 'NSY', NULL),
(1310197646, 4355, 2727, '2014-01-12 18:00', 1310003786, NULL, NULL, 'NSY', 'NSY', 'NSY', NULL),
(1310195497, 1310001254, 1001596, '2014-01-12 15:30', 1310003786, NULL, NULL, 'NSY', 'NSY', 'NSY', NULL),
(1310195493, 2724, 4351, '2014-01-12 15:30', 1310003786, NULL, NULL, 'NSY', 'NSY', 'NSY', NULL),
(1310195494, 25938, 27607, '2014-01-13 19:00', 1310003786, NULL, NULL, 'NSY', 'NSY', 'NSY', NULL),
(1310195496, 407, 2748, '2014-01-12 12:30', 1310003786, NULL, NULL, 'NSY', 'NSY', 'NSY', NULL),
(1310195498, 2728, 1972, '2014-01-12 12:30', 1310003786, NULL, NULL, 'NSY', 'NSY', 'NSY', NULL),
(1310195495, 1001445, 1001588, '2014-01-12 12:30', 1310003786, NULL, NULL, 'NSY', 'NSY', 'NSY', NULL),
(1310195492, 25937, 214, '2014-01-11 18:00', 1310003786, NULL, NULL, 'NSY', 'NSY', 'NSY', NULL),
(1310195491, 1978, 839, '2014-01-11 13:00', 1310003786, NULL, NULL, 'NSY', 'NSY', 'NSY', NULL),
(1310181746, 1100000000, 1310001432, '2014-01-14 20:45', 1310003664, NULL, NULL, 'NSY', 'NSY', 'NSY', NULL),
(1310181744, 1100000019, 1402, '2014-01-14 20:45', 1310003664, NULL, NULL, 'NSY', 'NSY', 'NSY', NULL),
(1310181743, 1100000031, 25609, '2014-01-14 20:45', 1310003664, NULL, NULL, 'NSY', 'NSY', 'NSY', NULL),
(1310181741, 1310002299, 2331, '2014-01-14 20:45', 1310003664, NULL, NULL, 'NSY', 'NSY', 'NSY', NULL),
(1310181742, 1403, 1310002319, '2014-01-14 20:45', 1310003664, NULL, NULL, 'NSY', 'NSY', 'NSY', NULL),
(1310181745, 1100000021, 29885, '2014-01-14 20:45', 1310003664, NULL, NULL, 'NSY', 'NSY', 'NSY', NULL),
(1310181738, 1100000019, 2331, '2014-01-07 20:45', 1310003664, NULL, NULL, 'NSY', 'NSY', 'NSY', NULL),
(1310216046, 1100000032, 1310002315, '2014-01-11 14:30', 1310004076, NULL, NULL, 'NSY', 'NSY', 'NSY', NULL),
(1310216049, 1310002316, 1310001174, '2014-01-11 14:30', 1310004076, NULL, NULL, 'NSY', 'NSY', 'NSY', NULL),
(1310216044, 1310002306, 25609, '2014-01-11 14:30', 1310004076, NULL, NULL, 'NSY', 'NSY', 'NSY', NULL),
(1310216038, 1310001428, 1310002302, '2014-01-11 16:00', 1310004076, NULL, NULL, 'NSY', 'NSY', 'NSY', NULL),
(1310216039, 1310001173, 1310002305, '2014-01-11 16:00', 1310004076, NULL, NULL, 'NSY', 'NSY', 'NSY', NULL),
(1310216037, 1310002301, 1310003087, '2014-01-11 16:00', 1310004076, NULL, NULL, 'NSY', 'NSY', 'NSY', NULL),
(1310216040, 1310000749, 1310002304, '2014-01-11 16:00', 1310004076, NULL, NULL, 'NSY', 'NSY', 'NSY', NULL),
(1310216036, 1310002299, 1310002300, '2014-01-11 16:00', 1310004076, NULL, NULL, 'NSY', 'NSY', 'NSY', NULL),
(1310216035, 1310001432, 1310005028, '2014-01-11 16:00', 1310004076, NULL, NULL, 'NSY', 'NSY', 'NSY', NULL),
(1310216045, 1100000021, 1310001175, '2014-01-11 16:00', 1310004076, NULL, NULL, 'NSY', 'NSY', 'NSY', NULL),
(1310216041, 2331, 1403, '2014-01-11 16:00', 1310004076, NULL, NULL, 'NSY', 'NSY', 'NSY', NULL),
(1310216048, 1100000000, 1402, '2014-01-11 16:00', 1310004076, NULL, NULL, 'NSY', 'NSY', 'NSY', NULL),
(1310216042, 29885, 1310003080, '2014-01-11 16:00', 1310004076, NULL, NULL, 'NSY', 'NSY', 'NSY', NULL),
(1310216050, 1310002319, 1310002303, '2014-01-11 16:00', 1310004076, NULL, NULL, 'NSY', 'NSY', 'NSY', NULL),
(1310216047, 1310002313, 1100000031, '2014-01-11 16:00', 1310004076, NULL, NULL, 'NSY', 'NSY', 'NSY', NULL),
(1310216043, 1100000019, 1310002320, '2014-01-11 16:00', 1310004076, NULL, NULL, 'NSY', 'NSY', 'NSY', NULL),
(1310183757, 1390, 26053, '2014-01-11 16:00', 1310003651, NULL, NULL, 'NSY', 'NSY', 'NSY', NULL),
(1310183759, 1387, 26582, '2014-01-11 16:00', 1310003651, NULL, NULL, 'Postponed', 'Postponed', 'Postponed', NULL),
(1310183753, 1890, 724, '2014-01-11 16:00', 1310003651, NULL, NULL, 'NSY', 'NSY', 'NSY', NULL),
(1310183760, 1032, 515, '2014-01-11 16:00', 1310003651, NULL, NULL, 'NSY', 'NSY', 'NSY', NULL),
(1310183751, 28999, 1817, '2014-01-11 16:00', 1310003651, NULL, NULL, 'Postponed', 'Postponed', 'Postponed', NULL),
(1310183754, 578, 24475, '2014-01-11 16:00', 1310003651, NULL, NULL, 'NSY', 'NSY', 'NSY', NULL),
(1310183736, 2789, 28999, '2014-01-10 20:45', 1310003651, NULL, NULL, 'NSY', 'NSY', 'NSY', NULL),
(1310183668, 515, 24475, '2014-01-07 20:45', 1310003651, NULL, NULL, 'NSY', 'NSY', 'NSY', NULL),
(1310183727, 26582, 341, '2014-01-07 20:45', 1310003651, NULL, NULL, 'NSY', 'NSY', 'NSY', NULL),
(1310183652, 627, 25944, '2014-01-07 20:45', 1310003651, NULL, NULL, 'NSY', 'NSY', 'NSY', NULL),
(1310183752, 468, 534, '2014-01-09 20:30', 1310003651, NULL, NULL, 'NSY', 'NSY', 'NSY', NULL),
(1310183669, 468, 502, '2014-01-14 20:45', 1310003651, NULL, NULL, 'NSY', 'NSY', 'NSY', NULL),
(1310183670, 1890, 1817, '2014-01-14 20:45', 1310003651, NULL, NULL, 'NSY', 'NSY', 'NSY', NULL),
(1310183672, 654, 627, '2014-01-14 20:45', 1310003651, NULL, NULL, 'Postponed', 'Postponed', 'Postponed', NULL),
(1310183622, 578, 1387, '2014-01-14 20:45', 1310003651, NULL, NULL, 'Postponed', 'Postponed', 'Postponed', NULL),
(1310183762, 25944, 2790, '2014-01-16 20:30', 1310003651, NULL, NULL, 'NSY', 'NSY', 'NSY', NULL),
(1310172940, 774, 885, '2014-01-11 16:00', 1310003537, NULL, NULL, 'NSY', 'NSY', 'NSY', NULL),
(1310172941, 26624, 946, '2014-01-11 16:00', 1310003537, NULL, NULL, 'NSY', 'NSY', 'NSY', NULL),
(1310172932, 716, 1039, '2014-01-11 16:00', 1310003537, NULL, NULL, 'NSY', 'NSY', 'NSY', NULL),
(1310172934, 368, 333, '2014-01-11 16:00', 1310003537, NULL, NULL, 'NSY', 'NSY', 'NSY', NULL),
(1310172935, 685, 1033, '2014-01-11 16:00', 1310003537, NULL, NULL, 'NSY', 'NSY', 'NSY', NULL),
(1310172936, 1891, 364, '2014-01-11 16:00', 1310003537, NULL, NULL, 'NSY', 'NSY', 'NSY', NULL),
(1310172933, 748, 781, '2014-01-11 16:00', 1310003537, NULL, NULL, 'NSY', 'NSY', 'NSY', NULL),
(1310172937, 326, 450, '2014-01-11 16:00', 1310003537, NULL, NULL, 'NSY', 'NSY', 'NSY', NULL),
(1310172943, 1389, 27176, '2014-01-11 16:00', 1310003537, NULL, NULL, 'NSY', 'NSY', 'NSY', NULL),
(1310172939, 663, 855, '2014-01-11 16:00', 1310003537, NULL, NULL, 'NSY', 'NSY', 'NSY', NULL),
(1310172942, 24002, 2786, '2014-01-11 16:00', 1310003537, NULL, NULL, 'NSY', 'NSY', 'NSY', NULL),
(1310172938, 525, 818, '2014-01-11 16:00', 1310003537, NULL, NULL, 'NSY', 'NSY', 'NSY', NULL),
(1310172375, 864, 621, '2014-01-07 20:45', 1310003535, NULL, NULL, 'NSY', 'NSY', 'NSY', NULL),
(1310172383, 321, 778, '2014-01-11 16:00', 1310003535, NULL, NULL, 'NSY', 'NSY', 'NSY', NULL),
(1310172389, 736, 907, '2014-01-11 16:00', 1310003535, NULL, NULL, 'NSY', 'NSY', 'NSY', NULL),
(1310172382, 827, 391, '2014-01-11 16:00', 1310003535, NULL, NULL, 'NSY', 'NSY', 'NSY', NULL),
(1310172384, 1030, 783, '2014-01-11 16:00', 1310003535, NULL, NULL, 'NSY', 'NSY', 'NSY', NULL),
(1310172388, 25657, 864, '2014-01-11 16:00', 1310003535, NULL, NULL, 'NSY', 'NSY', 'NSY', NULL),
(1310172391, 923, 768, '2014-01-11 16:00', 1310003535, NULL, NULL, 'NSY', 'NSY', 'NSY', NULL),
(1310172386, 312, 325, '2014-01-11 16:00', 1310003535, NULL, NULL, 'NSY', 'NSY', 'NSY', NULL),
(1310172380, 720, 861, '2014-01-11 16:00', 1310003535, NULL, NULL, 'NSY', 'NSY', 'NSY', NULL),
(1310172381, 376, 491, '2014-01-11 16:00', 1310003535, NULL, NULL, 'NSY', 'NSY', 'NSY', NULL),
(1310172385, 621, 346, '2014-01-11 16:00', 1310003535, NULL, NULL, 'NSY', 'NSY', 'NSY', NULL),
(1310172390, 952, 1009, '2014-01-11 16:00', 1310003535, NULL, NULL, 'NSY', 'NSY', 'NSY', NULL),
(1310172387, 387, 4364, '2014-01-12 16:00', 1310003535, NULL, NULL, 'NSY', 'NSY', 'NSY', NULL),
(1310172369, 907, 923, '2014-01-14 20:45', 1310003535, NULL, NULL, 'NSY', 'NSY', 'NSY', NULL),
(1310172376, 1009, 736, '2014-01-14 20:45', 1310003535, NULL, NULL, 'NSY', 'NSY', 'NSY', NULL),
(1310172373, 768, 720, '2014-01-14 20:45', 1310003535, NULL, NULL, 'Postponed', 'Postponed', 'Postponed', NULL),
(1310173657, 298, 672, '2014-01-11 16:00', 1310003533, NULL, NULL, 'NSY', 'NSY', 'NSY', NULL),
(1310173652, 1037, 331, '2014-01-11 16:00', 1310003533, NULL, NULL, 'NSY', 'NSY', 'NSY', NULL),
(1310173654, 1011, 802, '2014-01-11 16:00', 1310003533, NULL, NULL, 'NSY', 'NSY', 'NSY', NULL),
(1310173662, 1022, 311, '2014-01-11 16:00', 1310003533, NULL, NULL, 'NSY', 'NSY', 'NSY', NULL),
(1310173659, 540, 675, '2014-01-11 16:00', 1310003533, NULL, NULL, 'NSY', 'NSY', 'NSY', NULL),
(1310173661, 552, 791, '2014-01-11 16:00', 1310003533, NULL, NULL, 'NSY', 'NSY', 'NSY', NULL),
(1310173655, 324, 296, '2014-01-11 16:00', 1310003533, NULL, NULL, 'NSY', 'NSY', 'NSY', NULL),
(1310173653, 308, 719, '2014-01-11 16:00', 1310003533, NULL, NULL, 'NSY', 'NSY', 'NSY', NULL),
(1310173663, 360, 274, '2014-01-11 16:00', 1310003533, NULL, NULL, 'NSY', 'NSY', 'NSY', NULL),
(1310173660, 297, 415, '2014-01-11 16:00', 1310003533, NULL, NULL, 'NSY', 'NSY', 'NSY', NULL),
(1310173658, 862, 605, '2014-01-11 13:15', 1310003533, NULL, NULL, 'NSY', 'NSY', 'NSY', NULL),
(1310173656, 609, 408, '2014-01-10 20:45', 1310003533, NULL, NULL, 'NSY', 'NSY', 'NSY', NULL),
(1310216022, 1817, 4382, '2014-01-11 16:00', 1310003742, NULL, NULL, 'NSY', 'NSY', 'NSY', NULL),
(1310216025, 502, 27177, '2014-01-11 16:00', 1310003742, NULL, NULL, 'NSY', 'NSY', 'NSY', NULL),
(1310216023, 27855, 419, '2014-01-11 16:00', 1310003742, NULL, NULL, 'NSY', 'NSY', 'NSY', NULL),
(1310216030, 1810, 1812, '2014-01-11 16:00', 1310003742, NULL, NULL, 'NSY', 'NSY', 'NSY', NULL),
(1310216021, 341, 648, '2014-01-11 16:00', 1310003742, NULL, NULL, 'NSY', 'NSY', 'NSY', NULL),
(1310216208, 2790, 1300000020, '2014-01-11 16:00', 1310003742, NULL, NULL, 'NSY', 'NSY', 'NSY', NULL),
(1310216024, 627, 30618, '2014-01-11 16:00', 1310003742, NULL, NULL, 'NSY', 'NSY', 'NSY', NULL),
(1310216207, 30623, 1310001241, '2014-01-11 16:00', 1310003742, NULL, NULL, 'NSY', 'NSY', 'NSY', NULL),
(1310216221, 661, 1018, '2014-01-08 20:45', 1310003527, NULL, NULL, 'NSY', 'NSY', 'NSY', NULL),
(1310216219, 918, 660, '2014-01-07 20:45', 1310003527, NULL, NULL, 'NSY', 'NSY', 'NSY', NULL),
(1310171286, 541, 363, '2014-01-11 13:45', 1310003532, NULL, NULL, 'NSY', 'NSY', 'NSY', NULL),
(1310171283, 345, 1018, '2014-01-11 16:00', 1310003532, NULL, NULL, 'NSY', 'NSY', 'NSY', NULL),
(1310171284, 449, 718, '2014-01-11 16:00', 1310003532, NULL, NULL, 'NSY', 'NSY', 'NSY', NULL),
(1310171285, 477, 918, '2014-01-11 16:00', 1310003532, NULL, NULL, 'NSY', 'NSY', 'NSY', NULL),
(1310171291, 947, 395, '2014-01-11 16:00', 1310003532, NULL, NULL, 'NSY', 'NSY', 'NSY', NULL),
(1310171289, 884, 1014, '2014-01-11 16:00', 1310003532, NULL, NULL, 'NSY', 'NSY', 'NSY', NULL),
(1310171287, 660, 922, '2014-01-11 18:30', 1310003532, NULL, NULL, 'NSY', 'NSY', 'NSY', NULL),
(1310171282, 254, 251, '2014-01-13 21:00', 1310003532, NULL, NULL, 'NSY', 'NSY', 'NSY', NULL),
(1310171288, 707, 661, '2014-01-12 15:05', 1310003532, NULL, NULL, 'NSY', 'NSY', 'NSY', NULL),
(1310171290, 912, 629, '2014-01-12 17:10', 1310003532, NULL, NULL, 'NSY', 'NSY', 'NSY', NULL),
(1310215542, 4364, 326, '2014-01-08 20:45', 1310003704, NULL, NULL, 'NSY', 'NSY', 'NSY', NULL),
(1310215243, 360, 748, '2014-01-14 20:45', 1310003704, NULL, NULL, 'NSY', 'NSY', 'NSY', NULL),
(1310216205, 311, 1891, '2014-01-14 20:45', 1310003704, NULL, NULL, 'NSY', 'NSY', 'NSY', NULL),
(1310174013, 430, 913, '2014-01-11 16:00', 1310003543, NULL, NULL, 'NSY', 'NSY', 'NSY', NULL),
(1310174011, 246, 318, '2014-01-11 16:00', 1310003543, NULL, NULL, 'NSY', 'NSY', 'NSY', NULL),
(1310174012, 266, 218, '2014-01-11 16:00', 1310003543, NULL, NULL, 'NSY', 'NSY', 'NSY', NULL),
(1310174015, 799, 434, '2014-01-11 16:00', 1310003543, NULL, NULL, 'NSY', 'NSY', 'NSY', NULL),
(1310174014, 469, 906, '2014-01-11 16:00', 1310003543, NULL, NULL, 'NSY', 'NSY', 'NSY', NULL),
(1310173279, 226, 683, '2014-01-11 16:00', 1310003544, NULL, NULL, 'NSY', 'NSY', 'NSY', NULL),
(1310173283, 793, 909, '2014-01-11 16:00', 1310003544, NULL, NULL, 'NSY', 'NSY', 'NSY', NULL),
(1310173282, 1376, 374, '2014-01-11 16:00', 1310003544, NULL, NULL, 'NSY', 'NSY', 'NSY', NULL),
(1310173280, 290, 27187, '2014-01-11 16:00', 1310003544, NULL, NULL, 'NSY', 'NSY', 'NSY', NULL),
(1310173281, 435, 1377, '2014-01-11 16:00', 1310003544, NULL, NULL, 'NSY', 'NSY', 'NSY', NULL),
(1310171998, 686, 798, '2014-01-11 16:00', 1310003542, NULL, NULL, 'NSY', 'NSY', 'NSY', NULL),
(1310171995, 388, 426, '2014-01-11 16:00', 1310003542, NULL, NULL, 'NSY', 'NSY', 'NSY', NULL),
(1310171996, 428, 630, '2014-01-11 16:00', 1310003542, NULL, NULL, 'NSY', 'NSY', 'NSY', NULL),
(1310171999, 792, 230, '2014-01-11 16:00', 1310003542, NULL, NULL, 'NSY', 'NSY', 'NSY', NULL),
(1310171997, 454, 518, '2014-01-11 16:00', 1310003542, NULL, NULL, 'NSY', 'NSY', 'NSY', NULL),
(1310171588, 211, 538, '2014-01-10 20:45', 1310003541, NULL, NULL, 'NSY', 'NSY', 'NSY', NULL),
(1310171593, 896, 897, '2014-01-11 16:00', 1310003541, NULL, NULL, 'NSY', 'NSY', 'NSY', NULL),
(1310171590, 528, 688, '2014-01-11 16:00', 1310003541, NULL, NULL, 'NSY', 'NSY', 'NSY', NULL),
(1310171592, 761, 825, '2014-01-11 16:00', 1310003541, NULL, NULL, 'NSY', 'NSY', 'NSY', NULL),
(1310171591, 550, 429, '2014-01-12 13:45', 1310003541, NULL, NULL, 'NSY', 'NSY', 'NSY', NULL),
(1310182366, 23077, 901, '2014-01-12 15:00', 1310003649, NULL, NULL, 'NSY', 'NSY', 'NSY', NULL),
(1310182371, 207, 482, '2014-01-12 15:00', 1310003649, NULL, NULL, 'NSY', 'NSY', 'NSY', NULL),
(1310182365, 1019, 3168, '2014-01-11 20:00', 1310003649, NULL, NULL, 'NSY', 'NSY', 'NSY', NULL),
(1310182369, 1439, 28495, '2014-01-11 20:00', 1310003649, NULL, NULL, 'NSY', 'NSY', 'NSY', NULL),
(1310182370, 25876, 24079, '2014-01-11 20:00', 1310003649, NULL, NULL, 'NSY', 'NSY', 'NSY', NULL),
(1310182367, 1844, 1001412, '2014-01-11 20:00', 1310003649, NULL, NULL, 'NSY', 'NSY', 'NSY', NULL),
(1310182363, 27658, 2711, '2014-01-11 19:00', 1310003649, NULL, NULL, 'NSY', 'NSY', 'NSY', NULL),
(1310182364, 3167, 23080, '2014-01-11 19:30', 1310003649, NULL, NULL, 'NSY', 'NSY', 'NSY', NULL),
(1310215105, 1851, 486, '2014-01-14 20:45', 1310003639, NULL, NULL, 'NSY', 'NSY', 'NSY', NULL),
(1310215099, 1850, 23081, '2014-01-15 20:00', 1310003639, NULL, NULL, 'NSY', 'NSY', 'NSY', NULL),
(1310215103, 636, 1019, '2014-01-15 20:30', 1310003639, NULL, NULL, 'NSY', 'NSY', 'NSY', NULL),
(1310215100, 24080, 484, '2014-01-15 20:45', 1310003639, NULL, NULL, 'NSY', 'NSY', 'NSY', NULL),
(1310207919, 1310001184, 2867, '2014-01-12 14:00', 1310003957, NULL, NULL, 'NSY', 'NSY', 'NSY', NULL),
(1310207915, 1310001185, 1310003038, '2014-01-12 14:00', 1310003957, NULL, NULL, 'NSY', 'NSY', 'NSY', NULL),
(1310207920, 2760, 1310001227, '2014-01-12 14:00', 1310003957, NULL, NULL, 'NSY', 'NSY', 'NSY', NULL),
(1310207921, 1310001242, 757, '2014-01-13 14:00', 1310003957, NULL, NULL, 'NSY', 'NSY', 'NSY', NULL),
(1310207918, 1681, 2871, '2014-01-13 15:00', 1310003957, NULL, NULL, 'NSY', 'NSY', 'NSY', NULL),
(1310207917, 1310003034, 2863, '2014-01-10 14:00', 1310003957, NULL, NULL, 'NSY', 'NSY', 'NSY', NULL),
(1310207916, 1310001181, 1310003036, '2014-01-12 13:30', 1310003957, NULL, NULL, 'NSY', 'NSY', 'NSY', NULL),
(1310207736, 1310002993, 553, '2014-01-13 17:00', 1310003956, NULL, NULL, 'NSY', 'NSY', 'NSY', NULL),
(1310207737, 4321, 1310003044, '2014-01-12 14:00', 1310003956, NULL, NULL, 'NSY', 'NSY', 'NSY', NULL),
(1310207734, 575, 28671, '2014-01-12 14:00', 1310003956, NULL, NULL, 'NSY', 'NSY', 'NSY', NULL),
(1310207738, 27157, 1310003035, '2014-01-12 14:00', 1310003956, NULL, NULL, 'NSY', 'NSY', 'NSY', NULL),
(1310207733, 28403, 30140, '2014-01-12 14:00', 1310003956, NULL, NULL, 'NSY', 'NSY', 'NSY', NULL),
(1310207739, 2864, 1200002219, '2014-01-12 14:00', 1310003956, NULL, NULL, 'NSY', 'NSY', 'NSY', NULL),
(1310207735, 1310003043, 24393, '2014-01-12 17:00', 1310003956, NULL, NULL, 'NSY', 'NSY', 'NSY', NULL),
(1310214942, 24393, 25983, '2014-01-16 19:00', 1310003955, NULL, NULL, 'NSY', 'NSY', 'NSY', NULL),
(1310214940, 1310001183, 733, '2014-01-16 16:00', 1310003955, NULL, NULL, 'NSY', 'NSY', 'NSY', NULL),
(1310214938, 23045, 27155, '2014-01-15 19:00', 1310003955, NULL, NULL, 'NSY', 'NSY', 'NSY', NULL),
(1310214936, 1310001185, 755, '2014-01-15 16:00', 1310003955, NULL, NULL, 'NSY', 'NSY', 'NSY', NULL),
(1310214949, 1310003035, 758, '2014-01-08 16:30', 1310003955, NULL, NULL, 'NSY', 'NSY', 'NSY', NULL),
(1310214945, 737, 26596, '2014-01-08 19:00', 1310003955, NULL, NULL, 'NSY', 'NSY', 'NSY', NULL),
(1310214947, 2760, 1310001227, '2014-01-09 16:30', 1310003955, NULL, NULL, 'NSY', 'NSY', 'NSY', NULL),
(1310214943, 553, 759, '2014-01-09 19:00', 1310003955, NULL, NULL, 'NSY', 'NSY', 'NSY', NULL),
(1310189444, 24250, 4322, '2014-01-11 16:15', 1310003740, NULL, NULL, 'NSY', 'NSY', 'NSY', NULL),
(1310189441, 755, 758, '2014-01-11 18:30', 1310003740, NULL, NULL, 'NSY', 'NSY', 'NSY', NULL),
(1310189439, 733, 992, '2014-01-11 14:00', 1310003740, NULL, NULL, 'NSY', 'NSY', 'NSY', NULL),
(1310189442, 23045, 737, '2014-01-12 18:30', 1310003740, NULL, NULL, 'NSY', 'NSY', 'NSY', NULL),
(1310189443, 759, 27155, '2014-01-12 14:00', 1310003740, NULL, NULL, 'NSY', 'NSY', 'NSY', NULL),
(1310189438, 25983, 1682, '2014-01-12 16:15', 1310003740, NULL, NULL, 'NSY', 'NSY', 'NSY', NULL),
(1310189437, 26596, 1310001182, '2014-01-12 16:15', 1310003740, NULL, NULL, 'NSY', 'NSY', 'NSY', NULL),
(1310189445, 26595, 1035, '2014-01-12 16:15', 1310003740, NULL, NULL, 'NSY', 'NSY', 'NSY', NULL),
(1310189440, 1310001183, 249, '2014-01-13 18:30', 1310003740, NULL, NULL, 'NSY', 'NSY', 'NSY', NULL),
(1310190947, 29337, 24235, '2014-01-11 02:00', 1310003746, NULL, NULL, 'NSY', 'NSY', 'NSY', NULL),
(1310190954, 30732, 2219, '2014-01-11 21:00', 1310003746, NULL, NULL, 'NSY', 'NSY', 'NSY', NULL),
(1310190951, 26701, 26699, '2014-01-12 02:00', 1310003746, NULL, NULL, 'NSY', 'NSY', 'NSY', NULL),
(1310190949, 2440, 24231, '2014-01-11 23:30', 1310003746, NULL, NULL, 'NSY', 'NSY', 'NSY', NULL),
(1310190952, 24226, 24234, '2014-01-11 00:01', 1310003746, NULL, NULL, 'NSY', 'NSY', 'NSY', NULL),
(1310190950, 2444, 24229, '2014-01-11 00:01', 1310003746, NULL, NULL, 'NSY', 'NSY', 'NSY', NULL),
(1310190948, 24228, 2878, '2014-01-10 00:01', 1310003746, NULL, NULL, 'NSY', 'NSY', 'NSY', NULL),
(1310190962, 2878, 24229, '2014-01-14 00:01', 1310003746, NULL, NULL, 'NSY', 'NSY', 'NSY', NULL),
(1310190955, 24235, 2444, '2014-01-14 19:30', 1310003746, NULL, NULL, 'NSY', 'NSY', 'NSY', NULL),
(1310190956, 2219, 2440, '2014-01-14 22:00', 1310003746, NULL, NULL, 'NSY', 'NSY', 'NSY', NULL),
(1310190961, 26699, 24228, '2014-01-15 00:30', 1310003746, NULL, NULL, 'NSY', 'NSY', 'NSY', NULL),
(1310190946, 25492, 2442, '2014-01-12 22:30', 1310003746, NULL, NULL, 'NSY', 'NSY', 'NSY', NULL),
(1310190953, 2224, 27244, '2014-01-12 20:00', 1310003746, NULL, NULL, 'NSY', 'NSY', 'NSY', NULL),
(1310190963, 2224, 24226, '2014-01-15 20:00', 1310003746, NULL, NULL, 'NSY', 'NSY', 'NSY', NULL),
(1310190959, 24234, 25492, '2014-01-15 20:00', 1310003746, NULL, NULL, 'NSY', 'NSY', 'NSY', NULL),
(1310190957, 24231, 29337, '2014-01-15 22:30', 1310003746, NULL, NULL, 'NSY', 'NSY', 'NSY', NULL),
(1310190960, 27244, 30732, '2014-01-16 00:01', 1310003746, NULL, NULL, 'NSY', 'NSY', 'NSY', NULL),
(1310190958, 2442, 26701, '2014-01-16 01:00', 1310003746, NULL, NULL, 'NSY', 'NSY', 'NSY', NULL),
(1310216613, 738, 3070, '2014-01-15 14:00', 1310004060, NULL, NULL, 'NSY', 'NSY', 'NSY', NULL),
(1310216620, 2415, 1310004093, '2014-01-15 14:00', 1310004060, NULL, NULL, 'NSY', 'NSY', 'NSY', NULL),
(1310216616, 2416, 2423, '2014-01-15 14:00', 1310004060, NULL, NULL, 'NSY', 'NSY', 'NSY', NULL),
(1310216607, 241, 2421, '2014-01-15 18:00', 1310004060, NULL, NULL, 'NSY', 'NSY', 'NSY', NULL),
(1310216611, 244, 2424, '2014-01-08 18:00', 1310004060, NULL, NULL, 'NSY', 'NSY', 'NSY', NULL),
(1310216617, 2418, 2417, '2014-01-08 14:00', 1310004060, NULL, NULL, 'NSY', 'NSY', 'NSY', NULL),
(1310216615, 2423, 2416, '2014-01-08 14:00', 1310004060, NULL, NULL, 'NSY', 'NSY', 'NSY', NULL),
(1310216619, 1310004093, 2415, '2014-01-08 14:00', 1310004060, NULL, NULL, 'NSY', 'NSY', 'NSY', NULL),
(1310216609, 2414, 1242, '2014-01-08 14:00', 1310004060, NULL, NULL, 'NSY', 'NSY', 'NSY', NULL),
(1310188701, 1242, 2417, '2014-01-13 18:00', 1310003705, NULL, NULL, 'NSY', 'NSY', 'NSY', NULL),
(1310188698, 2415, 2416, '2014-01-12 16:00', 1310003705, NULL, NULL, 'NSY', 'NSY', 'NSY', NULL),
(1310188697, 738, 2414, '2014-01-12 14:00', 1310003705, NULL, NULL, 'NSY', 'NSY', 'NSY', NULL),
(1310188700, 241, 2422, '2014-01-12 17:00', 1310003705, NULL, NULL, 'NSY', 'NSY', 'NSY', NULL),
(1310188702, 2424, 2418, '2014-01-12 17:00', 1310003705, NULL, NULL, 'NSY', 'NSY', 'NSY', NULL),
(1310189264, 3070, 1310004093, '2014-01-11 16:00', 1310003705, NULL, NULL, 'NSY', 'NSY', 'NSY', NULL),
(1310188699, 2421, 244, '2014-01-11 14:00', 1310003705, NULL, NULL, 'NSY', 'NSY', 'NSY', NULL),
(1310188209, 24415, 27093, '2014-01-12 21:00', 1310003716, NULL, NULL, 'NSY', 'NSY', 'NSY', NULL),
(1310188207, 846, 30229, '2014-01-12 18:15', 1310003716, NULL, NULL, 'NSY', 'NSY', 'NSY', NULL),
(1310188206, 933, 489, '2014-01-12 18:00', 1310003716, NULL, NULL, 'NSY', 'NSY', 'NSY', NULL),
(1310188205, 804, 24410, '2014-01-12 17:00', 1310003716, NULL, NULL, 'NSY', 'NSY', 'NSY', NULL),
(1310188208, 271, 533, '2014-01-12 17:00', 1310003716, NULL, NULL, 'NSY', 'NSY', 'NSY', NULL),
(1310188200, 436, 723, '2014-01-12 17:00', 1310003716, NULL, NULL, 'NSY', 'NSY', 'NSY', NULL),
(1310197068, 26341, 1586, '2014-01-11 18:15', 1310003716, NULL, NULL, 'NSY', 'NSY', 'NSY', NULL),
(1310188203, 26975, 595, '2014-01-11 20:00', 1310003716, NULL, NULL, 'NSY', 'NSY', 'NSY', NULL),
(1310188204, 658, 381, '2014-01-12 12:00', 1310003716, NULL, NULL, 'NSY', 'NSY', 'NSY', NULL),
(1310188201, 223, 1606, '2014-01-11 18:00', 1310003716, NULL, NULL, 'NSY', 'NSY', 'NSY', NULL),
(1310188202, 590, 25865, '2014-01-11 18:00', 1310003716, NULL, NULL, 'NSY', 'NSY', 'NSY', NULL),
(1310187806, 2001, 980, '2014-01-10 21:00', 1310003715, NULL, NULL, 'NSY', 'NSY', 'NSY', NULL),
(1310187803, 488, 981, '2014-01-12 12:00', 1310003715, NULL, NULL, 'NSY', 'NSY', 'NSY', NULL);
INSERT INTO `matchFootball` (`id`, `teamA_id`, `teamB_id`, `time_match`, `league_id`, `HT`, `FT`, `status`, `minute`, `current_period`, `other`) VALUES
(1310187802, 439, 859, '2014-01-11 22:00', 1310003715, NULL, NULL, 'NSY', 'NSY', 'NSY', NULL),
(1310187801, 258, 270, '2014-01-11 20:00', 1310003715, NULL, NULL, 'NSY', 'NSY', 'NSY', NULL),
(1310187805, 256, 3077, '2014-01-11 16:00', 1310003715, NULL, NULL, 'NSY', 'NSY', 'NSY', NULL),
(1310187809, 354, 978, '2014-01-11 18:00', 1310003715, NULL, NULL, 'NSY', 'NSY', 'NSY', NULL),
(1310187808, 445, 803, '2014-01-12 19:00', 1310003715, NULL, NULL, 'NSY', 'NSY', 'NSY', NULL),
(1310187807, 292, 742, '2014-01-12 17:00', 1310003715, NULL, NULL, 'NSY', 'NSY', 'NSY', NULL),
(1310187800, 617, 657, '2014-01-12 21:00', 1310003715, NULL, NULL, 'NSY', 'NSY', 'NSY', NULL),
(1310187804, 999, 879, '2014-01-13 22:00', 1310003715, NULL, NULL, 'NSY', 'NSY', 'NSY', NULL),
(1310216235, 879, 999, '2014-01-09 19:30', 1310003894, NULL, NULL, 'NSY', 'NSY', 'NSY', NULL),
(1310216233, 270, 488, '2014-01-08 22:00', 1310003894, NULL, NULL, 'NSY', 'NSY', 'NSY', NULL),
(1310216238, 843, 3077, '2014-01-08 22:00', 1310003894, NULL, NULL, 'NSY', 'NSY', 'NSY', NULL),
(1310216245, 292, 256, '2014-01-08 20:00', 1310003894, NULL, NULL, 'NSY', 'NSY', 'NSY', NULL),
(1310216239, 30229, 445, '2014-01-08 20:00', 1310003894, NULL, NULL, 'NSY', 'NSY', 'NSY', NULL),
(1310216241, 803, 742, '2014-01-09 21:30', 1310003894, NULL, NULL, 'NSY', 'NSY', 'NSY', NULL),
(1310216231, 981, 617, '2014-01-09 21:30', 1310003894, NULL, NULL, 'NSY', 'NSY', 'NSY', NULL),
(1310216243, 978, 258, '2014-01-07 22:00', 1310003894, NULL, NULL, 'NSY', 'NSY', 'NSY', NULL),
(1310216237, 3077, 843, '2014-01-14 19:30', 1310003894, NULL, NULL, 'NSY', 'NSY', 'NSY', NULL),
(1310216244, 258, 978, '2014-01-14 21:30', 1310003894, NULL, NULL, 'NSY', 'NSY', 'NSY', NULL),
(1310216232, 617, 981, '2014-01-15 21:30', 1310003894, NULL, NULL, 'NSY', 'NSY', 'NSY', NULL),
(1310216242, 742, 803, '2014-01-15 21:30', 1310003894, NULL, NULL, 'NSY', 'NSY', 'NSY', NULL),
(1310216240, 445, 30229, '2014-01-15 19:30', 1310003894, NULL, NULL, 'NSY', 'NSY', 'NSY', NULL),
(1310216246, 256, 292, '2014-01-15 19:30', 1310003894, NULL, NULL, 'NSY', 'NSY', 'NSY', NULL),
(1310216234, 488, 270, '2014-01-16 22:00', 1310003894, NULL, NULL, 'NSY', 'NSY', 'NSY', NULL),
(1310216236, 999, 879, '2014-01-16 20:00', 1310003894, NULL, NULL, 'NSY', 'NSY', 'NSY', NULL),
(1310165156, 27595, 27594, '2014-01-10 09:30', 1310003378, NULL, NULL, 'NSY', 'NSY', 'NSY', NULL),
(1310165157, 27596, 1001335, '2014-01-10 11:45', 1310003378, NULL, NULL, 'NSY', 'NSY', 'NSY', NULL),
(1310165158, 27597, 27592, '2014-01-11 07:30', 1310003378, NULL, NULL, 'NSY', 'NSY', 'NSY', NULL),
(1310165159, 1310001888, 26605, '2014-01-11 09:45', 1310003378, NULL, NULL, 'NSY', 'NSY', 'NSY', NULL),
(1310165160, 27598, 27593, '2014-01-12 07:00', 1310003378, NULL, NULL, 'NSY', 'NSY', 'NSY', NULL),
(1310165183, 27594, 1310001888, '2014-01-14 09:30', 1310003378, NULL, NULL, 'NSY', 'NSY', 'NSY', NULL),
(1310185524, 1382, 30756, '2014-01-11 18:30', 1310003697, NULL, NULL, 'NSY', 'NSY', 'NSY', NULL),
(1310185520, 1411, 28283, '2014-01-11 16:00', 1310003697, NULL, NULL, 'NSY', 'NSY', 'NSY', NULL),
(1310185522, 1001436, 25749, '2014-01-11 17:00', 1310003697, NULL, NULL, 'NSY', 'NSY', 'NSY', NULL),
(1310185518, 1310000889, 2963, '2014-01-11 17:00', 1310003697, NULL, NULL, 'NSY', 'NSY', 'NSY', NULL),
(1310185521, 26921, 25599, '2014-01-11 17:00', 1310003697, NULL, NULL, 'NSY', 'NSY', 'NSY', NULL),
(1310185519, 28355, 653, '2014-01-13 19:50', 1310003697, NULL, NULL, 'NSY', 'NSY', 'NSY', NULL),
(1310185523, 523, 522, '2014-01-12 19:20', 1310003697, NULL, NULL, 'NSY', 'NSY', 'NSY', NULL),
(1310186531, 1100000199, 1100000201, '2014-01-15 01:00', 1310003695, NULL, NULL, 'NSY', 'NSY', 'NSY', NULL),
(1310186529, 1100000194, 1310000772, '2014-01-15 01:00', 1310003695, NULL, NULL, 'NSY', 'NSY', 'NSY', NULL),
(1310186532, 1100000198, 1310001961, '2014-01-15 01:00', 1310003695, NULL, NULL, 'NSY', 'NSY', 'NSY', NULL),
(1310189657, 1100000196, 1100000203, '2014-01-15 01:00', 1310003695, NULL, NULL, 'NSY', 'NSY', 'NSY', NULL),
(1310186530, 1100000202, 1310001962, '2014-01-15 01:00', 1310003695, NULL, NULL, 'NSY', 'NSY', 'NSY', NULL),
(1310186533, 1100000204, 1100000193, '2014-01-15 01:00', 1310003695, NULL, NULL, 'NSY', 'NSY', 'NSY', NULL),
(1310186525, 1310001961, 1100000204, '2014-01-12 01:00', 1310003695, NULL, NULL, 'NSY', 'NSY', 'NSY', NULL),
(1310186526, 1100000201, 1100000198, '2014-01-12 01:00', 1310003695, NULL, NULL, 'NSY', 'NSY', 'NSY', NULL),
(1310186527, 1310001962, 1100000199, '2014-01-12 01:00', 1310003695, NULL, NULL, 'NSY', 'NSY', 'NSY', NULL),
(1310186528, 1100000194, 1100000196, '2014-01-12 01:00', 1310003695, NULL, NULL, 'NSY', 'NSY', 'NSY', NULL),
(1310186524, 1310000772, 1100000193, '2014-01-12 01:00', 1310003695, NULL, NULL, 'NSY', 'NSY', 'NSY', NULL),
(1310189656, 1100000203, 1100000202, '2014-01-12 01:00', 1310003695, NULL, NULL, 'NSY', 'NSY', 'NSY', NULL),
(1310216068, 24195, 24190, '2014-01-13 00:01', 1310003469, NULL, NULL, 'NSY', 'NSY', 'NSY', NULL),
(1310216067, 942, 24189, '2014-01-12 19:00', 1310003469, NULL, NULL, 'NSY', 'NSY', 'NSY', NULL),
(1310216066, 790, 680, '2014-01-12 19:00', 1310003469, NULL, NULL, 'NSY', 'NSY', 'NSY', NULL),
(1310216064, 938, 749, '2014-01-12 02:00', 1310003469, NULL, NULL, 'NSY', 'NSY', 'NSY', NULL),
(1310216065, 1310001899, 260, '2014-01-12 03:06', 1310003469, NULL, NULL, 'NSY', 'NSY', 'NSY', NULL),
(1310216062, 24197, 259, '2014-01-12 00:01', 1310003469, NULL, NULL, 'NSY', 'NSY', 'NSY', NULL),
(1310216063, 394, 2436, '2014-01-12 00:01', 1310003469, NULL, NULL, 'NSY', 'NSY', 'NSY', NULL),
(1310216060, 26974, 24192, '2014-01-11 02:30', 1310003469, NULL, NULL, 'NSY', 'NSY', 'NSY', NULL),
(1310216061, 1310000668, 2876, '2014-01-11 04:30', 1310003469, NULL, NULL, 'NSY', 'NSY', 'NSY', NULL),
(1310219110, 731, 23827, '2014-01-17 17:00', 1310004200, NULL, NULL, 'NSY', 'NSY', 'NSY', NULL),
(1310220187, 626, 1138, '2014-01-17 12:00', 1310004200, NULL, NULL, 'NSY', 'NSY', 'NSY', NULL),
(1310219056, 1069, 1065, '2014-01-17 01:00', 1310004199, NULL, NULL, 'NSY', 'NSY', 'NSY', NULL),
(1310210703, 1222, 1215, '2014-01-17 16:00', 1310004001, NULL, NULL, 'NSY', 'NSY', 'NSY', NULL),
(1310210704, 27327, 1231, '2014-01-17 19:00', 1310004001, NULL, NULL, 'NSY', 'NSY', 'NSY', NULL),
(1310181348, 25720, 506, '2014-01-17 21:00', 1310003675, NULL, NULL, 'NSY', 'NSY', 'NSY', NULL),
(1310195716, 1310001259, 4431, '2014-01-17 20:00', 1310003769, NULL, NULL, 'NSY', 'NSY', 'NSY', NULL),
(1310167640, 894, 625, '2014-01-17 20:30', 1310003484, NULL, NULL, 'NSY', 'NSY', 'NSY', NULL),
(1310168552, 2020, 600, '2014-01-17 01:00', 1310003485, NULL, NULL, 'NSY', 'NSY', 'NSY', NULL),
(1310168554, 613, 4434, '2014-01-17 01:00', 1310003485, NULL, NULL, 'NSY', 'NSY', 'NSY', NULL),
(1310168549, 27959, 958, '2014-01-17 01:00', 1310003485, NULL, NULL, 'NSY', 'NSY', 'NSY', NULL),
(1310168550, 339, 598, '2014-01-17 01:00', 1310003485, NULL, NULL, 'NSY', 'NSY', 'NSY', NULL),
(1310168553, 2390, 2049, '2014-01-17 01:00', 1310003485, NULL, NULL, 'NSY', 'NSY', 'NSY', NULL),
(1310168551, 361, 1353, '2014-01-17 01:00', 1310003485, NULL, NULL, 'NSY', 'NSY', 'NSY', NULL),
(1310168558, 711, 2025, '2014-01-17 01:00', 1310003485, NULL, NULL, 'NSY', 'NSY', 'NSY', NULL),
(1310168555, 671, 390, '2014-01-17 01:00', 1310003485, NULL, NULL, 'NSY', 'NSY', 'NSY', NULL),
(1310168556, 700, 26622, '2014-01-17 01:00', 1310003485, NULL, NULL, 'NSY', 'NSY', 'NSY', NULL),
(1310168557, 710, 264, '2014-01-17 01:00', 1310003485, NULL, NULL, 'NSY', 'NSY', 'NSY', NULL),
(1310187819, 657, 978, '2014-01-17 21:00', 1310003715, NULL, NULL, 'NSY', 'NSY', 'NSY', NULL),
(1310167289, 962, 1757, '2014-01-17 20:00', 1310003487, NULL, NULL, 'NSY', 'NSY', 'NSY', NULL),
(1310168232, 695, 1841, '2014-01-17 20:00', 1310003488, NULL, NULL, 'NSY', 'NSY', 'NSY', NULL),
(1310168231, 2428, 1754, '2014-01-17 20:00', 1310003488, NULL, NULL, 'NSY', 'NSY', 'NSY', NULL),
(1310169356, 2427, 2542, '2014-01-17 20:00', 1310003488, NULL, NULL, 'NSY', 'NSY', 'NSY', NULL),
(1310168234, 1756, 1839, '2014-01-17 20:00', 1310003488, NULL, NULL, 'NSY', 'NSY', 'NSY', NULL),
(1310168233, 2317, 2318, '2014-01-17 20:00', 1310003488, NULL, NULL, 'NSY', 'NSY', 'NSY', NULL),
(1310165161, 1001335, 27595, '2014-01-17 09:30', 1310003378, NULL, NULL, 'NSY', 'NSY', 'NSY', NULL),
(1310165162, 27596, 27597, '2014-01-17 11:45', 1310003378, NULL, NULL, 'NSY', 'NSY', 'NSY', NULL),
(1310219089, 788, 803, '2014-01-02 15:45', 1310004200, '0:1', '0:1', 'Finished', 'Finished', 'Finished', NULL),
(1310220050, 1310001222, 29467, '2014-01-04 13:00', 1310004200, '0:0', '7:2', 'Finished', 'Finished', 'Finished', NULL),
(1310215538, 1619, 2888, '2014-01-01 15:30', 1310004130, '1:1', '1:2', 'Finished', 'Finished', 'Finished', NULL),
(1310215535, 1715, 2872, '2013-12-31 18:00', 1310004129, '0:0', '0:0', 'Finished', 'Finished', 'Finished', NULL),
(1310220162, 1719, 1619, '2014-01-04 15:30', 1310004131, '0:0', '3:0', 'Finished', 'Finished', 'Finished AET', NULL),
(1310220163, 2873, 2888, '2014-01-04 18:30', 1310004131, '0:0', '0:1', 'Finished', 'Finished', 'Finished', NULL),
(1310215532, 1719, 1064, '2013-12-31 15:30', 1310004128, '0:0', '4:1', 'Finished', 'Finished', 'Finished', NULL),
(1310219894, 2612, 27319, '2014-01-05 01:00', 1310004199, NULL, NULL, 'NSY', 'NSY', 'NSY', NULL),
(1310219893, 1233, 1215, '2014-01-04 01:00', 1310004199, NULL, NULL, 'NSY', 'NSY', 'NSY', NULL),
(1310219892, 1234, 1233, '2014-01-03 01:00', 1310004199, NULL, NULL, 'NSY', 'NSY', 'NSY', NULL),
(1310181590, 23141, 23230, '2014-01-05 15:30', 1310003673, '1:0', '2:2', 'Finished', 'Finished', 'Finished', NULL),
(1310181584, 1319, 23230, '2014-01-01 15:30', 1310003673, '1:0', '5:1', 'Finished', 'Finished', 'Finished', NULL),
(1310181583, 23254, 23247, '2014-01-01 15:45', 1310003673, '0:1', '2:1', 'Finished', 'Finished', 'Finished', NULL),
(1310181579, 23141, 23243, '2014-01-01 15:30', 1310003673, NULL, NULL, 'Postponed', 'Postponed', 'Postponed', NULL),
(1310181580, 23144, 23175, '2014-01-01 15:30', 1310003673, NULL, NULL, 'Postponed', 'Postponed', 'Postponed', NULL),
(1310185871, 362, 1310001926, '2014-01-04 17:00', 1310003702, '1:1', '1:1', 'Finished', 'Finished', 'Finished', NULL),
(1310185831, 1310001924, 30485, '2014-01-04 16:00', 1310003702, '0:0', '0:0', 'Finished', 'Finished', 'Finished', NULL),
(1310214956, 1458, 1457, '2014-01-05 16:00', 1310003784, '1:0', '1:2', 'Finished', 'Finished', 'Finished', NULL),
(1310214958, 665, 2088, '2014-01-05 16:00', 1310003784, '1:2', '2:3', 'Finished', 'Finished', 'Finished', NULL),
(1310215167, 282, 212, '2014-01-05 16:00', 1310003784, '0:1', '0:1', 'Finished', 'Finished', 'Finished', NULL),
(1310214959, 313, 28701, '2014-01-05 20:15', 1310003784, '1:0', '2:0', 'Finished', 'Finished', 'Finished', NULL),
(1310214957, 780, 1958, '2014-01-04 19:00', 1310003784, '2:0', '6:0', 'Finished', 'Finished', 'Finished', NULL),
(1310214960, 289, 490, '2014-01-04 21:15', 1310003784, '3:0', '5:0', 'Finished', 'Finished', 'Finished', NULL),
(1310214955, 814, 858, '2014-01-04 18:00', 1310003784, '0:0', '1:0', 'Finished', 'Finished', 'Finished', NULL),
(1310215168, 2091, 1961, '2014-01-04 15:00', 1310003784, '0:4', '1:5', 'Finished', 'Finished', 'Finished', NULL),
(1310194340, 562, 820, '2014-01-05 20:45', 1310003771, '3:0', '3:0', 'Finished', 'Finished', 'Finished', NULL),
(1310194338, 466, 631, '2014-01-05 18:00', 1310003771, '0:0', '1:0', 'Finished', 'Finished', 'Finished', NULL),
(1310194337, 370, 340, '2014-01-05 15:00', 1310003771, '0:0', '0:0', 'Finished', 'Finished', 'Finished', NULL),
(1310202269, 2450, 594, '2014-01-05 14:30', 1310003854, '0:0', '0:0', 'Finished', 'Finished', 'Finished', NULL),
(1310202268, 252, 25764, '2014-01-05 14:30', 1310003854, '0:0', '0:1', 'Finished', 'Finished', 'Finished', NULL),
(1310202266, 27634, 288, '2014-01-05 14:30', 1310003854, '0:1', '1:1', 'Finished', 'Finished', 'Finished', NULL),
(1310202267, 30148, 24306, '2014-01-05 14:30', 1310003854, '0:0', '1:1', 'Finished', 'Finished', 'Finished', NULL),
(1310202265, 771, 28455, '2014-01-05 14:30', 1310003854, '0:0', '2:0', 'Finished', 'Finished', 'Finished', NULL),
(1310202270, 766, 712, '2014-01-05 14:30', 1310003854, '1:0', '2:1', 'Finished', 'Finished', 'Finished', NULL),
(1310202271, 25765, 777, '2014-01-05 14:30', 1310003854, '2:1', '2:2', 'Finished', 'Finished', 'Finished', NULL),
(1310202045, 378, 1310002229, '2014-01-05 14:30', 1310003853, '0:0', '0:0', 'Finished', 'Finished', 'Finished', NULL),
(1310202046, 24271, 995, '2014-01-05 14:30', 1310003853, '0:0', '0:1', 'Finished', 'Finished', 'Finished', NULL),
(1310203173, 990, 1001466, '2014-01-05 14:30', 1310003853, '0:1', '0:1', 'Finished', 'Finished', 'Finished', NULL),
(1310202040, 1310000908, 645, '2014-01-05 14:30', 1310003853, '1:0', '1:0', 'Finished', 'Finished', 'Finished', NULL),
(1310202041, 389, 3130, '2014-01-05 14:30', 1310003853, '1:0', '1:0', 'Finished', 'Finished', 'Finished', NULL),
(1310202044, 805, 1001464, '2014-01-05 14:30', 1310003853, '0:0', '1:2', 'Finished', 'Finished', 'Finished', NULL),
(1310202043, 225, 1310004456, '2014-01-05 14:30', 1310003853, '1:0', '2:3', 'Finished', 'Finished', 'Finished', NULL),
(1310202042, 348, 26380, '2014-01-05 14:30', 1310003853, '1:1', '4:4', 'Finished', 'Finished', 'Finished', NULL),
(1310215270, 27962, 339, '2014-01-04 14:30', 1310004078, '0:1', '1:3', 'Finished', 'Finished', 'Finished', NULL),
(1310215277, 1310004981, 2390, '2014-01-04 14:30', 1310004078, '0:0', '3:2', 'Finished', 'Finished', 'Finished AP', NULL),
(1310215249, 1310001269, 1353, '2014-01-04 15:30', 1310004078, '0:1', '5:6', 'Finished', 'Finished', 'Finished AP', NULL),
(1310215276, 2063, 390, '2014-01-04 15:00', 1310004078, NULL, NULL, 'Postponed', 'Postponed', 'Postponed', NULL),
(1310215256, 2009, 26622, '2014-01-04 16:00', 1310004078, '0:0', '0:3', 'Finished', 'Finished', 'Finished AET', NULL),
(1310215274, 27945, 25471, '2014-01-04 16:00', 1310004078, '1:3', '1:6', 'Finished', 'Finished', 'Finished', NULL),
(1310215262, 200, 2029, '2014-01-05 20:45', 1310004078, '0:0', '2:0', 'Finished', 'Finished', 'Finished AET', NULL),
(1310215263, 2056, 4431, '2014-01-05 18:00', 1310004078, '1:0', '2:0', 'Finished', 'Finished', 'Finished', NULL),
(1310215257, 2047, 678, '2014-01-05 17:00', 1310004078, '2:2', '2:3', 'Finished', 'Finished', 'Finished', NULL),
(1310215252, 277, 25466, '2014-01-05 14:15', 1310004078, '1:0', '1:0', 'Finished', 'Finished', 'Finished', NULL),
(1310215265, 26002, 682, '2014-01-05 14:15', 1310004078, '0:1', '0:2', 'Finished', 'Finished', 'Finished', NULL),
(1310215254, 701, 709, '2014-01-05 14:15', 1310004078, '0:1', '0:2', 'Finished', 'Finished', 'Finished', NULL),
(1310215272, 2075, 309, '2014-01-05 14:15', 1310004078, '0:1', '1:2', 'Finished', 'Finished', 'Finished', NULL),
(1310215259, 2010, 651, '2014-01-05 14:15', 1310004078, '1:2', '1:6', 'Finished', 'Finished', 'Finished', NULL),
(1310215248, 29071, 625, '2014-01-05 14:15', 1310004078, '1:1', '1:3', 'Finished', 'Finished', 'Finished', NULL),
(1310215260, 1310004994, 219, '2014-01-05 14:30', 1310004078, '1:1', '1:2', 'Finished', 'Finished', 'Finished', NULL),
(1310215273, 2857, 640, '2014-01-04 17:00', 1310004078, '1:0', '1:0', 'Finished', 'Finished', 'Finished', NULL),
(1310215247, 2074, 1354, '2014-01-04 18:00', 1310004078, '1:1', '3:1', 'Finished', 'Finished', 'Finished', NULL),
(1310215271, 1310004950, 878, '2014-01-04 18:00', 1310004078, '0:3', '0:3', 'Finished', 'Finished', 'Finished', NULL),
(1310215264, 26007, 948, '2014-01-04 18:00', 1310004078, '0:1', '1:2', 'Finished', 'Finished', 'Finished', NULL),
(1310215255, 27936, 25468, '2014-01-04 18:00', 1310004078, '0:0', '0:1', 'Finished', 'Finished', 'Finished', NULL),
(1310215258, 25465, 2013, '2014-01-04 18:00', 1310004078, '0:0', '0:1', 'Finished', 'Finished', 'Finished', NULL),
(1310215267, 1310001229, 4434, '2014-01-04 16:00', 1310004078, '1:0', '4:5', 'Finished', 'Finished', 'Finished AP', NULL),
(1310215253, 807, 2844, '2014-01-04 20:45', 1310004078, '0:0', '8:7', 'Finished', 'Finished', 'Finished AP', NULL),
(1310215246, 2072, 264, '2014-01-05 12:00', 1310004078, '2:3', '2:6', 'Finished', 'Finished', 'Finished', NULL),
(1310215269, 4419, 507, '2014-01-05 14:00', 1310004078, '0:2', '0:2', 'Finished', 'Finished', 'Finished', NULL),
(1310215266, 1310005036, 1310004959, '2014-01-05 14:00', 1310004078, '0:0', '0:2', 'Finished', 'Finished', 'Finished', NULL),
(1310215251, 1310003147, 1310004964, '2014-01-05 14:00', 1310004078, '1:0', '2:4', 'Finished', 'Finished', 'Finished AP', NULL),
(1310181733, 1100000021, 1100000019, '2014-01-01 16:00', 1310003664, NULL, NULL, 'Postponed', 'Postponed', 'Postponed', NULL),
(1310181729, 1310002299, 25609, '2014-01-01 16:00', 1310003664, '0:0', '0:0', 'Finished', 'Finished', 'Finished', NULL),
(1310181732, 1100000031, 1402, '2014-01-01 16:00', 1310003664, '0:1', '0:1', 'Finished', 'Finished', 'Finished', NULL),
(1310181734, 1100000000, 29885, '2014-01-01 16:00', 1310003664, '1:1', '1:1', 'Finished', 'Finished', 'Finished', NULL),
(1310181731, 2331, 1403, '2014-01-01 16:00', 1310003664, '2:0', '2:0', 'Finished', 'Finished', 'Finished', NULL),
(1310181730, 1310001432, 1310002319, '2014-01-01 16:00', 1310003664, '2:2', '2:3', 'Finished', 'Finished', 'Finished', NULL),
(1226024419, 29731, 1100000175, '2014-01-03 12:30', 1226000520, '0:0', '0:0', 'Finished', 'Finished', 'Finished', NULL),
(1226024418, 1226000917, 1100000169, '2014-01-03 12:30', 1226000520, '0:1', '0:2', 'Finished', 'Finished', 'Finished', NULL),
(1226024420, 1100000185, 1100000171, '2014-01-03 12:30', 1226000520, '1:0', '1:1', 'Finished', 'Finished', 'Finished', NULL),
(1310183737, 273, 25944, '2014-01-04 16:00', 1310003651, '1:0', '1:0', 'Finished', 'Finished', 'Finished', NULL),
(1310183744, 1390, 724, '2014-01-04 16:00', 1310003651, '0:0', '1:0', 'Finished', 'Finished', 'Finished', NULL),
(1310183745, 2790, 515, '2014-01-04 16:00', 1310003651, '1:0', '2:0', 'Finished', 'Finished', 'Finished', NULL),
(1310183748, 1032, 1817, '2014-01-04 16:00', 1310003651, '1:1', '2:1', 'Finished', 'Finished', 'Finished', NULL),
(1310183740, 1890, 26053, '2014-01-04 16:00', 1310003651, '1:0', '4:0', 'Finished', 'Finished', 'Finished', NULL),
(1310183732, 26053, 654, '2014-01-01 16:00', 1310003651, '0:0', '0:3', 'Finished', 'Finished', 'Finished', NULL),
(1310183726, 25944, 1032, '2014-01-01 16:00', 1310003651, '1:0', '1:0', 'Finished', 'Finished', 'Finished', NULL),
(1310183730, 502, 627, '2014-01-01 16:00', 1310003651, '1:1', '1:1', 'Finished', 'Finished', 'Finished', NULL),
(1310183729, 515, 1890, '2014-01-01 16:00', 1310003651, '2:0', '3:3', 'Finished', 'Finished', 'Finished', NULL),
(1310183733, 648, 273, '2014-01-01 13:00', 1310003651, '2:0', '2:1', 'Finished', 'Finished', 'Finished', NULL),
(1310183735, 24475, 1387, '2014-01-01 16:00', 1310003651, NULL, NULL, 'Postponed', 'Postponed', 'Postponed', NULL),
(1310183725, 1817, 468, '2014-01-01 16:00', 1310003651, NULL, NULL, 'Postponed', 'Postponed', 'Postponed', NULL),
(1310183728, 367, 1390, '2014-01-01 16:00', 1310003651, NULL, NULL, 'Postponed', 'Postponed', 'Postponed', NULL),
(1310183731, 534, 578, '2014-01-01 16:00', 1310003651, NULL, NULL, 'Postponed', 'Postponed', 'Postponed', NULL),
(1310183734, 724, 2790, '2014-01-01 16:00', 1310003651, NULL, NULL, 'Postponed', 'Postponed', 'Postponed', NULL),
(1310183742, 627, 648, '2014-01-04 14:00', 1310003651, '0:0', '0:0', 'Finished', 'Finished', 'Finished', NULL),
(1310183739, 468, 24475, '2014-01-04 16:00', 1310003651, NULL, NULL, 'Postponed', 'Postponed', 'Postponed', NULL),
(1310183746, 2789, 26582, '2014-01-04 16:00', 1310003651, NULL, NULL, 'Postponed', 'Postponed', 'Postponed', NULL),
(1310183747, 1387, 534, '2014-01-04 16:00', 1310003651, NULL, NULL, 'Postponed', 'Postponed', 'Postponed', NULL),
(1310172928, 818, 1891, '2014-01-04 16:00', 1310003537, NULL, NULL, 'Postponed', 'Postponed', 'Postponed', NULL),
(1310172929, 855, 326, '2014-01-04 16:00', 1310003537, NULL, NULL, 'Postponed', 'Postponed', 'Postponed', NULL),
(1310172931, 333, 748, '2014-01-04 16:00', 1310003537, NULL, NULL, 'Postponed', 'Postponed', 'Postponed', NULL),
(1310172926, 364, 368, '2014-01-04 16:00', 1310003537, NULL, NULL, 'Postponed', 'Postponed', 'Postponed', NULL),
(1310172927, 781, 24002, '2014-01-04 16:00', 1310003537, NULL, NULL, 'Postponed', 'Postponed', 'Postponed', NULL),
(1310172910, 663, 1891, '2014-01-01 16:00', 1310003537, '0:0', '0:0', 'Finished', 'Finished', 'Finished', NULL),
(1310172916, 525, 333, '2014-01-01 16:00', 1310003537, '0:2', '0:3', 'Finished', 'Finished', 'Finished', NULL),
(1310172909, 1389, 26624, '2014-01-01 16:00', 1310003537, '1:0', '1:0', 'Finished', 'Finished', 'Finished', NULL),
(1310172911, 1039, 685, '2014-01-01 16:00', 1310003537, '1:0', '1:0', 'Finished', 'Finished', 'Finished', NULL),
(1310172912, 774, 946, '2014-01-01 16:00', 1310003537, '0:0', '2:0', 'Finished', 'Finished', 'Finished', NULL),
(1310172917, 885, 781, '2014-01-01 16:00', 1310003537, '1:1', '2:1', 'Finished', 'Finished', 'Finished', NULL),
(1310172913, 855, 818, '2014-01-01 16:00', 1310003537, '0:0', '3:0', 'Finished', 'Finished', 'Finished', NULL),
(1310172919, 27176, 24002, '2014-01-01 16:00', 1310003537, '1:0', '3:1', 'Finished', 'Finished', 'Finished', NULL),
(1310172908, 450, 1033, '2014-01-01 16:00', 1310003537, NULL, NULL, 'Postponed', 'Postponed', 'Postponed', NULL),
(1310172914, 716, 368, '2014-01-01 16:00', 1310003537, NULL, NULL, 'Postponed', 'Postponed', 'Postponed', NULL),
(1310172918, 2786, 748, '2014-01-01 16:00', 1310003537, NULL, NULL, 'Postponed', 'Postponed', 'Postponed', NULL),
(1310172915, 326, 364, '2014-01-01 14:00', 1310003537, NULL, NULL, 'Postponed', 'Postponed', 'Postponed', NULL),
(1310172925, 450, 663, '2014-01-04 16:00', 1310003537, '0:1', '0:1', 'Finished', 'Finished', 'Finished', NULL),
(1310172920, 1033, 26624, '2014-01-04 16:00', 1310003537, '0:0', '0:3', 'Finished', 'Finished', 'Finished', NULL),
(1310172922, 946, 685, '2014-01-04 16:00', 1310003537, '1:0', '1:1', 'Finished', 'Finished', 'Finished', NULL),
(1310172921, 2786, 716, '2014-01-04 16:00', 1310003537, '1:1', '1:2', 'Finished', 'Finished', 'Finished', NULL),
(1310172923, 1039, 1389, '2014-01-04 16:00', 1310003537, '0:0', '3:1', 'Finished', 'Finished', 'Finished', NULL),
(1310172364, 621, 325, '2014-01-01 16:00', 1310003535, NULL, NULL, 'Postponed', 'Postponed', 'Postponed', NULL),
(1310172367, 907, 491, '2014-01-01 16:00', 1310003535, NULL, NULL, 'Postponed', 'Postponed', 'Postponed', NULL),
(1310172362, 25657, 376, '2014-01-01 16:00', 1310003535, '0:0', '0:0', 'Finished', 'Finished', 'Finished', NULL),
(1310172365, 952, 1030, '2014-01-01 16:00', 1310003535, '1:0', '1:1', 'Finished', 'Finished', 'Finished', NULL),
(1310172360, 736, 864, '2014-01-01 16:00', 1310003535, '1:1', '1:2', 'Finished', 'Finished', 'Finished', NULL),
(1310172356, 827, 387, '2014-01-01 16:00', 1310003535, '1:0', '1:3', 'Finished', 'Finished', 'Finished', NULL),
(1310172361, 768, 321, '2014-01-01 16:00', 1310003535, '1:2', '1:3', 'Finished', 'Finished', 'Finished', NULL),
(1310172359, 391, 346, '2014-01-01 16:00', 1310003535, '0:0', '2:1', 'Finished', 'Finished', 'Finished', NULL),
(1310172358, 1009, 861, '2014-01-01 16:00', 1310003535, '0:1', '2:1', 'Finished', 'Finished', 'Finished', NULL),
(1310172357, 720, 312, '2014-01-01 16:00', 1310003535, '1:0', '3:0', 'Finished', 'Finished', 'Finished', NULL),
(1310172366, 783, 778, '2014-01-01 16:00', 1310003535, '1:0', '3:2', 'Finished', 'Finished', 'Finished', NULL),
(1310172370, 491, 1030, '2014-01-03 20:45', 1310003535, '0:0', '1:0', 'Finished', 'Finished', 'Finished', NULL),
(1310172378, 861, 321, '2014-01-04 16:00', 1310003535, NULL, NULL, 'Postponed', 'Postponed', 'Postponed', NULL),
(1310172372, 325, 387, '2014-01-04 16:00', 1310003535, NULL, NULL, 'Postponed', 'Postponed', 'Postponed', NULL),
(1310172379, 4364, 952, '2014-01-04 16:00', 1310003535, NULL, NULL, 'Postponed', 'Postponed', 'Postponed', NULL),
(1310173643, 408, 1022, '2014-01-01 16:00', 1310003533, '0:0', '0:1', 'Finished', 'Finished', 'Finished', NULL),
(1310173640, 552, 360, '2014-01-01 16:00', 1310003533, '1:0', '1:1', 'Finished', 'Finished', 'Finished', NULL),
(1310173649, 802, 719, '2014-01-01 16:00', 1310003533, '0:1', '1:1', 'Finished', 'Finished', 'Finished', NULL),
(1310173642, 296, 274, '2014-01-01 16:00', 1310003533, '1:0', '1:1', 'Finished', 'Finished', 'Finished', NULL),
(1310173648, 324, 311, '2014-01-01 16:00', 1310003533, '0:1', '1:1', 'Finished', 'Finished', 'Finished', NULL),
(1310173651, 605, 297, '2014-01-01 16:00', 1310003533, '0:2', '1:2', 'Finished', 'Finished', 'Finished', NULL),
(1310173647, 675, 609, '2014-01-01 16:00', 1310003533, '0:1', '1:3', 'Finished', 'Finished', 'Finished', NULL),
(1310173641, 862, 298, '2014-01-01 16:00', 1310003533, '0:0', '2:0', 'Finished', 'Finished', 'Finished', NULL),
(1310173646, 791, 415, '2014-01-01 16:00', 1310003533, '0:1', '2:1', 'Finished', 'Finished', 'Finished', NULL),
(1310173650, 308, 672, '2014-01-01 16:00', 1310003533, '1:2', '2:2', 'Finished', 'Finished', 'Finished', NULL),
(1310173645, 331, 540, '2014-01-01 16:00', 1310003533, '2:1', '3:2', 'Finished', 'Finished', 'Finished', NULL),
(1310173644, 1037, 1011, '2014-01-01 18:30', 1310003533, NULL, NULL, 'Postponed', 'Postponed', 'Postponed', NULL),
(1310171276, 660, 947, '2014-01-01 18:30', 1310003532, '0:1', '1:2', 'Finished', 'Finished', 'Finished', NULL),
(1310171280, 922, 661, '2014-01-01 13:45', 1310003532, '1:1', '2:3', 'Finished', 'Finished', 'Finished', NULL),
(1310171279, 918, 254, '2014-01-01 16:00', 1310003532, '0:1', '0:1', 'Finished', 'Finished', 'Finished', NULL),
(1310171277, 884, 363, '2014-01-01 16:00', 1310003532, '0:0', '0:3', 'Finished', 'Finished', 'Finished', NULL),
(1310171281, 1014, 707, '2014-01-01 16:00', 1310003532, '0:0', '1:0', 'Finished', 'Finished', 'Finished', NULL),
(1310171273, 395, 718, '2014-01-01 16:00', 1310003532, '1:1', '1:1', 'Finished', 'Finished', 'Finished', NULL),
(1310171278, 912, 449, '2014-01-01 16:00', 1310003532, '0:0', '1:1', 'Finished', 'Finished', 'Finished', NULL),
(1310171272, 251, 345, '2014-01-01 16:00', 1310003532, '0:0', '2:0', 'Finished', 'Finished', 'Finished', NULL),
(1310171275, 629, 541, '2014-01-01 16:00', 1310003532, '1:0', '2:0', 'Finished', 'Finished', 'Finished', NULL),
(1310171274, 477, 1018, '2014-01-01 16:00', 1310003532, '1:1', '2:1', 'Finished', 'Finished', 'Finished', NULL),
(1310220444, 783, 552, '2014-01-14 20:45', 1310003704, NULL, NULL, 'NSY', 'NSY', 'NSY', NULL),
(1310220443, 862, 654, '2014-01-14 20:45', 1310003704, NULL, NULL, 'NSY', 'NSY', 'NSY', NULL),
(1310220442, 477, 718, '2014-01-14 20:45', 1310003704, NULL, NULL, 'NSY', 'NSY', 'NSY', NULL),
(1310220439, 1011, 325, '2014-01-14 20:45', 1310003704, NULL, NULL, 'NSY', 'NSY', 'NSY', NULL),
(1310220440, 768, 578, '2014-01-14 20:45', 1310003704, NULL, NULL, 'NSY', 'NSY', 'NSY', NULL),
(1310220441, 25657, 1022, '2014-01-14 20:45', 1310003704, NULL, NULL, 'NSY', 'NSY', 'NSY', NULL),
(1310220445, 774, 778, '2014-01-14 20:45', 1310003704, NULL, NULL, 'NSY', 'NSY', 'NSY', NULL),
(1310220446, 661, 297, '2014-01-15 20:45', 1310003704, NULL, NULL, 'NSY', 'NSY', 'NSY', NULL),
(1310215232, 502, 540, '2014-01-04 16:00', 1310003704, '1:0', '2:3', 'Finished', 'Finished', 'Finished', NULL),
(1310215221, 660, 922, '2014-01-05 17:30', 1310003704, '1:1', '1:2', 'Finished', 'Finished', 'Finished', NULL),
(1310215234, 408, 363, '2014-01-05 15:15', 1310003704, '0:0', '0:2', 'Finished', 'Finished', 'Finished', NULL),
(1310216206, 629, 736, '2014-01-05 16:00', 1310003704, '0:0', '2:0', 'Finished', 'Finished', 'Finished', NULL),
(1310215222, 778, 774, '2014-01-05 16:00', 1310003704, '2:0', '2:2', 'Finished', 'Finished', 'Finished', NULL),
(1310215209, 719, 1018, '2014-01-05 13:00', 1310003704, '1:0', '5:0', 'Finished', 'Finished', 'Finished', NULL),
(1310215226, 918, 346, '2014-01-05 15:00', 1310003704, '1:1', '3:1', 'Finished', 'Finished', 'Finished', NULL),
(1310215220, 1022, 25657, '2014-01-04 16:00', 1310003704, '2:2', '3:3', 'Finished', 'Finished', 'Finished', NULL),
(1310215230, 324, 802, '2014-01-04 16:00', 1310003704, '1:0', '1:0', 'Finished', 'Finished', 'Finished', NULL),
(1310215227, 308, 298, '2014-01-04 16:00', 1310003704, '1:1', '2:1', 'Finished', 'Finished', 'Finished', NULL),
(1310215219, 818, 605, '2014-01-04 16:00', 1310003704, '1:0', '2:0', 'Finished', 'Finished', 'Finished', NULL),
(1310215233, 552, 783, '2014-01-04 16:00', 1310003704, '1:1', '1:1', 'Finished', 'Finished', 'Finished', NULL),
(1310215215, 415, 907, '2014-01-04 16:00', 1310003704, '0:0', '2:3', 'Finished', 'Finished', 'Finished', NULL),
(1310215214, 578, 768, '2014-01-04 16:00', 1310003704, '0:0', '0:0', 'Finished', 'Finished', 'Finished', NULL),
(1310215229, 449, 791, '2014-01-04 16:00', 1310003704, '2:0', '4:0', 'Finished', 'Finished', 'Finished', NULL),
(1310215216, 912, 609, '2014-01-04 16:00', 1310003704, '1:0', '2:1', 'Finished', 'Finished', 'Finished', NULL),
(1310215213, 1014, 395, '2014-01-04 16:00', 1310003704, '0:1', '0:2', 'Finished', 'Finished', 'Finished', NULL),
(1310215217, 884, 331, '2014-01-04 16:00', 1310003704, '2:0', '4:3', 'Finished', 'Finished', 'Finished', NULL),
(1310215225, 654, 862, '2014-01-04 16:00', 1310003704, '0:1', '1:1', 'Finished', 'Finished', 'Finished', NULL),
(1310215218, 707, 345, '2014-01-04 16:00', 1310003704, '0:0', '1:2', 'Finished', 'Finished', 'Finished', NULL),
(1310215224, 254, 861, '2014-01-04 16:00', 1310003704, '0:1', '1:2', 'Finished', 'Finished', 'Finished', NULL),
(1310215223, 718, 477, '2014-01-04 16:00', 1310003704, '1:1', '1:1', 'Finished', 'Finished', 'Finished', NULL),
(1310174010, 913, 266, '2014-01-04 16:00', 1310003543, '2:0', '4:0', 'Finished', 'Finished', 'Finished', NULL),
(1310173994, 906, 799, '2014-01-05 16:00', 1310003543, '0:1', '0:2', 'Finished', 'Finished', 'Finished', NULL),
(1310174008, 434, 246, '2014-01-02 16:00', 1310003543, '1:0', '1:0', 'Finished', 'Finished', 'Finished', NULL),
(1310174009, 906, 430, '2014-01-02 16:00', 1310003543, '0:1', '1:2', 'Finished', 'Finished', 'Finished', NULL),
(1310174007, 318, 469, '2014-01-02 16:00', 1310003543, '0:4', '1:5', 'Finished', 'Finished', 'Finished', NULL),
(1310174006, 218, 799, '2014-01-02 18:30', 1310003543, '0:1', '0:1', 'Finished', 'Finished', 'Finished', NULL),
(1310173276, 683, 290, '2014-01-02 16:00', 1310003544, '0:0', '0:0', 'Finished', 'Finished', 'Finished', NULL),
(1310173277, 1377, 1376, '2014-01-02 16:00', 1310003544, '0:1', '2:1', 'Finished', 'Finished', 'Finished', NULL),
(1310173275, 374, 793, '2014-01-04 16:00', 1310003544, '1:0', '1:2', 'Finished', 'Finished', 'Finished', NULL),
(1310173274, 27187, 226, '2014-01-04 16:00', 1310003544, '1:0', '2:0', 'Finished', 'Finished', 'Finished', NULL),
(1310173278, 909, 435, '2014-01-04 16:00', 1310003544, '0:1', '2:1', 'Finished', 'Finished', 'Finished', NULL),
(1310171990, 230, 388, '2014-01-02 16:00', 1310003542, '0:0', '0:1', 'Finished', 'Finished', 'Finished', NULL),
(1310171994, 798, 428, '2014-01-02 16:00', 1310003542, '0:0', '0:2', 'Finished', 'Finished', 'Finished', NULL),
(1310171993, 630, 454, '2014-01-04 16:00', 1310003542, '0:1', '0:1', 'Finished', 'Finished', 'Finished', NULL),
(1310171991, 426, 686, '2014-01-04 16:00', 1310003542, '1:0', '2:0', 'Finished', 'Finished', 'Finished', NULL),
(1310171992, 518, 792, '2014-01-04 16:00', 1310003542, '2:1', '3:1', 'Finished', 'Finished', 'Finished', NULL),
(1310171587, 897, 355, '2014-01-05 13:45', 1310003541, '0:0', '0:4', 'Finished', 'Finished', 'Finished', NULL),
(1310171582, 429, 538, '2014-01-05 16:00', 1310003541, '0:1', '2:2', 'Finished', 'Finished', 'Finished', NULL),
(1310171584, 579, 211, '2014-01-05 16:00', 1310003541, '0:0', '0:1', 'Finished', 'Finished', 'Finished', NULL),
(1310171583, 528, 761, '2014-01-05 16:00', 1310003541, '0:2', '0:2', 'Finished', 'Finished', 'Finished', NULL),
(1310171576, 355, 761, '2014-01-01 16:00', 1310003541, '1:0', '1:0', 'Finished', 'Finished', 'Finished', NULL),
(1310171577, 429, 211, '2014-01-01 16:00', 1310003541, '0:0', '1:2', 'Finished', 'Finished', 'Finished', NULL),
(1310171579, 550, 825, '2014-01-01 16:00', 1310003541, '0:2', '1:2', 'Finished', 'Finished', 'Finished', NULL),
(1310171581, 688, 896, '2014-01-01 16:00', 1310003541, '1:0', '4:0', 'Finished', 'Finished', 'Finished', NULL),
(1310171578, 538, 528, '2014-01-02 20:45', 1310003541, '0:0', '2:1', 'Finished', 'Finished', 'Finished', NULL),
(1310171580, 579, 897, '2014-01-02 16:00', 1310003541, '1:1', '2:1', 'Finished', 'Finished', 'Finished', NULL),
(1310207911, 2867, 1310003034, '2014-01-05 14:00', 1310003957, '0:0', '0:0', 'Finished', 'Finished', 'Finished', NULL),
(1310207913, 757, 1310001184, '2014-01-05 14:00', 1310003957, '1:0', '1:1', 'Finished', 'Finished', 'Finished', NULL),
(1310207909, 2863, 1310003038, '2014-01-05 14:00', 1310003957, '3:0', '3:0', 'Finished', 'Finished', 'Finished', NULL),
(1310207908, 1310003036, 1310001185, '2014-01-05 17:00', 1310003957, '0:0', '0:0', 'Finished', 'Finished', 'Finished', NULL),
(1310207910, 2871, 1310001181, '2014-01-03 17:00', 1310003957, '1:1', '2:1', 'Finished', 'Finished', 'Finished', NULL),
(1310207729, 1310003044, 1310003043, '2014-01-05 14:00', 1310003956, '0:0', '0:0', 'Finished', 'Finished', 'Finished', NULL),
(1310207726, 28671, 28403, '2014-01-05 14:00', 1310003956, '0:1', '0:1', 'Finished', 'Finished', 'Finished', NULL),
(1310207728, 553, 575, '2014-01-05 14:00', 1310003956, '0:0', '1:0', 'Finished', 'Finished', 'Finished', NULL),
(1310207727, 24393, 30140, '2014-01-05 14:00', 1310003956, '0:0', '1:0', 'Finished', 'Finished', 'Finished', NULL),
(1310207732, 2864, 27157, '2014-01-05 14:00', 1310003956, '0:0', '2:0', 'Finished', 'Finished', 'Finished', NULL),
(1310189431, 758, 733, '2014-01-05 16:15', 1310003740, '0:0', '0:0', 'Finished', 'Finished', 'Finished', NULL),
(1310189436, 26595, 24250, '2014-01-05 16:15', 1310003740, '0:0', '1:0', 'Finished', 'Finished', 'Finished', NULL),
(1310189429, 992, 1310001182, '2014-01-05 16:15', 1310003740, '1:1', '2:2', 'Finished', 'Finished', 'Finished', NULL),
(1310189435, 1035, 759, '2014-01-05 18:30', 1310003740, '1:0', '1:2', 'Finished', 'Finished', 'Finished', NULL),
(1310189433, 27155, 755, '2014-01-05 14:00', 1310003740, '1:0', '1:0', 'Finished', 'Finished', 'Finished', NULL),
(1310190939, 26699, 29337, '2014-01-03 22:30', 1310003746, '0:0', '1:0', 'Finished', 'Finished', 'Finished', NULL),
(1310190940, 24231, 26701, '2014-01-05 01:00', 1310003746, '1:1', '1:1', 'Finished', 'Finished', 'Finished', NULL),
(1310190938, 27244, 2440, '2014-01-05 20:30', 1310003746, '0:2', '1:2', 'Finished', 'Finished', 'Finished', NULL),
(1310190943, 24235, 30732, '2014-01-05 20:30', 1310003746, '0:1', '1:5', 'Finished', 'Finished', 'Finished', NULL),
(1310190944, 2442, 24228, '2014-01-05 23:00', 1310003746, '0:1', '2:1', 'Finished', 'Finished', 'Finished', NULL),
(1310188693, 2416, 3070, '2014-01-05 13:30', 1310003705, '1:1', '1:1', 'Finished', 'Finished', 'Finished', NULL),
(1310188695, 2418, 738, '2014-01-05 14:00', 1310003705, '0:0', '0:3', 'Finished', 'Finished', 'Finished', NULL),
(1310219878, 23062, 23072, '2014-01-01 06:00', 1310003947, '2:0', '2:0', 'Finished', 'Finished', 'Finished', NULL),
(1310188198, 30229, 271, '2014-01-05 18:00', 1310003716, '0:1', '2:2', 'Finished', 'Finished', 'Finished', NULL),
(1310188192, 1606, 590, '2014-01-05 18:15', 1310003716, '0:0', '0:0', 'Finished', 'Finished', 'Finished', NULL),
(1310188193, 25865, 26975, '2014-01-05 16:00', 1310003716, '0:0', '1:1', 'Finished', 'Finished', 'Finished', NULL),
(1310188197, 489, 846, '2014-01-05 12:00', 1310003716, '1:1', '2:3', 'Finished', 'Finished', 'Finished', NULL),
(1310187793, 859, 488, '2014-01-05 12:00', 1310003715, '1:0', '3:0', 'Finished', 'Finished', 'Finished', NULL),
(1310187792, 270, 439, '2014-01-05 16:00', 1310003715, '2:0', '4:0', 'Finished', 'Finished', 'Finished', NULL),
(1310187798, 742, 445, '2014-01-05 18:00', 1310003715, '1:0', '1:0', 'Finished', 'Finished', 'Finished', NULL),
(1310187795, 879, 256, '2014-01-05 20:00', 1310003715, '1:0', '2:0', 'Finished', 'Finished', 'Finished', NULL),
(1310165152, 27592, 26605, '2014-01-03 09:30', 1310003378, '1:1', '2:2', 'Finished', 'Finished', 'Finished', NULL),
(1310165150, 27593, 27596, '2013-12-31 08:00', 1310003378, '1:0', '2:1', 'Finished', 'Finished', 'Finished', NULL),
(1310165151, 1310001888, 27598, '2014-01-01 09:00', 1310003378, '0:0', '1:3', 'Finished', 'Finished', 'Finished', NULL),
(1310165155, 27593, 1001335, '2014-01-05 07:00', 1310003378, '0:0', '0:0', 'Finished', 'Finished', 'Finished', NULL),
(1310185512, 522, 1382, '2014-01-05 18:30', 1310003697, '1:1', '2:2', 'Finished', 'Finished', 'Finished', NULL),
(1310216053, 2876, 938, '2014-01-05 00:01', 1310003469, '2:0', '3:0', 'Finished', 'Finished', 'Finished', NULL),
(1310216054, 680, 394, '2014-01-05 02:00', 1310003469, '0:0', '0:0', 'Finished', 'Finished', 'Finished', NULL),
(1310216055, 749, 942, '2014-01-05 02:00', 1310003469, '0:0', '0:1', 'Finished', 'Finished', 'Finished', NULL),
(1310216057, 260, 1310000668, '2014-01-05 04:00', 1310003469, '0:0', '0:0', 'Finished', 'Finished', 'Finished', NULL),
(1310216056, 24190, 24197, '2014-01-05 04:00', 1310003469, '1:1', '1:1', 'Finished', 'Finished', 'Finished', NULL),
(1310216058, 24192, 790, '2014-01-05 19:00', 1310003469, '2:0', '2:2', 'Finished', 'Finished', 'Finished', NULL),
(1310220508, 28138, 28143, '2014-01-18 10:00', 1310004200, NULL, NULL, 'NSY', 'NSY', 'NSY', NULL),
(1310220509, 27699, 27063, '2014-01-18 11:00', 1310004200, NULL, NULL, 'NSY', 'NSY', 'NSY', NULL),
(1310220510, 934, 2626, '2014-01-18 13:00', 1310004200, NULL, NULL, 'NSY', 'NSY', 'NSY', NULL),
(1310220512, 3185, 622, '2014-01-18 13:00', 1310004200, NULL, NULL, 'NSY', 'NSY', 'NSY', NULL),
(1310220511, 745, 27740, '2014-01-18 13:00', 1310004200, NULL, NULL, 'NSY', 'NSY', 'NSY', NULL),
(1310220322, 900, 810, '2014-01-18 14:00', 1310004200, NULL, NULL, 'NSY', 'NSY', 'NSY', NULL),
(1310220323, 557, 25642, '2014-01-18 14:15', 1310004200, NULL, NULL, 'NSY', 'NSY', 'NSY', NULL),
(1310220324, 329, 27119, '2014-01-18 15:00', 1310004200, NULL, NULL, 'NSY', 'NSY', 'NSY', NULL),
(1310220330, 501, 262, '2014-01-18 15:30', 1310004200, NULL, NULL, 'NSY', 'NSY', 'NSY', NULL),
(1310219117, 517, 276, '2014-01-18 15:30', 1310004200, NULL, NULL, 'NSY', 'NSY', 'NSY', NULL),
(1310219114, 563, 417, '2014-01-18 15:30', 1310004200, NULL, NULL, 'NSY', 'NSY', 'NSY', NULL),
(1310219113, 584, 853, '2014-01-18 15:30', 1310004200, NULL, NULL, 'NSY', 'NSY', 'NSY', NULL),
(1310220464, 1177, 2945, '2014-01-18 16:00', 1310004200, NULL, NULL, 'NSY', 'NSY', 'NSY', NULL),
(1310219112, 725, 1092, '2014-01-18 16:00', 1310004200, NULL, NULL, 'NSY', 'NSY', 'NSY', NULL),
(1310220325, 521, 396, '2014-01-18 16:00', 1310004200, NULL, NULL, 'NSY', 'NSY', 'NSY', NULL),
(1310219116, 304, 652, '2014-01-18 16:00', 1310004200, NULL, NULL, 'NSY', 'NSY', 'NSY', NULL),
(1310219115, 837, 281, '2014-01-18 16:00', 1310004200, NULL, NULL, 'NSY', 'NSY', 'NSY', NULL),
(1310220507, 301, 30315, '2014-01-15 13:00', 1310004200, NULL, NULL, 'NSY', 'NSY', 'NSY', NULL),
(1310220506, 3054, 409, '2014-01-14 15:00', 1310004200, NULL, NULL, 'NSY', 'NSY', 'NSY', NULL),
(1310220503, 937, 1864, '2014-01-11 16:00', 1310004200, NULL, NULL, 'NSY', 'NSY', 'NSY', NULL),
(1310220495, 206, 917, '2014-01-10 14:00', 1310004200, NULL, NULL, 'NSY', 'NSY', 'NSY', NULL),
(1310220496, 500, 1027, '2014-01-10 14:30', 1310004200, NULL, NULL, 'NSY', 'NSY', 'NSY', NULL),
(1310220497, 1310000317, 28138, '2014-01-11 10:00', 1310004200, NULL, NULL, 'NSY', 'NSY', 'NSY', NULL),
(1310220498, 1336, 24238, '2014-01-11 11:00', 1310004200, NULL, NULL, 'NSY', 'NSY', 'NSY', NULL),
(1310220499, 1357, 2166, '2014-01-11 11:00', 1310004200, NULL, NULL, 'NSY', 'NSY', 'NSY', NULL),
(1310220500, 23914, 773, '2014-01-11 12:15', 1310004200, NULL, NULL, 'NSY', 'NSY', 'NSY', NULL),
(1310220492, 2319, 2549, '2014-01-11 14:00', 1310004200, NULL, NULL, 'NSY', 'NSY', 'NSY', NULL),
(1310220501, 872, 857, '2014-01-11 14:00', 1310004200, NULL, NULL, 'NSY', 'NSY', 'NSY', NULL),
(1310220502, 2555, 28305, '2014-01-11 14:00', 1310004200, NULL, NULL, 'NSY', 'NSY', 'NSY', NULL),
(1310220504, 25639, 1310003480, '2014-01-11 17:00', 1310004200, NULL, NULL, 'NSY', 'NSY', 'NSY', NULL),
(1310220505, 2339, 23914, '2014-01-11 18:30', 1310004200, NULL, NULL, 'NSY', 'NSY', 'NSY', NULL),
(1310220493, 342, 402, '2014-01-12 14:30', 1310004200, NULL, NULL, 'NSY', 'NSY', 'NSY', NULL),
(1310219111, 649, 905, '2014-01-18 18:00', 1310004200, NULL, NULL, 'NSY', 'NSY', 'NSY', NULL),
(1310220490, 1001413, 1753, '2014-01-07 19:00', 1310004200, '1:0', '1:2', 'Finished', 'Finished', 'Finished', NULL),
(1310220491, 342, 624, '2014-01-08 16:00', 1310004200, '1:1', '4:1', 'Finished', 'Finished', 'Finished', NULL),
(1310219057, 1072, 1051, '2014-01-18 15:00', 1310004199, NULL, NULL, 'NSY', 'NSY', 'NSY', NULL),
(1310210709, 1228, 25613, '2014-01-18 16:00', 1310004002, NULL, NULL, 'NSY', 'NSY', 'NSY', NULL),
(1310210710, 27320, 27319, '2014-01-18 19:00', 1310004002, NULL, NULL, 'NSY', 'NSY', 'NSY', NULL),
(1310181591, 23140, 1380, '2014-01-18 16:45', 1310003673, NULL, NULL, 'NSY', 'NSY', 'NSY', NULL),
(1310181592, 23141, 23147, '2014-01-18 16:45', 1310003673, NULL, NULL, 'NSY', 'NSY', 'NSY', NULL),
(1310181595, 23254, 23243, '2014-01-18 16:45', 1310003673, NULL, NULL, 'NSY', 'NSY', 'NSY', NULL),
(1310181596, 1319, 23144, '2014-01-18 16:45', 1310003673, NULL, NULL, 'NSY', 'NSY', 'NSY', NULL),
(1310181593, 23175, 2334, '2014-01-18 16:45', 1310003673, NULL, NULL, 'NSY', 'NSY', 'NSY', NULL),
(1310181594, 23247, 23230, '2014-01-18 16:45', 1310003673, NULL, NULL, 'NSY', 'NSY', 'NSY', NULL),
(1310181350, 28701, 893, '2014-01-18 21:15', 1310003675, NULL, NULL, 'NSY', 'NSY', 'NSY', NULL),
(1310214744, 2514, 26059, '2014-01-18 20:00', 1310004094, NULL, NULL, 'NSY', 'NSY', 'NSY', NULL),
(1310214893, 26057, 1310005039, '2014-01-18 20:00', 1310004094, NULL, NULL, 'NSY', 'NSY', 'NSY', NULL),
(1310214748, 753, 1310000078, '2014-01-18 20:00', 1310004094, NULL, NULL, 'NSY', 'NSY', 'NSY', NULL),
(1310214743, 844, 1310001286, '2014-01-18 22:30', 1310004094, NULL, NULL, 'NSY', 'NSY', 'NSY', NULL),
(1310214894, 27203, 29192, '2014-01-18 22:30', 1310004094, NULL, NULL, 'NSY', 'NSY', 'NSY', NULL),
(1310214745, 1310000079, 2522, '2014-01-18 22:30', 1310004094, NULL, NULL, 'NSY', 'NSY', 'NSY', NULL),
(1310215664, 2512, 30761, '2014-01-18 20:00', 1310004122, NULL, NULL, 'NSY', 'NSY', 'NSY', NULL),
(1310215891, 1310005052, 26656, '2014-01-18 23:30', 1310004122, NULL, NULL, 'NSY', 'NSY', 'NSY', NULL),
(1310215545, 987, 27205, '2014-01-18 22:30', 1310004120, NULL, NULL, 'NSY', 'NSY', 'NSY', NULL),
(1310215550, 28043, 1237, '2014-01-18 22:30', 1310004120, NULL, NULL, 'NSY', 'NSY', 'NSY', NULL),
(1310215544, 26718, 28042, '2014-01-18 20:00', 1310004120, NULL, NULL, 'NSY', 'NSY', 'NSY', NULL),
(1310215549, 26065, 29179, '2014-01-18 20:00', 1310004120, NULL, NULL, 'NSY', 'NSY', 'NSY', NULL),
(1310218149, 1310004454, 1310001967, '2014-01-18 22:00', 1310003777, NULL, NULL, 'NSY', 'NSY', 'NSY', NULL),
(1310181750, 2331, 1100000000, '2014-01-18 16:00', 1310003664, NULL, NULL, 'NSY', 'NSY', 'NSY', NULL),
(1310181751, 1402, 1403, '2014-01-18 16:00', 1310003664, NULL, NULL, 'NSY', 'NSY', 'NSY', NULL),
(1310181749, 25609, 1100000021, '2014-01-18 16:00', 1310003664, NULL, NULL, 'NSY', 'NSY', 'NSY', NULL),
(1310181752, 1310002319, 29885, '2014-01-18 16:00', 1310003664, NULL, NULL, 'NSY', 'NSY', 'NSY', NULL),
(1310181748, 1310001432, 1100000019, '2014-01-18 16:00', 1310003664, NULL, NULL, 'NSY', 'NSY', 'NSY', NULL),
(1310181747, 1310002299, 1100000031, '2014-01-18 16:00', 1310003664, NULL, NULL, 'NSY', 'NSY', 'NSY', NULL),
(1310167634, 640, 507, '2014-01-18 20:00', 1310003484, NULL, NULL, 'NSY', 'NSY', 'NSY', NULL),
(1310167633, 277, 309, '2014-01-18 20:00', 1310003484, NULL, NULL, 'NSY', 'NSY', 'NSY', NULL),
(1310167636, 709, 219, '2014-01-18 20:00', 1310003484, NULL, NULL, 'NSY', 'NSY', 'NSY', NULL),
(1310167639, 807, 25466, '2014-01-18 20:00', 1310003484, NULL, NULL, 'NSY', 'NSY', 'NSY', NULL),
(1310167641, 878, 682, '2014-01-18 20:00', 1310003484, NULL, NULL, 'NSY', 'NSY', 'NSY', NULL),
(1310167635, 200, 2844, '2014-01-18 17:00', 1310003484, NULL, NULL, 'NSY', 'NSY', 'NSY', NULL),
(1310216623, 1100000061, 1100000056, '2014-01-18 23:00', 1310003768, NULL, NULL, 'NSY', 'NSY', 'NSY', NULL),
(1310219026, 28567, 332, '2014-01-18 18:00', 1310004195, NULL, NULL, 'NSY', 'NSY', 'NSY', NULL),
(1310219025, 2749, 26958, '2014-01-18 12:30', 1310004195, NULL, NULL, 'NSY', 'NSY', 'NSY', NULL),
(1310195500, 1972, 1978, '2014-01-18 18:00', 1310003786, NULL, NULL, 'NSY', 'NSY', 'NSY', NULL),
(1310195499, 4351, 4355, '2014-01-18 13:00', 1310003786, NULL, NULL, 'NSY', 'NSY', 'NSY', NULL),
(1310194361, 820, 631, '2014-01-18 18:00', 1310003771, NULL, NULL, 'NSY', 'NSY', 'NSY', NULL),
(1310194364, 562, 838, '2014-01-18 20:45', 1310003771, NULL, NULL, 'NSY', 'NSY', 'NSY', NULL),
(1310183675, 2789, 26053, '2014-01-14 20:45', 1310003651, NULL, NULL, 'NSY', 'NSY', 'NSY', NULL),
(1310183767, 534, 1390, '2014-01-18 16:00', 1310003651, NULL, NULL, 'NSY', 'NSY', 'NSY', NULL),
(1310183764, 367, 273, '2014-01-18 16:00', 1310003651, NULL, NULL, 'NSY', 'NSY', 'NSY', NULL),
(1310183766, 502, 1890, '2014-01-18 16:00', 1310003651, NULL, NULL, 'NSY', 'NSY', 'NSY', NULL),
(1310183768, 26053, 468, '2014-01-18 16:00', 1310003651, NULL, NULL, 'NSY', 'NSY', 'NSY', NULL),
(1310183769, 648, 1032, '2014-01-18 16:00', 1310003651, NULL, NULL, 'NSY', 'NSY', 'NSY', NULL),
(1310183771, 24475, 28999, '2014-01-18 16:00', 1310003651, NULL, NULL, 'NSY', 'NSY', 'NSY', NULL),
(1310183761, 1817, 578, '2014-01-18 16:00', 1310003651, NULL, NULL, 'NSY', 'NSY', 'NSY', NULL),
(1310183770, 724, 654, '2014-01-18 16:00', 1310003651, NULL, NULL, 'NSY', 'NSY', 'NSY', NULL),
(1310183772, 2789, 1387, '2014-01-18 16:00', 1310003651, NULL, NULL, 'NSY', 'NSY', 'NSY', NULL),
(1310183765, 515, 341, '2014-01-18 16:00', 1310003651, NULL, NULL, 'NSY', 'NSY', 'NSY', NULL),
(1310183763, 26582, 627, '2014-01-18 16:00', 1310003651, NULL, NULL, 'NSY', 'NSY', 'NSY', NULL),
(1310172946, 855, 26624, '2014-01-18 16:00', 1310003537, NULL, NULL, 'NSY', 'NSY', 'NSY', NULL),
(1310172951, 946, 716, '2014-01-18 16:00', 1310003537, NULL, NULL, 'NSY', 'NSY', 'NSY', NULL),
(1310172947, 885, 368, '2014-01-18 16:00', 1310003537, NULL, NULL, 'NSY', 'NSY', 'NSY', NULL),
(1310172953, 2786, 1389, '2014-01-18 16:00', 1310003537, NULL, NULL, 'NSY', 'NSY', 'NSY', NULL),
(1310172952, 364, 24002, '2014-01-18 16:00', 1310003537, NULL, NULL, 'NSY', 'NSY', 'NSY', NULL),
(1310172954, 1039, 326, '2014-01-18 16:00', 1310003537, NULL, NULL, 'NSY', 'NSY', 'NSY', NULL),
(1310172945, 27176, 525, '2014-01-18 16:00', 1310003537, NULL, NULL, 'NSY', 'NSY', 'NSY', NULL),
(1310172944, 1033, 748, '2014-01-18 16:00', 1310003537, NULL, NULL, 'NSY', 'NSY', 'NSY', NULL),
(1310172955, 781, 663, '2014-01-18 16:00', 1310003537, NULL, NULL, 'NSY', 'NSY', 'NSY', NULL),
(1310172949, 450, 685, '2014-01-18 16:00', 1310003537, NULL, NULL, 'NSY', 'NSY', 'NSY', NULL),
(1310172948, 818, 774, '2014-01-18 16:00', 1310003537, NULL, NULL, 'NSY', 'NSY', 'NSY', NULL),
(1310172950, 333, 1891, '2014-01-18 16:00', 1310003537, NULL, NULL, 'NSY', 'NSY', 'NSY', NULL),
(1310172398, 783, 387, '2014-01-18 16:00', 1310003535, NULL, NULL, 'NSY', 'NSY', 'NSY', NULL),
(1310172393, 491, 923, '2014-01-18 16:00', 1310003535, NULL, NULL, 'NSY', 'NSY', 'NSY', NULL),
(1310172399, 861, 312, '2014-01-18 16:00', 1310003535, NULL, NULL, 'NSY', 'NSY', 'NSY', NULL),
(1310172396, 346, 376, '2014-01-18 16:00', 1310003535, NULL, NULL, 'NSY', 'NSY', 'NSY', NULL),
(1310172395, 4364, 1030, '2014-01-18 16:00', 1310003535, NULL, NULL, 'NSY', 'NSY', 'NSY', NULL),
(1310172400, 391, 621, '2014-01-18 16:00', 1310003535, NULL, NULL, 'NSY', 'NSY', 'NSY', NULL),
(1310172397, 768, 952, '2014-01-18 16:00', 1310003535, NULL, NULL, 'NSY', 'NSY', 'NSY', NULL),
(1310172392, 864, 827, '2014-01-18 16:00', 1310003535, NULL, NULL, 'NSY', 'NSY', 'NSY', NULL),
(1310172394, 778, 736, '2014-01-18 16:00', 1310003535, NULL, NULL, 'NSY', 'NSY', 'NSY', NULL),
(1310172403, 907, 720, '2014-01-18 16:00', 1310003535, NULL, NULL, 'NSY', 'NSY', 'NSY', NULL),
(1310172402, 325, 25657, '2014-01-18 16:00', 1310003535, NULL, NULL, 'NSY', 'NSY', 'NSY', NULL),
(1310172401, 1009, 321, '2014-01-18 16:00', 1310003535, NULL, NULL, 'NSY', 'NSY', 'NSY', NULL),
(1310173666, 605, 609, '2014-01-18 13:15', 1310003533, NULL, NULL, 'NSY', 'NSY', 'NSY', NULL),
(1310173674, 802, 308, '2014-01-18 16:00', 1310003533, NULL, NULL, 'NSY', 'NSY', 'NSY', NULL),
(1310173675, 296, 1037, '2014-01-18 16:00', 1310003533, NULL, NULL, 'NSY', 'NSY', 'NSY', NULL),
(1310173665, 675, 552, '2014-01-18 16:00', 1310003533, NULL, NULL, 'NSY', 'NSY', 'NSY', NULL),
(1310173669, 274, 298, '2014-01-18 16:00', 1310003533, NULL, NULL, 'NSY', 'NSY', 'NSY', NULL),
(1310173667, 719, 297, '2014-01-18 16:00', 1310003533, NULL, NULL, 'NSY', 'NSY', 'NSY', NULL),
(1310173671, 415, 1022, '2014-01-18 16:00', 1310003533, NULL, NULL, 'NSY', 'NSY', 'NSY', NULL),
(1310173664, 331, 862, '2014-01-18 16:00', 1310003533, NULL, NULL, 'NSY', 'NSY', 'NSY', NULL),
(1310173672, 311, 1011, '2014-01-18 16:00', 1310003533, NULL, NULL, 'NSY', 'NSY', 'NSY', NULL),
(1310173670, 791, 540, '2014-01-18 16:00', 1310003533, NULL, NULL, 'NSY', 'NSY', 'NSY', NULL),
(1310173673, 672, 360, '2014-01-18 16:00', 1310003533, NULL, NULL, 'NSY', 'NSY', 'NSY', NULL),
(1310173668, 408, 324, '2014-01-18 16:00', 1310003533, NULL, NULL, 'NSY', 'NSY', 'NSY', NULL),
(1310171298, 918, 884, '2014-01-18 13:45', 1310003532, NULL, NULL, 'NSY', 'NSY', 'NSY', NULL),
(1310171292, 251, 477, '2014-01-18 16:00', 1310003532, NULL, NULL, 'NSY', 'NSY', 'NSY', NULL),
(1310171294, 395, 912, '2014-01-18 16:00', 1310003532, NULL, NULL, 'NSY', 'NSY', 'NSY', NULL),
(1310171296, 661, 345, '2014-01-18 16:00', 1310003532, NULL, NULL, 'NSY', 'NSY', 'NSY', NULL),
(1310171297, 718, 541, '2014-01-18 16:00', 1310003532, NULL, NULL, 'NSY', 'NSY', 'NSY', NULL),
(1310171301, 1018, 707, '2014-01-18 16:00', 1310003532, NULL, NULL, 'NSY', 'NSY', 'NSY', NULL),
(1310171295, 629, 254, '2014-01-18 18:30', 1310003532, NULL, NULL, 'NSY', 'NSY', 'NSY', NULL),
(1310174018, 430, 218, '2014-01-18 16:00', 1310003543, NULL, NULL, 'NSY', 'NSY', 'NSY', NULL),
(1310174016, 246, 906, '2014-01-18 16:00', 1310003543, NULL, NULL, 'NSY', 'NSY', 'NSY', NULL),
(1310174017, 266, 318, '2014-01-18 16:00', 1310003543, NULL, NULL, 'NSY', 'NSY', 'NSY', NULL),
(1310174020, 913, 434, '2014-01-18 16:00', 1310003543, NULL, NULL, 'NSY', 'NSY', 'NSY', NULL);
INSERT INTO `matchFootball` (`id`, `teamA_id`, `teamB_id`, `time_match`, `league_id`, `HT`, `FT`, `status`, `minute`, `current_period`, `other`) VALUES
(1310173284, 27187, 374, '2014-01-18 16:00', 1310003544, NULL, NULL, 'NSY', 'NSY', 'NSY', NULL),
(1310173288, 793, 1376, '2014-01-18 16:00', 1310003544, NULL, NULL, 'NSY', 'NSY', 'NSY', NULL),
(1310173285, 290, 909, '2014-01-18 16:00', 1310003544, NULL, NULL, 'NSY', 'NSY', 'NSY', NULL),
(1310173286, 435, 226, '2014-01-18 16:00', 1310003544, NULL, NULL, 'NSY', 'NSY', 'NSY', NULL),
(1310173287, 683, 1377, '2014-01-18 16:00', 1310003544, NULL, NULL, 'NSY', 'NSY', 'NSY', NULL),
(1310172001, 388, 454, '2014-01-18 16:00', 1310003542, NULL, NULL, 'NSY', 'NSY', 'NSY', NULL),
(1310172002, 428, 518, '2014-01-18 16:00', 1310003542, NULL, NULL, 'NSY', 'NSY', 'NSY', NULL),
(1310172003, 630, 686, '2014-01-18 16:00', 1310003542, NULL, NULL, 'NSY', 'NSY', 'NSY', NULL),
(1310172004, 792, 798, '2014-01-18 16:00', 1310003542, NULL, NULL, 'NSY', 'NSY', 'NSY', NULL),
(1310172000, 230, 426, '2014-01-18 16:00', 1310003542, NULL, NULL, 'NSY', 'NSY', 'NSY', NULL),
(1310171597, 761, 579, '2014-01-18 16:00', 1310003541, NULL, NULL, 'NSY', 'NSY', 'NSY', NULL),
(1310171598, 825, 429, '2014-01-18 16:00', 1310003541, NULL, NULL, 'NSY', 'NSY', 'NSY', NULL),
(1310171594, 211, 550, '2014-01-18 16:00', 1310003541, NULL, NULL, 'NSY', 'NSY', 'NSY', NULL),
(1310171595, 355, 688, '2014-01-18 16:00', 1310003541, NULL, NULL, 'NSY', 'NSY', 'NSY', NULL),
(1310171596, 538, 897, '2014-01-18 16:00', 1310003541, NULL, NULL, 'NSY', 'NSY', 'NSY', NULL),
(1310171599, 896, 528, '2014-01-18 16:00', 1310003541, NULL, NULL, 'NSY', 'NSY', 'NSY', NULL),
(1310182377, 3168, 27658, '2014-01-18 20:00', 1310003649, NULL, NULL, 'NSY', 'NSY', 'NSY', NULL),
(1310182378, 482, 1001412, '2014-01-18 20:00', 1310003649, NULL, NULL, 'NSY', 'NSY', 'NSY', NULL),
(1310166913, 903, 24080, '2014-01-18 18:00', 1310003471, NULL, NULL, 'NSY', 'NSY', 'NSY', NULL),
(1310166918, 624, 373, '2014-01-18 20:00', 1310003471, NULL, NULL, 'NSY', 'NSY', 'NSY', NULL),
(1310166915, 359, 2708, '2014-01-18 20:00', 1310003471, NULL, NULL, 'NSY', 'NSY', 'NSY', NULL),
(1310166914, 486, 1851, '2014-01-18 20:00', 1310003471, NULL, NULL, 'NSY', 'NSY', 'NSY', NULL),
(1310166920, 1850, 636, '2014-01-18 20:00', 1310003471, NULL, NULL, 'NSY', 'NSY', 'NSY', NULL),
(1310166919, 25664, 3026, '2014-01-18 20:00', 1310003471, NULL, NULL, 'NSY', 'NSY', 'NSY', NULL),
(1310189452, 737, 24250, '2014-01-18 16:15', 1310003740, NULL, NULL, 'NSY', 'NSY', 'NSY', NULL),
(1310189451, 758, 759, '2014-01-18 18:30', 1310003740, NULL, NULL, 'NSY', 'NSY', 'NSY', NULL),
(1310189453, 27155, 26595, '2014-01-18 14:00', 1310003740, NULL, NULL, 'NSY', 'NSY', 'NSY', NULL),
(1310190131, 27533, 1001167, '2014-01-18 14:30', 1310003744, NULL, NULL, 'NSY', 'NSY', 'NSY', NULL),
(1310188706, 2418, 2421, '2014-01-18 16:00', 1310003705, NULL, NULL, 'NSY', 'NSY', 'NSY', NULL),
(1310188703, 2422, 2414, '2014-01-18 17:00', 1310003705, NULL, NULL, 'NSY', 'NSY', 'NSY', NULL),
(1310188707, 2416, 241, '2014-01-18 17:00', 1310003705, NULL, NULL, 'NSY', 'NSY', 'NSY', NULL),
(1310197069, 804, 1586, '2014-01-18 18:15', 1310003716, NULL, NULL, 'NSY', 'NSY', 'NSY', NULL),
(1310188213, 26341, 489, '2014-01-18 18:00', 1310003716, NULL, NULL, 'NSY', 'NSY', 'NSY', NULL),
(1310188217, 223, 25865, '2014-01-18 18:00', 1310003716, NULL, NULL, 'NSY', 'NSY', 'NSY', NULL),
(1310188212, 933, 30229, '2014-01-18 20:00', 1310003716, NULL, NULL, 'NSY', 'NSY', 'NSY', NULL),
(1310187812, 2001, 742, '2014-01-18 20:00', 1310003715, NULL, NULL, 'NSY', 'NSY', 'NSY', NULL),
(1310187810, 445, 354, '2014-01-18 22:00', 1310003715, NULL, NULL, 'NSY', 'NSY', 'NSY', NULL),
(1310187816, 439, 981, '2014-01-18 18:00', 1310003715, NULL, NULL, 'NSY', 'NSY', 'NSY', NULL),
(1310187811, 292, 803, '2014-01-18 16:00', 1310003715, NULL, NULL, 'NSY', 'NSY', 'NSY', NULL),
(1310167290, 229, 697, '2014-01-18 18:45', 1310003487, NULL, NULL, 'NSY', 'NSY', 'NSY', NULL),
(1310167291, 816, 1441, '2014-01-18 19:45', 1310003487, NULL, NULL, 'NSY', 'NSY', 'NSY', NULL),
(1310167292, 1753, 1002, '2014-01-18 19:45', 1310003487, NULL, NULL, 'NSY', 'NSY', 'NSY', NULL),
(1310167293, 530, 819, '2014-01-18 20:45', 1310003487, NULL, NULL, 'NSY', 'NSY', 'NSY', NULL),
(1310168236, 2113, 2549, '2014-01-18 18:45', 1310003488, NULL, NULL, 'NSY', 'NSY', 'NSY', NULL),
(1310169355, 406, 28629, '2014-01-18 18:45', 1310003488, NULL, NULL, 'NSY', 'NSY', 'NSY', NULL),
(1310168235, 472, 1840, '2014-01-18 16:30', 1310003488, NULL, NULL, 'NSY', 'NSY', 'NSY', NULL),
(1310165163, 27598, 27594, '2014-01-18 07:30', 1310003378, NULL, NULL, 'NSY', 'NSY', 'NSY', NULL),
(1310165164, 26605, 27593, '2014-01-18 09:45', 1310003378, NULL, NULL, 'NSY', 'NSY', 'NSY', NULL),
(1310185530, 28283, 28355, '2014-01-18 17:00', 1310003697, NULL, NULL, 'NSY', 'NSY', 'NSY', NULL),
(1310185527, 522, 1001436, '2014-01-18 17:00', 1310003697, NULL, NULL, 'NSY', 'NSY', 'NSY', NULL),
(1310185528, 25749, 26921, '2014-01-18 17:00', 1310003697, NULL, NULL, 'NSY', 'NSY', 'NSY', NULL),
(1310185531, 653, 2963, '2014-01-18 16:00', 1310003697, NULL, NULL, 'NSY', 'NSY', 'NSY', NULL),
(1310185526, 30756, 523, '2014-01-18 18:30', 1310003697, NULL, NULL, 'NSY', 'NSY', 'NSY', NULL),
(1310216069, 24189, 938, '2014-01-18 02:30', 1310003469, NULL, NULL, 'NSY', 'NSY', 'NSY', NULL),
(1310216070, 2436, 790, '2014-01-18 04:30', 1310003469, NULL, NULL, 'NSY', 'NSY', 'NSY', NULL),
(1310219118, 729, 853, '2014-01-19 14:00', 1310004200, NULL, NULL, 'NSY', 'NSY', 'NSY', NULL),
(1310220239, 2388, 26956, '2014-01-19 15:00', 1310004200, NULL, NULL, 'NSY', 'NSY', 'NSY', NULL),
(1310219119, 23599, 217, '2014-01-19 18:00', 1310004200, NULL, NULL, 'NSY', 'NSY', 'NSY', NULL),
(1310219564, 403, 28682, '2014-01-19 01:00', 1310004200, NULL, NULL, 'NSY', 'NSY', 'NSY', NULL),
(1310210693, 1218, 1078, '2014-01-19 18:00', 1310003999, NULL, NULL, 'NSY', 'NSY', 'NSY', NULL),
(1310210694, 27326, 2612, '2014-01-19 18:00', 1310003999, NULL, NULL, 'NSY', 'NSY', 'NSY', NULL),
(1310214749, 26072, 1310001287, '2014-01-19 00:01', 1310004094, NULL, NULL, 'NSY', 'NSY', 'NSY', NULL),
(1310214746, 26715, 845, '2014-01-19 20:00', 1310004094, NULL, NULL, 'NSY', 'NSY', 'NSY', NULL),
(1310214742, 2518, 382, '2014-01-19 20:00', 1310004094, NULL, NULL, 'NSY', 'NSY', 'NSY', NULL),
(1310214747, 29170, 1310003175, '2014-01-19 22:30', 1310004094, NULL, NULL, 'NSY', 'NSY', 'NSY', NULL),
(1310215663, 1310003194, 1170, '2014-01-19 20:00', 1310004122, NULL, NULL, 'NSY', 'NSY', 'NSY', NULL),
(1310215668, 30764, 1310003447, '2014-01-19 21:00', 1310004122, NULL, NULL, 'NSY', 'NSY', 'NSY', NULL),
(1310215665, 30767, 1310000082, '2014-01-19 21:00', 1310004122, NULL, NULL, 'NSY', 'NSY', 'NSY', NULL),
(1310215667, 1310000081, 1310003193, '2014-01-19 21:00', 1310004122, NULL, NULL, 'NSY', 'NSY', 'NSY', NULL),
(1310215890, 2519, 1310005051, '2014-01-19 22:30', 1310004122, NULL, NULL, 'NSY', 'NSY', 'NSY', NULL),
(1310215666, 30765, 1169, '2014-01-19 22:00', 1310004122, NULL, NULL, 'NSY', 'NSY', 'NSY', NULL),
(1310215547, 28039, 1236, '2014-01-19 20:00', 1310004120, NULL, NULL, 'NSY', 'NSY', 'NSY', NULL),
(1310215543, 1300, 1310003191, '2014-01-19 20:00', 1310004120, NULL, NULL, 'NSY', 'NSY', 'NSY', NULL),
(1310215546, 26069, 28041, '2014-01-19 20:00', 1310004120, NULL, NULL, 'NSY', 'NSY', 'NSY', NULL),
(1310215548, 1310001289, 26054, '2014-01-19 20:00', 1310004120, NULL, NULL, 'NSY', 'NSY', 'NSY', NULL),
(1310216463, 27628, 26014, '2014-01-19 00:30', 1310003670, NULL, NULL, 'NSY', 'NSY', 'NSY', NULL),
(1310216466, 25496, 27629, '2014-01-19 21:00', 1310003670, NULL, NULL, 'NSY', 'NSY', 'NSY', NULL),
(1310216465, 27626, 1001347, '2014-01-19 21:00', 1310003670, NULL, NULL, 'NSY', 'NSY', 'NSY', NULL),
(1310216467, 28373, 26392, '2014-01-19 21:00', 1310003670, NULL, NULL, 'NSY', 'NSY', 'NSY', NULL),
(1310216464, 27623, 1310000776, '2014-01-19 20:30', 1310003670, NULL, NULL, 'NSY', 'NSY', 'NSY', NULL),
(1310216468, 29978, 27621, '2014-01-19 21:30', 1310003670, NULL, NULL, 'NSY', 'NSY', 'NSY', NULL),
(1310216469, 27631, 27625, '2014-01-19 22:30', 1310003670, NULL, NULL, 'NSY', 'NSY', 'NSY', NULL),
(1310216470, 25497, 29977, '2014-01-19 22:30', 1310003670, NULL, NULL, 'NSY', 'NSY', 'NSY', NULL),
(1310216471, 27622, 27627, '2014-01-19 23:30', 1310003670, NULL, NULL, 'NSY', 'NSY', 'NSY', NULL),
(1310185855, 1310001926, 4401, '2014-01-19 16:00', 1310003702, NULL, NULL, 'NSY', 'NSY', 'NSY', NULL),
(1310185861, 2088, 1310001923, '2014-01-19 16:00', 1310003702, NULL, NULL, 'NSY', 'NSY', 'NSY', NULL),
(1310185859, 1457, 455, '2014-01-19 16:00', 1310003702, NULL, NULL, 'NSY', 'NSY', 'NSY', NULL),
(1310185856, 2812, 1310001922, '2014-01-19 16:00', 1310003702, NULL, NULL, 'NSY', 'NSY', 'NSY', NULL),
(1310185860, 2091, 2094, '2014-01-19 16:00', 1310003702, NULL, NULL, 'NSY', 'NSY', 'NSY', NULL),
(1310185854, 30485, 2814, '2014-01-19 16:00', 1310003702, NULL, NULL, 'NSY', 'NSY', 'NSY', NULL),
(1310185858, 4388, 1310001927, '2014-01-19 16:00', 1310003702, NULL, NULL, 'NSY', 'NSY', 'NSY', NULL),
(1310185852, 282, 1958, '2014-01-19 16:00', 1310003702, NULL, NULL, 'NSY', 'NSY', 'NSY', NULL),
(1310185853, 1310001924, 362, '2014-01-19 16:00', 1310003702, NULL, NULL, 'NSY', 'NSY', 'NSY', NULL),
(1310185862, 1960, 4397, '2014-01-19 16:00', 1310003702, NULL, NULL, 'NSY', 'NSY', 'NSY', NULL),
(1310185857, 2447, 2096, '2014-01-19 15:00', 1310003702, NULL, NULL, 'NSY', 'NSY', 'NSY', NULL),
(1310181345, 780, 858, '2014-01-19 20:15', 1310003675, NULL, NULL, 'NSY', 'NSY', 'NSY', NULL),
(1310181352, 289, 665, '2014-01-19 18:00', 1310003675, NULL, NULL, 'NSY', 'NSY', 'NSY', NULL),
(1310181346, 313, 1458, '2014-01-19 18:00', 1310003675, NULL, NULL, 'NSY', 'NSY', 'NSY', NULL),
(1310181349, 814, 283, '2014-01-19 17:00', 1310003675, NULL, NULL, 'NSY', 'NSY', 'NSY', NULL),
(1310181351, 212, 490, '2014-01-19 17:00', 1310003675, NULL, NULL, 'NSY', 'NSY', 'NSY', NULL),
(1310195094, 984, 721, '2014-01-19 12:30', 1310003773, NULL, NULL, 'NSY', 'NSY', 'NSY', NULL),
(1310194358, 673, 993, '2014-01-19 20:45', 1310003771, NULL, NULL, 'NSY', 'NSY', 'NSY', NULL),
(1310194360, 965, 599, '2014-01-19 12:30', 1310003771, NULL, NULL, 'NSY', 'NSY', 'NSY', NULL),
(1310194362, 307, 702, '2014-01-19 15:00', 1310003771, NULL, NULL, 'NSY', 'NSY', 'NSY', NULL),
(1310194356, 255, 340, '2014-01-19 15:00', 1310003771, NULL, NULL, 'NSY', 'NSY', 'NSY', NULL),
(1310194363, 370, 760, '2014-01-19 15:00', 1310003771, NULL, NULL, 'NSY', 'NSY', 'NSY', NULL),
(1310194357, 352, 466, '2014-01-19 15:00', 1310003771, NULL, NULL, 'NSY', 'NSY', 'NSY', NULL),
(1310194359, 485, 65, '2014-01-19 15:00', 1310003771, NULL, NULL, 'NSY', 'NSY', 'NSY', NULL),
(1310194365, 27020, 943, '2014-01-19 15:00', 1310003771, NULL, NULL, 'NSY', 'NSY', 'NSY', NULL),
(1310202056, 1310000908, 805, '2014-01-19 01:00', 1310003853, NULL, NULL, 'NSY', 'NSY', 'NSY', NULL),
(1310202055, 645, 1001466, '2014-01-19 01:00', 1310003853, NULL, NULL, 'NSY', 'NSY', 'NSY', NULL),
(1310202054, 389, 225, '2014-01-19 01:00', 1310003853, NULL, NULL, 'NSY', 'NSY', 'NSY', NULL),
(1310202059, 24271, 1001464, '2014-01-19 01:00', 1310003853, NULL, NULL, 'NSY', 'NSY', 'NSY', NULL),
(1310202057, 378, 26380, '2014-01-19 01:00', 1310003853, NULL, NULL, 'NSY', 'NSY', 'NSY', NULL),
(1310202060, 348, 995, '2014-01-19 01:00', 1310003853, NULL, NULL, 'NSY', 'NSY', 'NSY', NULL),
(1310202058, 3130, 1310004456, '2014-01-19 01:00', 1310003853, NULL, NULL, 'NSY', 'NSY', 'NSY', NULL),
(1310203175, 990, 1310002229, '2014-01-19 01:00', 1310003853, NULL, NULL, 'NSY', 'NSY', 'NSY', NULL),
(1310202283, 771, 594, '2014-01-19 01:00', 1310003854, NULL, NULL, 'NSY', 'NSY', 'NSY', NULL),
(1310202281, 602, 288, '2014-01-19 01:00', 1310003854, NULL, NULL, 'NSY', 'NSY', 'NSY', NULL),
(1310202280, 2450, 28455, '2014-01-19 01:00', 1310003854, NULL, NULL, 'NSY', 'NSY', 'NSY', NULL),
(1310202284, 25765, 712, '2014-01-19 01:00', 1310003854, NULL, NULL, 'NSY', 'NSY', 'NSY', NULL),
(1310202286, 30148, 777, '2014-01-19 01:00', 1310003854, NULL, NULL, 'NSY', 'NSY', 'NSY', NULL),
(1310202282, 25764, 24306, '2014-01-19 01:00', 1310003854, NULL, NULL, 'NSY', 'NSY', 'NSY', NULL),
(1310202285, 252, 27634, '2014-01-19 01:00', 1310003854, NULL, NULL, 'NSY', 'NSY', 'NSY', NULL),
(1310203206, 834, 1001458, '2014-01-19 01:00', 1310003854, NULL, NULL, 'NSY', 'NSY', 'NSY', NULL),
(1310218150, 1310001968, 2201, '2014-01-19 02:00', 1310003777, NULL, NULL, 'NSY', 'NSY', 'NSY', NULL),
(1310218153, 30038, 1310001964, '2014-01-19 23:30', 1310003777, NULL, NULL, 'NSY', 'NSY', 'NSY', NULL),
(1310218151, 1310001965, 28521, '2014-01-19 22:00', 1310003777, NULL, NULL, 'NSY', 'NSY', 'NSY', NULL),
(1310218152, 27974, 1310001966, '2014-01-19 22:00', 1310003777, NULL, NULL, 'NSY', 'NSY', 'NSY', NULL),
(1310167638, 2029, 651, '2014-01-19 14:00', 1310003484, NULL, NULL, 'NSY', 'NSY', 'NSY', NULL),
(1310167642, 948, 678, '2014-01-19 17:00', 1310003484, NULL, NULL, 'NSY', 'NSY', 'NSY', NULL),
(1310167637, 788, 701, '2014-01-19 21:00', 1310003484, NULL, NULL, 'NSY', 'NSY', 'NSY', NULL),
(1310216624, 1100000035, 1100000063, '2014-01-19 20:30', 1310003768, NULL, NULL, 'NSY', 'NSY', 'NSY', NULL),
(1310216626, 1100000060, 1310001890, '2014-01-19 21:00', 1310003768, NULL, NULL, 'NSY', 'NSY', 'NSY', NULL),
(1310216625, 1310004431, 1100000036, '2014-01-19 21:00', 1310003768, NULL, NULL, 'NSY', 'NSY', 'NSY', NULL),
(1310216627, 1100000057, 1100000059, '2014-01-19 22:00', 1310003768, NULL, NULL, 'NSY', 'NSY', 'NSY', NULL),
(1310219037, 242, 480, '2014-01-19 18:00', 1310004196, NULL, NULL, 'NSY', 'NSY', 'NSY', NULL),
(1310219038, 2741, 2753, '2014-01-19 12:30', 1310004196, NULL, NULL, 'NSY', 'NSY', 'NSY', NULL),
(1310195506, 1001596, 407, '2014-01-19 12:30', 1310003786, NULL, NULL, 'NSY', 'NSY', 'NSY', NULL),
(1310195505, 2748, 25938, '2014-01-19 12:30', 1310003786, NULL, NULL, 'NSY', 'NSY', 'NSY', NULL),
(1310195502, 1001588, 1310001254, '2014-01-19 12:30', 1310003786, NULL, NULL, 'NSY', 'NSY', 'NSY', NULL),
(1310195504, 214, 2724, '2014-01-19 15:30', 1310003786, NULL, NULL, 'NSY', 'NSY', 'NSY', NULL),
(1310195503, 839, 1001445, '2014-01-19 15:30', 1310003786, NULL, NULL, 'NSY', 'NSY', 'NSY', NULL),
(1310197647, 2727, 2728, '2014-01-19 18:00', 1310003786, NULL, NULL, 'NSY', 'NSY', 'NSY', NULL),
(1310171299, 922, 947, '2014-01-19 14:30', 1310003532, NULL, NULL, 'NSY', 'NSY', 'NSY', NULL),
(1310171293, 363, 660, '2014-01-19 17:00', 1310003532, NULL, NULL, 'NSY', 'NSY', 'NSY', NULL),
(1310220545, 296, 326, '2014-01-14 20:45', 1310003704, NULL, NULL, 'NSY', 'NSY', 'NSY', NULL),
(1310182372, 901, 1019, '2014-01-19 15:00', 1310003649, NULL, NULL, 'NSY', 'NSY', 'NSY', NULL),
(1310182379, 28495, 207, '2014-01-19 15:00', 1310003649, NULL, NULL, 'NSY', 'NSY', 'NSY', NULL),
(1310182380, 23080, 1439, '2014-01-19 15:00', 1310003649, NULL, NULL, 'NSY', 'NSY', 'NSY', NULL),
(1310182373, 23077, 1844, '2014-01-19 15:00', 1310003649, NULL, NULL, 'NSY', 'NSY', 'NSY', NULL),
(1310182376, 2711, 23076, '2014-01-19 15:00', 1310003649, NULL, NULL, 'NSY', 'NSY', 'NSY', NULL),
(1310182374, 24079, 3167, '2014-01-19 15:00', 1310003649, NULL, NULL, 'NSY', 'NSY', 'NSY', NULL),
(1310182375, 639, 25876, '2014-01-19 15:00', 1310003649, NULL, NULL, 'NSY', 'NSY', 'NSY', NULL),
(1310166916, 23081, 484, '2014-01-19 18:00', 1310003471, NULL, NULL, 'NSY', 'NSY', 'NSY', NULL),
(1310166917, 667, 239, '2014-01-19 14:30', 1310003471, NULL, NULL, 'NSY', 'NSY', 'NSY', NULL),
(1310189446, 25983, 26596, '2014-01-19 16:15', 1310003740, NULL, NULL, 'NSY', 'NSY', 'NSY', NULL),
(1310189448, 1682, 1310001183, '2014-01-19 16:15', 1310003740, NULL, NULL, 'NSY', 'NSY', 'NSY', NULL),
(1310189454, 4322, 1035, '2014-01-19 16:15', 1310003740, NULL, NULL, 'NSY', 'NSY', 'NSY', NULL),
(1310189449, 992, 755, '2014-01-19 18:30', 1310003740, NULL, NULL, 'NSY', 'NSY', 'NSY', NULL),
(1310189450, 249, 23045, '2014-01-19 14:00', 1310003740, NULL, NULL, 'NSY', 'NSY', 'NSY', NULL),
(1310188705, 2424, 738, '2014-01-19 14:00', 1310003705, NULL, NULL, 'NSY', 'NSY', 'NSY', NULL),
(1310188704, 244, 1242, '2014-01-19 17:00', 1310003705, NULL, NULL, 'NSY', 'NSY', 'NSY', NULL),
(1310189265, 1310004093, 2415, '2014-01-19 16:00', 1310003705, NULL, NULL, 'NSY', 'NSY', 'NSY', NULL),
(1310188215, 26975, 381, '2014-01-19 21:00', 1310003716, NULL, NULL, 'NSY', 'NSY', 'NSY', NULL),
(1310188216, 590, 595, '2014-01-19 12:00', 1310003716, NULL, NULL, 'NSY', 'NSY', 'NSY', NULL),
(1310188211, 846, 533, '2014-01-19 18:15', 1310003716, NULL, NULL, 'NSY', 'NSY', 'NSY', NULL),
(1310188210, 271, 24415, '2014-01-19 17:00', 1310003716, NULL, NULL, 'NSY', 'NSY', 'NSY', NULL),
(1310188218, 436, 1606, '2014-01-19 17:00', 1310003716, NULL, NULL, 'NSY', 'NSY', 'NSY', NULL),
(1310188214, 658, 24410, '2014-01-19 17:00', 1310003716, NULL, NULL, 'NSY', 'NSY', 'NSY', NULL),
(1310188219, 723, 27093, '2014-01-19 17:00', 1310003716, NULL, NULL, 'NSY', 'NSY', 'NSY', NULL),
(1310187814, 999, 3077, '2014-01-19 17:00', 1310003715, NULL, NULL, 'NSY', 'NSY', 'NSY', NULL),
(1310187818, 617, 270, '2014-01-19 19:00', 1310003715, NULL, NULL, 'NSY', 'NSY', 'NSY', NULL),
(1310187815, 488, 879, '2014-01-19 12:00', 1310003715, NULL, NULL, 'NSY', 'NSY', 'NSY', NULL),
(1310187817, 258, 859, '2014-01-19 21:00', 1310003715, NULL, NULL, 'NSY', 'NSY', 'NSY', NULL),
(1310167297, 220, 789, '2014-01-19 16:30', 1310003487, NULL, NULL, 'NSY', 'NSY', 'NSY', NULL),
(1310167296, 974, 463, '2014-01-19 14:30', 1310003487, NULL, NULL, 'NSY', 'NSY', 'NSY', NULL),
(1310167295, 342, 2319, '2014-01-19 14:30', 1310003487, NULL, NULL, 'NSY', 'NSY', 'NSY', NULL),
(1310167294, 704, 2429, '2014-01-19 12:30', 1310003487, NULL, NULL, 'NSY', 'NSY', 'NSY', NULL),
(1310168237, 888, 1025, '2014-01-19 14:30', 1310003488, NULL, NULL, 'NSY', 'NSY', 'NSY', NULL),
(1310165165, 27592, 1310001888, '2014-01-19 07:00', 1310003378, NULL, NULL, 'NSY', 'NSY', 'NSY', NULL),
(1310185525, 1382, 1310000889, '2014-01-19 19:15', 1310003697, NULL, NULL, 'NSY', 'NSY', 'NSY', NULL),
(1310186536, 1310001961, 1100000199, '2014-01-19 01:00', 1310003695, NULL, NULL, 'NSY', 'NSY', 'NSY', NULL),
(1310186535, 1100000193, 1100000198, '2014-01-19 01:00', 1310003695, NULL, NULL, 'NSY', 'NSY', 'NSY', NULL),
(1310186537, 1100000201, 1100000202, '2014-01-19 01:00', 1310003695, NULL, NULL, 'NSY', 'NSY', 'NSY', NULL),
(1310189658, 1100000203, 1100000194, '2014-01-19 01:00', 1310003695, NULL, NULL, 'NSY', 'NSY', 'NSY', NULL),
(1310186538, 1310001962, 1100000196, '2014-01-19 01:00', 1310003695, NULL, NULL, 'NSY', 'NSY', 'NSY', NULL),
(1310186534, 1310000772, 1100000204, '2014-01-19 01:00', 1310003695, NULL, NULL, 'NSY', 'NSY', 'NSY', NULL),
(1310216075, 24190, 394, '2014-01-19 04:00', 1310003469, NULL, NULL, 'NSY', 'NSY', 'NSY', NULL),
(1310216076, 260, 259, '2014-01-19 04:00', 1310003469, NULL, NULL, 'NSY', 'NSY', 'NSY', NULL),
(1310216077, 24192, 942, '2014-01-19 19:00', 1310003469, NULL, NULL, 'NSY', 'NSY', 'NSY', NULL),
(1310216071, 24197, 24195, '2014-01-19 00:01', 1310003469, NULL, NULL, 'NSY', 'NSY', 'NSY', NULL),
(1310216072, 2876, 1310001899, '2014-01-19 00:01', 1310003469, NULL, NULL, 'NSY', 'NSY', 'NSY', NULL),
(1310216073, 680, 26974, '2014-01-19 02:00', 1310003469, NULL, NULL, 'NSY', 'NSY', 'NSY', NULL),
(1310216074, 749, 1310000668, '2014-01-19 02:00', 1310003469, NULL, NULL, 'NSY', 'NSY', 'NSY', NULL),
(1310218010, 1100000243, 1100000245, '2014-01-19 01:00', 1310003678, NULL, NULL, 'NSY', 'NSY', 'NSY', NULL),
(1310218008, 1100000205, 1100000207, '2014-01-19 01:00', 1310003678, NULL, NULL, 'NSY', 'NSY', 'NSY', NULL),
(1310218007, 1100000247, 1100000241, '2014-01-19 01:00', 1310003678, NULL, NULL, 'NSY', 'NSY', 'NSY', NULL),
(1310218011, 1310004321, 1100000244, '2014-01-19 01:00', 1310003678, NULL, NULL, 'NSY', 'NSY', 'NSY', NULL),
(1310218009, 1100000208, 1100000246, '2014-01-19 01:00', 1310003678, NULL, NULL, 'NSY', 'NSY', 'NSY', NULL),
(1310218006, 1100000206, 1310004320, '2014-01-19 01:00', 1310003678, NULL, NULL, 'NSY', 'NSY', 'NSY', NULL),
(1310220568, 1755, 577, '2014-01-11 15:00', 1310004200, NULL, NULL, 'NSY', 'NSY', 'NSY', NULL),
(1310220573, 4304, 888, '2014-01-11 14:30', 1310004200, NULL, NULL, 'NSY', 'NSY', 'NSY', NULL),
(1310220574, 916, 1025, '2014-01-13 14:00', 1310004200, NULL, NULL, 'NSY', 'NSY', 'NSY', NULL),
(1310220557, 962, 744, '2014-01-09 14:00', 1310004200, '2:0', '2:1', 'Finished', 'Finished', 'Finished', NULL),
(1310220558, 501, 330, '2014-01-09 14:30', 1310004200, '0:0', '1:0', 'Finished', 'Finished', 'Finished', NULL),
(1310220559, 23076, 25664, '2014-01-09 16:00', 1310004200, '0:1', '1:2', 'Finished', 'Finished', 'Finished', NULL),
(1310220571, 847, 1025, '2014-01-10 14:00', 1310004200, NULL, NULL, 'NSY', 'NSY', 'NSY', NULL),
(1310220572, 406, 1839, '2014-01-10 14:30', 1310004200, NULL, NULL, 'NSY', 'NSY', 'NSY', NULL);

-- --------------------------------------------------------

--
-- Table structure for table `member`
--

CREATE TABLE `member` (
  `id` int(11) NOT NULL,
  `name` text,
  `email` text,
  `password` text,
  `other` text,
  PRIMARY KEY (`id`)
) ENGINE=MyISAM DEFAULT CHARSET=utf8;

--
-- Dumping data for table `member`
--

INSERT INTO `member` (`id`, `name`, `email`, `password`, `other`) VALUES
(1, 'test', 'test@gmail.com', 'test', NULL);

-- --------------------------------------------------------

--
-- Table structure for table `team`
--

CREATE TABLE `team` (
  `id` int(11) NOT NULL,
  `name` text,
  `flag` text,
  `country` text,
  `point` int(11) DEFAULT NULL,
  `game_played` int(11) DEFAULT NULL,
  `won` int(11) DEFAULT NULL,
  `drawn` int(11) DEFAULT NULL,
  `lost` int(11) DEFAULT NULL,
  `goals_forward` int(11) DEFAULT NULL,
  `goals_against` int(11) DEFAULT NULL,
  `goals_diff` int(11) DEFAULT NULL,
  `other` text,
  PRIMARY KEY (`id`)
) ENGINE=MyISAM DEFAULT CHARSET=utf8;

--
-- Dumping data for table `team`
--

INSERT INTO `team` (`id`, `name`, `flag`, `country`, `point`, `game_played`, `won`, `drawn`, `lost`, `goals_forward`, `goals_against`, `goals_diff`, `other`) VALUES
(1001436, 'Hapoel Acre', NULL, NULL, NULL, NULL, NULL, NULL, NULL, NULL, NULL, NULL, NULL),
(25599, 'Hapoel Beer Sheva', NULL, NULL, NULL, NULL, NULL, NULL, NULL, NULL, NULL, NULL, NULL),
(28355, 'Hapoel Ironi Kiryat Shmona', NULL, NULL, NULL, NULL, NULL, NULL, NULL, NULL, NULL, NULL, NULL),
(2963, 'Ashdod FC', NULL, NULL, NULL, NULL, NULL, NULL, NULL, NULL, NULL, NULL, NULL),
(26921, 'Bnei Yehuda Tel Aviv', NULL, NULL, NULL, NULL, NULL, NULL, NULL, NULL, NULL, NULL, NULL),
(28283, 'Bnei Sachnin', NULL, NULL, NULL, NULL, NULL, NULL, NULL, NULL, NULL, NULL, NULL),
(1310000889, 'Ironi Nir Ramat HaSharon', NULL, NULL, NULL, NULL, NULL, NULL, NULL, NULL, NULL, NULL, NULL),
(30756, 'Hapoel Raanana', NULL, NULL, NULL, NULL, NULL, NULL, NULL, NULL, NULL, NULL, NULL),
(523, 'Hapoel Tel Aviv', NULL, NULL, NULL, NULL, NULL, NULL, NULL, NULL, NULL, NULL, NULL),
(25749, 'Maccabi Petach Tikva', NULL, NULL, NULL, NULL, NULL, NULL, NULL, NULL, NULL, NULL, NULL),
(2444, 'Univ. de Chile', NULL, NULL, NULL, NULL, NULL, NULL, NULL, NULL, NULL, NULL, NULL),
(24234, 'Rangers', NULL, NULL, NULL, NULL, NULL, NULL, NULL, NULL, NULL, NULL, NULL),
(2224, 'Cobreloa', NULL, NULL, NULL, NULL, NULL, NULL, NULL, NULL, NULL, NULL, NULL),
(2219, 'Univ. Conce', NULL, NULL, NULL, NULL, NULL, NULL, NULL, NULL, NULL, NULL, NULL),
(25492, 'Everton CD', NULL, NULL, NULL, NULL, NULL, NULL, NULL, NULL, NULL, NULL, NULL),
(24229, 'Palestino', NULL, NULL, NULL, NULL, NULL, NULL, NULL, NULL, NULL, NULL, NULL),
(24226, 'Huachipato', NULL, NULL, NULL, NULL, NULL, NULL, NULL, NULL, NULL, NULL, NULL),
(2878, 'Santiago Wanderers', NULL, NULL, NULL, NULL, NULL, NULL, NULL, NULL, NULL, NULL, NULL),
(2844, 'Valenciennes', NULL, NULL, NULL, NULL, NULL, NULL, NULL, NULL, NULL, NULL, NULL),
(807, 'Rennes', NULL, NULL, NULL, NULL, NULL, NULL, NULL, NULL, NULL, NULL, NULL),
(878, 'Sochaux', NULL, NULL, NULL, NULL, NULL, NULL, NULL, NULL, NULL, NULL, NULL),
(1310004950, 'Bressuire', NULL, NULL, NULL, NULL, NULL, NULL, NULL, NULL, NULL, NULL, NULL),
(948, 'Toulouse', NULL, NULL, NULL, NULL, NULL, NULL, NULL, NULL, NULL, NULL, NULL),
(26007, 'Romorantin', NULL, NULL, NULL, NULL, NULL, NULL, NULL, NULL, NULL, NULL, NULL),
(2013, 'Concarneau', NULL, NULL, NULL, NULL, NULL, NULL, NULL, NULL, NULL, NULL, NULL),
(25465, 'Poissy', NULL, NULL, NULL, NULL, NULL, NULL, NULL, NULL, NULL, NULL, NULL),
(25468, 'Plabennec', NULL, NULL, NULL, NULL, NULL, NULL, NULL, NULL, NULL, NULL, NULL),
(27936, 'Les Herbiers', NULL, NULL, NULL, NULL, NULL, NULL, NULL, NULL, NULL, NULL, NULL),
(1354, 'Beauvais', NULL, NULL, NULL, NULL, NULL, NULL, NULL, NULL, NULL, NULL, NULL),
(2074, 'Boulogne', NULL, NULL, NULL, NULL, NULL, NULL, NULL, NULL, NULL, NULL, NULL),
(640, 'Lorient', NULL, NULL, NULL, NULL, NULL, NULL, NULL, NULL, NULL, NULL, NULL),
(2857, 'Yzeure', NULL, NULL, NULL, NULL, NULL, NULL, NULL, NULL, NULL, NULL, NULL),
(25471, 'Moulins', NULL, NULL, NULL, NULL, NULL, NULL, NULL, NULL, NULL, NULL, NULL),
(27945, 'Magny', NULL, NULL, NULL, NULL, NULL, NULL, NULL, NULL, NULL, NULL, NULL),
(4434, 'Dijon', NULL, NULL, NULL, NULL, NULL, NULL, NULL, NULL, NULL, NULL, NULL),
(1310001229, 'Aubagne FC', NULL, NULL, NULL, NULL, NULL, NULL, NULL, NULL, NULL, NULL, NULL),
(26622, 'Bastia CA', NULL, NULL, NULL, NULL, NULL, NULL, NULL, NULL, NULL, NULL, NULL),
(2009, 'La Roche', NULL, NULL, NULL, NULL, NULL, NULL, NULL, NULL, NULL, NULL, NULL),
(1353, 'Angers', NULL, NULL, NULL, NULL, NULL, NULL, NULL, NULL, NULL, NULL, NULL),
(1310001269, 'Chambly', NULL, NULL, NULL, NULL, NULL, NULL, NULL, NULL, NULL, NULL, NULL),
(390, 'Creteil', NULL, NULL, NULL, NULL, NULL, NULL, NULL, NULL, NULL, NULL, NULL),
(2063, 'Jura Sud', NULL, NULL, NULL, NULL, NULL, NULL, NULL, NULL, NULL, NULL, NULL),
(2390, 'Istres', NULL, NULL, NULL, NULL, NULL, NULL, NULL, NULL, NULL, NULL, NULL),
(1310004981, 'Monts Or Azergues', NULL, NULL, NULL, NULL, NULL, NULL, NULL, NULL, NULL, NULL, NULL),
(339, 'Caen', NULL, NULL, NULL, NULL, NULL, NULL, NULL, NULL, NULL, NULL, NULL),
(27962, 'Pontarlier', NULL, NULL, NULL, NULL, NULL, NULL, NULL, NULL, NULL, NULL, NULL),
(711, 'Niort', NULL, NULL, NULL, NULL, NULL, NULL, NULL, NULL, NULL, NULL, NULL),
(25997, 'Epinal', NULL, NULL, NULL, NULL, NULL, NULL, NULL, NULL, NULL, NULL, NULL),
(894, 'St.Etienne', NULL, NULL, NULL, NULL, NULL, NULL, NULL, NULL, NULL, NULL, NULL),
(344, 'Cannes', NULL, NULL, NULL, NULL, NULL, NULL, NULL, NULL, NULL, NULL, NULL),
(613, 'Lens', NULL, NULL, NULL, NULL, NULL, NULL, NULL, NULL, NULL, NULL, NULL),
(26000, 'Avranches', NULL, NULL, NULL, NULL, NULL, NULL, NULL, NULL, NULL, NULL, NULL),
(24195, 'Guadalajara (Chivas)', NULL, NULL, NULL, NULL, NULL, NULL, NULL, NULL, NULL, NULL, NULL),
(2436, 'Santos', NULL, NULL, NULL, NULL, NULL, NULL, NULL, NULL, NULL, NULL, NULL),
(26974, 'Queretaro', NULL, NULL, NULL, NULL, NULL, NULL, NULL, NULL, NULL, NULL, NULL),
(24189, 'Morelia', NULL, NULL, NULL, NULL, NULL, NULL, NULL, NULL, NULL, NULL, NULL),
(2415, 'Ermis Aradippou', NULL, NULL, NULL, NULL, NULL, NULL, NULL, NULL, NULL, NULL, NULL),
(2422, 'Alki', NULL, NULL, NULL, NULL, NULL, NULL, NULL, NULL, NULL, NULL, NULL),
(2421, 'AEK Larnaca', NULL, NULL, NULL, NULL, NULL, NULL, NULL, NULL, NULL, NULL, NULL),
(2417, 'Ethnikos Achna', NULL, NULL, NULL, NULL, NULL, NULL, NULL, NULL, NULL, NULL, NULL),
(1242, 'Nea Salamina', NULL, NULL, NULL, NULL, NULL, NULL, NULL, NULL, NULL, NULL, NULL),
(1310004093, 'AE Kouklia', NULL, NULL, NULL, NULL, NULL, NULL, NULL, NULL, NULL, NULL, NULL),
(241, 'Anorthosis Famagusta', NULL, NULL, NULL, NULL, NULL, NULL, NULL, NULL, NULL, NULL, NULL),
(2414, 'Apollon Limassol', NULL, NULL, NULL, NULL, NULL, NULL, NULL, NULL, NULL, NULL, NULL),
(2424, 'AEL Limassol', NULL, NULL, NULL, NULL, NULL, NULL, NULL, NULL, NULL, NULL, NULL),
(244, 'APOEL Nicosia', NULL, NULL, NULL, NULL, NULL, NULL, NULL, NULL, NULL, NULL, NULL),
(27597, 'Brisbane Olympic United', NULL, NULL, NULL, NULL, NULL, NULL, NULL, NULL, NULL, NULL, NULL),
(27594, 'Melbourne Victory', NULL, NULL, NULL, NULL, NULL, NULL, NULL, NULL, NULL, NULL, NULL),
(27596, 'Perth Glory', NULL, NULL, NULL, NULL, NULL, NULL, NULL, NULL, NULL, NULL, NULL),
(27595, 'Newcastle Jets', NULL, NULL, NULL, NULL, NULL, NULL, NULL, NULL, NULL, NULL, NULL),
(834, 'Salernitana', NULL, NULL, NULL, NULL, NULL, NULL, NULL, NULL, NULL, NULL, NULL),
(602, 'Lecce', NULL, NULL, NULL, NULL, NULL, NULL, NULL, NULL, NULL, NULL, NULL),
(2001, 'Granada', NULL, NULL, NULL, NULL, NULL, NULL, NULL, NULL, NULL, NULL, NULL),
(3077, 'Almeria', NULL, NULL, NULL, NULL, NULL, NULL, NULL, NULL, NULL, NULL, NULL),
(617, 'Levante', NULL, NULL, NULL, NULL, NULL, NULL, NULL, NULL, NULL, NULL, NULL),
(978, 'Valencia', NULL, NULL, NULL, NULL, NULL, NULL, NULL, NULL, NULL, NULL, NULL),
(292, 'Betis', NULL, NULL, NULL, NULL, NULL, NULL, NULL, NULL, NULL, NULL, NULL),
(980, 'Valladolid', NULL, NULL, NULL, NULL, NULL, NULL, NULL, NULL, NULL, NULL, NULL),
(258, 'Atletico Madrid', NULL, NULL, NULL, NULL, NULL, NULL, NULL, NULL, NULL, NULL, NULL),
(657, 'Malaga', NULL, NULL, NULL, NULL, NULL, NULL, NULL, NULL, NULL, NULL, NULL),
(658, 'Mallorca', NULL, NULL, NULL, NULL, NULL, NULL, NULL, NULL, NULL, NULL, NULL),
(595, 'Las Palmas', NULL, NULL, NULL, NULL, NULL, NULL, NULL, NULL, NULL, NULL, NULL),
(804, 'Recreativo Huelva', NULL, NULL, NULL, NULL, NULL, NULL, NULL, NULL, NULL, NULL, NULL),
(381, 'Cordoba', NULL, NULL, NULL, NULL, NULL, NULL, NULL, NULL, NULL, NULL, NULL),
(933, 'Tenerife', NULL, NULL, NULL, NULL, NULL, NULL, NULL, NULL, NULL, NULL, NULL),
(1586, 'Murcia', NULL, NULL, NULL, NULL, NULL, NULL, NULL, NULL, NULL, NULL, NULL),
(24415, 'Mirandes', NULL, NULL, NULL, NULL, NULL, NULL, NULL, NULL, NULL, NULL, NULL),
(533, 'Hercules', NULL, NULL, NULL, NULL, NULL, NULL, NULL, NULL, NULL, NULL, NULL),
(26341, 'Real M. (B)', NULL, NULL, NULL, NULL, NULL, NULL, NULL, NULL, NULL, NULL, NULL),
(24410, 'Sabadell', NULL, NULL, NULL, NULL, NULL, NULL, NULL, NULL, NULL, NULL, NULL),
(223, 'Alaves', NULL, NULL, NULL, NULL, NULL, NULL, NULL, NULL, NULL, NULL, NULL),
(723, 'Numancia', NULL, NULL, NULL, NULL, NULL, NULL, NULL, NULL, NULL, NULL, NULL),
(436, 'Eibar', NULL, NULL, NULL, NULL, NULL, NULL, NULL, NULL, NULL, NULL, NULL),
(27093, 'Lugo', NULL, NULL, NULL, NULL, NULL, NULL, NULL, NULL, NULL, NULL, NULL),
(1100000000, 'Portadown', NULL, NULL, NULL, NULL, NULL, NULL, NULL, NULL, NULL, NULL, NULL),
(1402, 'Glentoran', NULL, NULL, NULL, NULL, NULL, NULL, NULL, NULL, NULL, NULL, NULL),
(1310002299, 'Ards', NULL, NULL, NULL, NULL, NULL, NULL, NULL, NULL, NULL, NULL, NULL),
(1403, 'Coleraine', NULL, NULL, NULL, NULL, NULL, NULL, NULL, NULL, NULL, NULL, NULL),
(1310001432, 'Ballinamallard United', NULL, NULL, NULL, NULL, NULL, NULL, NULL, NULL, NULL, NULL, NULL),
(25609, 'Ballymena United', NULL, NULL, NULL, NULL, NULL, NULL, NULL, NULL, NULL, NULL, NULL),
(1100000021, 'Linfield FC', NULL, NULL, NULL, NULL, NULL, NULL, NULL, NULL, NULL, NULL, NULL),
(1310002319, 'Warrenpoint Town', NULL, NULL, NULL, NULL, NULL, NULL, NULL, NULL, NULL, NULL, NULL),
(23147, 'Bala Town', NULL, NULL, NULL, NULL, NULL, NULL, NULL, NULL, NULL, NULL, NULL),
(23254, 'Rhyl', NULL, NULL, NULL, NULL, NULL, NULL, NULL, NULL, NULL, NULL, NULL),
(23144, 'Airbus UK', NULL, NULL, NULL, NULL, NULL, NULL, NULL, NULL, NULL, NULL, NULL),
(23243, 'Port Talbot', NULL, NULL, NULL, NULL, NULL, NULL, NULL, NULL, NULL, NULL, NULL),
(23247, 'Prestatyn Town FC', NULL, NULL, NULL, NULL, NULL, NULL, NULL, NULL, NULL, NULL, NULL),
(2334, 'Carmarthen', NULL, NULL, NULL, NULL, NULL, NULL, NULL, NULL, NULL, NULL, NULL),
(1319, 'TNS', NULL, NULL, NULL, NULL, NULL, NULL, NULL, NULL, NULL, NULL, NULL),
(1380, 'Bangor City', NULL, NULL, NULL, NULL, NULL, NULL, NULL, NULL, NULL, NULL, NULL),
(23140, 'Aberystwyth', NULL, NULL, NULL, NULL, NULL, NULL, NULL, NULL, NULL, NULL, NULL),
(23175, 'Connahs Quay', NULL, NULL, NULL, NULL, NULL, NULL, NULL, NULL, NULL, NULL, NULL),
(1310001183, 'AEL Kalloni', NULL, NULL, NULL, NULL, NULL, NULL, NULL, NULL, NULL, NULL, NULL),
(737, 'Olympiakos', NULL, NULL, NULL, NULL, NULL, NULL, NULL, NULL, NULL, NULL, NULL),
(23045, 'Atromitos', NULL, NULL, NULL, NULL, NULL, NULL, NULL, NULL, NULL, NULL, NULL),
(4322, 'Ergotelis', NULL, NULL, NULL, NULL, NULL, NULL, NULL, NULL, NULL, NULL, NULL),
(26596, 'Asteras Tripolis', NULL, NULL, NULL, NULL, NULL, NULL, NULL, NULL, NULL, NULL, NULL),
(1682, 'Giannina', NULL, NULL, NULL, NULL, NULL, NULL, NULL, NULL, NULL, NULL, NULL),
(1310002993, 'Ethnikos Gazoros', NULL, NULL, NULL, NULL, NULL, NULL, NULL, NULL, NULL, NULL, NULL),
(1310003035, 'Aiginiakos', NULL, NULL, NULL, NULL, NULL, NULL, NULL, NULL, NULL, NULL, NULL),
(2760, 'Olymp. Volou', NULL, NULL, NULL, NULL, NULL, NULL, NULL, NULL, NULL, NULL, NULL),
(1310001242, 'Glyfada FC', NULL, NULL, NULL, NULL, NULL, NULL, NULL, NULL, NULL, NULL, NULL),
(1681, 'Panahaiki', NULL, NULL, NULL, NULL, NULL, NULL, NULL, NULL, NULL, NULL, NULL),
(1310001227, 'Asteras Magoulas', NULL, NULL, NULL, NULL, NULL, NULL, NULL, NULL, NULL, NULL, NULL),
(896, 'St.Johnstone', NULL, NULL, NULL, NULL, NULL, NULL, NULL, NULL, NULL, NULL, NULL),
(825, 'Ross County', NULL, NULL, NULL, NULL, NULL, NULL, NULL, NULL, NULL, NULL, NULL),
(550, 'Inverness', NULL, NULL, NULL, NULL, NULL, NULL, NULL, NULL, NULL, NULL, NULL),
(688, 'Motherwell', NULL, NULL, NULL, NULL, NULL, NULL, NULL, NULL, NULL, NULL, NULL),
(454, 'Falkirk', NULL, NULL, NULL, NULL, NULL, NULL, NULL, NULL, NULL, NULL, NULL),
(630, 'Livingston', NULL, NULL, NULL, NULL, NULL, NULL, NULL, NULL, NULL, NULL, NULL),
(792, 'Queen of South', NULL, NULL, NULL, NULL, NULL, NULL, NULL, NULL, NULL, NULL, NULL),
(518, 'Hamilton', NULL, NULL, NULL, NULL, NULL, NULL, NULL, NULL, NULL, NULL, NULL),
(686, 'Morton', NULL, NULL, NULL, NULL, NULL, NULL, NULL, NULL, NULL, NULL, NULL),
(426, 'Dumbarton', NULL, NULL, NULL, NULL, NULL, NULL, NULL, NULL, NULL, NULL, NULL),
(266, 'Ayr', NULL, NULL, NULL, NULL, NULL, NULL, NULL, NULL, NULL, NULL, NULL),
(913, 'Stranraer', NULL, NULL, NULL, NULL, NULL, NULL, NULL, NULL, NULL, NULL, NULL),
(435, 'East Stirling', NULL, NULL, NULL, NULL, NULL, NULL, NULL, NULL, NULL, NULL, NULL),
(909, 'Stirling A.', NULL, NULL, NULL, NULL, NULL, NULL, NULL, NULL, NULL, NULL, NULL),
(793, 'Queens Park', NULL, NULL, NULL, NULL, NULL, NULL, NULL, NULL, NULL, NULL, NULL),
(374, 'Clyde', NULL, NULL, NULL, NULL, NULL, NULL, NULL, NULL, NULL, NULL, NULL),
(226, 'Albion R.', NULL, NULL, NULL, NULL, NULL, NULL, NULL, NULL, NULL, NULL, NULL),
(27187, 'Annan Athletic', NULL, NULL, NULL, NULL, NULL, NULL, NULL, NULL, NULL, NULL, NULL),
(2888, 'Jordan', NULL, NULL, NULL, NULL, NULL, NULL, NULL, NULL, NULL, NULL, NULL),
(2873, 'Bahrain', NULL, NULL, NULL, NULL, NULL, NULL, NULL, NULL, NULL, NULL, NULL),
(1619, 'Kuwait', NULL, NULL, NULL, NULL, NULL, NULL, NULL, NULL, NULL, NULL, NULL),
(1719, 'Qatar', NULL, NULL, NULL, NULL, NULL, NULL, NULL, NULL, NULL, NULL, NULL),
(29467, 'Talinna Kalev', NULL, NULL, NULL, NULL, NULL, NULL, NULL, NULL, NULL, NULL, NULL),
(1310001222, 'Tallinna FC Infonet', NULL, NULL, NULL, NULL, NULL, NULL, NULL, NULL, NULL, NULL, NULL),
(1310001926, 'Braga B', NULL, NULL, NULL, NULL, NULL, NULL, NULL, NULL, NULL, NULL, NULL),
(362, 'Chaves', NULL, NULL, NULL, NULL, NULL, NULL, NULL, NULL, NULL, NULL, NULL),
(30485, 'Tondela', NULL, NULL, NULL, NULL, NULL, NULL, NULL, NULL, NULL, NULL, NULL),
(1310001924, 'Maritimo B', NULL, NULL, NULL, NULL, NULL, NULL, NULL, NULL, NULL, NULL, NULL),
(490, 'Gil Vicente', NULL, NULL, NULL, NULL, NULL, NULL, NULL, NULL, NULL, NULL, NULL),
(289, 'Benfica', NULL, NULL, NULL, NULL, NULL, NULL, NULL, NULL, NULL, NULL, NULL),
(1958, 'Atletico', NULL, NULL, NULL, NULL, NULL, NULL, NULL, NULL, NULL, NULL, NULL),
(780, 'FC Porto', NULL, NULL, NULL, NULL, NULL, NULL, NULL, NULL, NULL, NULL, NULL),
(858, 'Setubal', NULL, NULL, NULL, NULL, NULL, NULL, NULL, NULL, NULL, NULL, NULL),
(814, 'Rio Ave', NULL, NULL, NULL, NULL, NULL, NULL, NULL, NULL, NULL, NULL, NULL),
(1961, 'Estoril', NULL, NULL, NULL, NULL, NULL, NULL, NULL, NULL, NULL, NULL, NULL),
(2091, 'Leixoes', NULL, NULL, NULL, NULL, NULL, NULL, NULL, NULL, NULL, NULL, NULL),
(1817, 'Aldershot', NULL, NULL, NULL, NULL, NULL, NULL, NULL, NULL, NULL, NULL, NULL),
(1032, 'Wrexham', NULL, NULL, NULL, NULL, NULL, NULL, NULL, NULL, NULL, NULL, NULL),
(534, 'Hereford', NULL, NULL, NULL, NULL, NULL, NULL, NULL, NULL, NULL, NULL, NULL),
(1387, 'Woking', NULL, NULL, NULL, NULL, NULL, NULL, NULL, NULL, NULL, NULL, NULL),
(26582, 'Braintree Town', NULL, NULL, NULL, NULL, NULL, NULL, NULL, NULL, NULL, NULL, NULL),
(2789, 'Welling', NULL, NULL, NULL, NULL, NULL, NULL, NULL, NULL, NULL, NULL, NULL),
(515, 'Halifax', NULL, NULL, NULL, NULL, NULL, NULL, NULL, NULL, NULL, NULL, NULL),
(2790, 'Tamworth', NULL, NULL, NULL, NULL, NULL, NULL, NULL, NULL, NULL, NULL, NULL),
(724, 'Nuneaton', NULL, NULL, NULL, NULL, NULL, NULL, NULL, NULL, NULL, NULL, NULL),
(1390, 'Southport', NULL, NULL, NULL, NULL, NULL, NULL, NULL, NULL, NULL, NULL, NULL),
(26053, 'Hyde FC', NULL, NULL, NULL, NULL, NULL, NULL, NULL, NULL, NULL, NULL, NULL),
(1890, 'Gateshead', NULL, NULL, NULL, NULL, NULL, NULL, NULL, NULL, NULL, NULL, NULL),
(24475, 'Salisbury City', NULL, NULL, NULL, NULL, NULL, NULL, NULL, NULL, NULL, NULL, NULL),
(468, 'Forest Green', NULL, NULL, NULL, NULL, NULL, NULL, NULL, NULL, NULL, NULL, NULL),
(25944, 'Alfreton', NULL, NULL, NULL, NULL, NULL, NULL, NULL, NULL, NULL, NULL, NULL),
(273, 'Barnet', NULL, NULL, NULL, NULL, NULL, NULL, NULL, NULL, NULL, NULL, NULL),
(648, 'Luton', NULL, NULL, NULL, NULL, NULL, NULL, NULL, NULL, NULL, NULL, NULL),
(627, 'Lincoln', NULL, NULL, NULL, NULL, NULL, NULL, NULL, NULL, NULL, NULL, NULL),
(952, 'Tranmere', NULL, NULL, NULL, NULL, NULL, NULL, NULL, NULL, NULL, NULL, NULL),
(4364, 'Crawley', NULL, NULL, NULL, NULL, NULL, NULL, NULL, NULL, NULL, NULL, NULL),
(321, 'Brentford', NULL, NULL, NULL, NULL, NULL, NULL, NULL, NULL, NULL, NULL, NULL),
(333, 'Bury', NULL, NULL, NULL, NULL, NULL, NULL, NULL, NULL, NULL, NULL, NULL),
(326, 'Bristol R.', NULL, NULL, NULL, NULL, NULL, NULL, NULL, NULL, NULL, NULL, NULL),
(855, 'Scunthorpe', NULL, NULL, NULL, NULL, NULL, NULL, NULL, NULL, NULL, NULL, NULL),
(24002, 'Accrington', NULL, NULL, NULL, NULL, NULL, NULL, NULL, NULL, NULL, NULL, NULL),
(781, 'Portsmouth', NULL, NULL, NULL, NULL, NULL, NULL, NULL, NULL, NULL, NULL, NULL),
(368, 'Chesterfield', NULL, NULL, NULL, NULL, NULL, NULL, NULL, NULL, NULL, NULL, NULL),
(364, 'Cheltenham', NULL, NULL, NULL, NULL, NULL, NULL, NULL, NULL, NULL, NULL, NULL),
(663, 'Mansfield', NULL, NULL, NULL, NULL, NULL, NULL, NULL, NULL, NULL, NULL, NULL),
(450, 'Exeter', NULL, NULL, NULL, NULL, NULL, NULL, NULL, NULL, NULL, NULL, NULL),
(1389, 'Dag and Red', NULL, NULL, NULL, NULL, NULL, NULL, NULL, NULL, NULL, NULL, NULL),
(1039, 'York', NULL, NULL, NULL, NULL, NULL, NULL, NULL, NULL, NULL, NULL, NULL),
(685, 'Morecambe', NULL, NULL, NULL, NULL, NULL, NULL, NULL, NULL, NULL, NULL, NULL),
(946, 'Torquay', NULL, NULL, NULL, NULL, NULL, NULL, NULL, NULL, NULL, NULL, NULL),
(716, 'Northampton', NULL, NULL, NULL, NULL, NULL, NULL, NULL, NULL, NULL, NULL, NULL),
(2786, 'Newport', NULL, NULL, NULL, NULL, NULL, NULL, NULL, NULL, NULL, NULL, NULL),
(26624, 'AFC Wimbledon', NULL, NULL, NULL, NULL, NULL, NULL, NULL, NULL, NULL, NULL, NULL),
(1033, 'Wycombe', NULL, NULL, NULL, NULL, NULL, NULL, NULL, NULL, NULL, NULL, NULL),
(345, 'Cardiff', NULL, NULL, NULL, NULL, NULL, NULL, NULL, NULL, NULL, NULL, NULL),
(707, 'Newcastle', NULL, NULL, NULL, NULL, NULL, NULL, NULL, NULL, NULL, NULL, NULL),
(331, 'Burnley', NULL, NULL, NULL, NULL, NULL, NULL, NULL, NULL, NULL, NULL, NULL),
(884, 'Southampton', NULL, NULL, NULL, NULL, NULL, NULL, NULL, NULL, NULL, NULL, NULL),
(609, 'Leicester', NULL, NULL, NULL, NULL, NULL, NULL, NULL, NULL, NULL, NULL, NULL),
(912, 'Stoke City', NULL, NULL, NULL, NULL, NULL, NULL, NULL, NULL, NULL, NULL, NULL),
(907, 'Stevenage', NULL, NULL, NULL, NULL, NULL, NULL, NULL, NULL, NULL, NULL, NULL),
(415, 'Doncaster', NULL, NULL, NULL, NULL, NULL, NULL, NULL, NULL, NULL, NULL, NULL),
(768, 'Peterboro', NULL, NULL, NULL, NULL, NULL, NULL, NULL, NULL, NULL, NULL, NULL),
(578, 'Kidderminster', NULL, NULL, NULL, NULL, NULL, NULL, NULL, NULL, NULL, NULL, NULL),
(395, 'Crystal Palace', NULL, NULL, NULL, NULL, NULL, NULL, NULL, NULL, NULL, NULL, NULL),
(1014, 'West Bromwich', NULL, NULL, NULL, NULL, NULL, NULL, NULL, NULL, NULL, NULL, NULL),
(862, 'Sheffield W', NULL, NULL, NULL, NULL, NULL, NULL, NULL, NULL, NULL, NULL, NULL),
(654, 'Macclesfield', NULL, NULL, NULL, NULL, NULL, NULL, NULL, NULL, NULL, NULL, NULL),
(861, 'Sheffield U', NULL, NULL, NULL, NULL, NULL, NULL, NULL, NULL, NULL, NULL, NULL),
(254, 'Aston Villa', NULL, NULL, NULL, NULL, NULL, NULL, NULL, NULL, NULL, NULL, NULL),
(477, 'Fulham', NULL, NULL, NULL, NULL, NULL, NULL, NULL, NULL, NULL, NULL, NULL),
(718, 'Norwich', NULL, NULL, NULL, NULL, NULL, NULL, NULL, NULL, NULL, NULL, NULL),
(748, 'Oxford', NULL, NULL, NULL, NULL, NULL, NULL, NULL, NULL, NULL, NULL, NULL),
(360, 'Charlton', NULL, NULL, NULL, NULL, NULL, NULL, NULL, NULL, NULL, NULL, NULL),
(25657, 'Milton Keynes Dons', NULL, NULL, NULL, NULL, NULL, NULL, NULL, NULL, NULL, NULL, NULL),
(1022, 'Wigan Athletic', NULL, NULL, NULL, NULL, NULL, NULL, NULL, NULL, NULL, NULL, NULL),
(605, 'Leeds', NULL, NULL, NULL, NULL, NULL, NULL, NULL, NULL, NULL, NULL, NULL),
(818, 'Rochdale', NULL, NULL, NULL, NULL, NULL, NULL, NULL, NULL, NULL, NULL, NULL),
(1891, 'Burton', NULL, NULL, NULL, NULL, NULL, NULL, NULL, NULL, NULL, NULL, NULL),
(311, 'Bournemouth', NULL, NULL, NULL, NULL, NULL, NULL, NULL, NULL, NULL, NULL, NULL),
(783, 'Preston', NULL, NULL, NULL, NULL, NULL, NULL, NULL, NULL, NULL, NULL, NULL),
(552, 'Ipswich', NULL, NULL, NULL, NULL, NULL, NULL, NULL, NULL, NULL, NULL, NULL),
(540, 'Huddersfield', NULL, NULL, NULL, NULL, NULL, NULL, NULL, NULL, NULL, NULL, NULL),
(502, 'Grimsby', NULL, NULL, NULL, NULL, NULL, NULL, NULL, NULL, NULL, NULL, NULL),
(802, 'Reading', NULL, NULL, NULL, NULL, NULL, NULL, NULL, NULL, NULL, NULL, NULL),
(324, 'Brighton', NULL, NULL, NULL, NULL, NULL, NULL, NULL, NULL, NULL, NULL, NULL),
(791, 'Queens Park Rangers', NULL, NULL, NULL, NULL, NULL, NULL, NULL, NULL, NULL, NULL, NULL),
(449, 'Everton', NULL, NULL, NULL, NULL, NULL, NULL, NULL, NULL, NULL, NULL, NULL),
(298, 'Blackpool', NULL, NULL, NULL, NULL, NULL, NULL, NULL, NULL, NULL, NULL, NULL),
(308, 'Bolton Wanderers', NULL, NULL, NULL, NULL, NULL, NULL, NULL, NULL, NULL, NULL, NULL),
(947, 'Tottenham', NULL, NULL, NULL, NULL, NULL, NULL, NULL, NULL, NULL, NULL, NULL),
(251, 'Arsenal', NULL, NULL, NULL, NULL, NULL, NULL, NULL, NULL, NULL, NULL, NULL),
(541, 'Hull City', NULL, NULL, NULL, NULL, NULL, NULL, NULL, NULL, NULL, NULL, NULL),
(672, 'Middlesbrough', NULL, NULL, NULL, NULL, NULL, NULL, NULL, NULL, NULL, NULL, NULL),
(675, 'Millwall', NULL, NULL, NULL, NULL, NULL, NULL, NULL, NULL, NULL, NULL, NULL),
(885, 'Southend', NULL, NULL, NULL, NULL, NULL, NULL, NULL, NULL, NULL, NULL, NULL),
(1011, 'Watford', NULL, NULL, NULL, NULL, NULL, NULL, NULL, NULL, NULL, NULL, NULL),
(325, 'Bristol C.', NULL, NULL, NULL, NULL, NULL, NULL, NULL, NULL, NULL, NULL, NULL),
(621, 'L.Orient', NULL, NULL, NULL, NULL, NULL, NULL, NULL, NULL, NULL, NULL, NULL),
(1037, 'Yeovil', NULL, NULL, NULL, NULL, NULL, NULL, NULL, NULL, NULL, NULL, NULL),
(387, 'Coventry', NULL, NULL, NULL, NULL, NULL, NULL, NULL, NULL, NULL, NULL, NULL),
(274, 'Barnsley', NULL, NULL, NULL, NULL, NULL, NULL, NULL, NULL, NULL, NULL, NULL),
(661, 'Manchester City', NULL, NULL, NULL, NULL, NULL, NULL, NULL, NULL, NULL, NULL, NULL),
(297, 'Blackburn Rovers', NULL, NULL, NULL, NULL, NULL, NULL, NULL, NULL, NULL, NULL, NULL),
(1310000320, 'Arema Malang', NULL, NULL, NULL, NULL, NULL, NULL, NULL, NULL, NULL, NULL, NULL),
(517, 'Hamburger SV', NULL, NULL, NULL, NULL, NULL, NULL, NULL, NULL, NULL, NULL, NULL),
(1200002219, 'Anagennisi Gianitson', NULL, NULL, NULL, NULL, NULL, NULL, NULL, NULL, NULL, NULL, NULL),
(4321, 'Kerkyra', NULL, NULL, NULL, NULL, NULL, NULL, NULL, NULL, NULL, NULL, NULL),
(249, 'Aris Saloniki', NULL, NULL, NULL, NULL, NULL, NULL, NULL, NULL, NULL, NULL, NULL),
(25983, 'Apollon Smirnis', NULL, NULL, NULL, NULL, NULL, NULL, NULL, NULL, NULL, NULL, NULL),
(702, 'SSC Napoli', NULL, NULL, NULL, NULL, NULL, NULL, NULL, NULL, NULL, NULL, NULL),
(838, 'Sampdoria', NULL, NULL, NULL, NULL, NULL, NULL, NULL, NULL, NULL, NULL, NULL),
(352, 'Catania', NULL, NULL, NULL, NULL, NULL, NULL, NULL, NULL, NULL, NULL, NULL),
(307, 'Bologna', NULL, NULL, NULL, NULL, NULL, NULL, NULL, NULL, NULL, NULL, NULL),
(485, 'Genoa', NULL, NULL, NULL, NULL, NULL, NULL, NULL, NULL, NULL, NULL, NULL),
(27020, 'Sassuolo', NULL, NULL, NULL, NULL, NULL, NULL, NULL, NULL, NULL, NULL, NULL),
(673, 'AC Milan', NULL, NULL, NULL, NULL, NULL, NULL, NULL, NULL, NULL, NULL, NULL),
(255, 'Atalanta', NULL, NULL, NULL, NULL, NULL, NULL, NULL, NULL, NULL, NULL, NULL),
(760, 'Parma', NULL, NULL, NULL, NULL, NULL, NULL, NULL, NULL, NULL, NULL, NULL),
(943, 'Torino', NULL, NULL, NULL, NULL, NULL, NULL, NULL, NULL, NULL, NULL, NULL),
(965, 'Udinese', NULL, NULL, NULL, NULL, NULL, NULL, NULL, NULL, NULL, NULL, NULL),
(993, 'Verona', NULL, NULL, NULL, NULL, NULL, NULL, NULL, NULL, NULL, NULL, NULL),
(599, 'Lazio', NULL, NULL, NULL, NULL, NULL, NULL, NULL, NULL, NULL, NULL, NULL),
(65, 'Inter', NULL, NULL, NULL, NULL, NULL, NULL, NULL, NULL, NULL, NULL, NULL),
(259, 'Atlante', NULL, NULL, NULL, NULL, NULL, NULL, NULL, NULL, NULL, NULL, NULL),
(1310001899, 'Leon', NULL, NULL, NULL, NULL, NULL, NULL, NULL, NULL, NULL, NULL, NULL),
(653, 'Maccabi Tel Aviv', NULL, NULL, NULL, NULL, NULL, NULL, NULL, NULL, NULL, NULL, NULL),
(1411, 'Maccabi Haifa', NULL, NULL, NULL, NULL, NULL, NULL, NULL, NULL, NULL, NULL, NULL),
(803, 'Real Madrid', NULL, NULL, NULL, NULL, NULL, NULL, NULL, NULL, NULL, NULL, NULL),
(354, 'Celta Vigo', NULL, NULL, NULL, NULL, NULL, NULL, NULL, NULL, NULL, NULL, NULL),
(981, 'Rayo Vallecano', NULL, NULL, NULL, NULL, NULL, NULL, NULL, NULL, NULL, NULL, NULL),
(999, 'Villarreal', NULL, NULL, NULL, NULL, NULL, NULL, NULL, NULL, NULL, NULL, NULL),
(29885, 'Crusaders', NULL, NULL, NULL, NULL, NULL, NULL, NULL, NULL, NULL, NULL, NULL),
(1100000031, 'Dungannon Swifts', NULL, NULL, NULL, NULL, NULL, NULL, NULL, NULL, NULL, NULL, NULL),
(876, 'Slavia Prague', NULL, NULL, NULL, NULL, NULL, NULL, NULL, NULL, NULL, NULL, NULL),
(425, 'Dukla Praha', NULL, NULL, NULL, NULL, NULL, NULL, NULL, NULL, NULL, NULL, NULL),
(329, 'Budejovice', NULL, NULL, NULL, NULL, NULL, NULL, NULL, NULL, NULL, NULL, NULL),
(3185, 'Pardubice', NULL, NULL, NULL, NULL, NULL, NULL, NULL, NULL, NULL, NULL, NULL),
(30315, 'Znojmo', NULL, NULL, NULL, NULL, NULL, NULL, NULL, NULL, NULL, NULL, NULL),
(2633, 'Vysocina Jihlava', NULL, NULL, NULL, NULL, NULL, NULL, NULL, NULL, NULL, NULL, NULL),
(530, 'Heerenveen', NULL, NULL, NULL, NULL, NULL, NULL, NULL, NULL, NULL, NULL, NULL),
(618, 'Bayer Leverkusen', NULL, NULL, NULL, NULL, NULL, NULL, NULL, NULL, NULL, NULL, NULL),
(28142, 'Albirex Niigata FC', NULL, NULL, NULL, NULL, NULL, NULL, NULL, NULL, NULL, NULL, NULL),
(28143, 'Singapore Armed Forces FC', NULL, NULL, NULL, NULL, NULL, NULL, NULL, NULL, NULL, NULL, NULL),
(27543, 'Fortuna Dusseldorf Am.', NULL, NULL, NULL, NULL, NULL, NULL, NULL, NULL, NULL, NULL, NULL),
(418, 'Dortmund II', NULL, NULL, NULL, NULL, NULL, NULL, NULL, NULL, NULL, NULL, NULL),
(1850, 'Cercle Bruges', NULL, NULL, NULL, NULL, NULL, NULL, NULL, NULL, NULL, NULL, NULL),
(1226000345, 'MC Alger', NULL, NULL, NULL, NULL, NULL, NULL, NULL, NULL, NULL, NULL, NULL),
(24080, 'Oostende', NULL, NULL, NULL, NULL, NULL, NULL, NULL, NULL, NULL, NULL, NULL),
(656, 'Mainz 05', NULL, NULL, NULL, NULL, NULL, NULL, NULL, NULL, NULL, NULL, NULL),
(2429, 'Den Haag', NULL, NULL, NULL, NULL, NULL, NULL, NULL, NULL, NULL, NULL, NULL),
(1363, 'Preussen Munster', NULL, NULL, NULL, NULL, NULL, NULL, NULL, NULL, NULL, NULL, NULL),
(229, 'AZ Alkmaar', NULL, NULL, NULL, NULL, NULL, NULL, NULL, NULL, NULL, NULL, NULL),
(373, 'Club Bruges', NULL, NULL, NULL, NULL, NULL, NULL, NULL, NULL, NULL, NULL, NULL),
(1029, 'Wolfsburg', NULL, NULL, NULL, NULL, NULL, NULL, NULL, NULL, NULL, NULL, NULL),
(1002, 'Vitesse', NULL, NULL, NULL, NULL, NULL, NULL, NULL, NULL, NULL, NULL, NULL),
(1310001040, 'UCAM Murcia', NULL, NULL, NULL, NULL, NULL, NULL, NULL, NULL, NULL, NULL, NULL),
(667, 'KV Mechelen', NULL, NULL, NULL, NULL, NULL, NULL, NULL, NULL, NULL, NULL, NULL),
(1757, 'Heracles', NULL, NULL, NULL, NULL, NULL, NULL, NULL, NULL, NULL, NULL, NULL),
(316, 'FT Braunschweig', NULL, NULL, NULL, NULL, NULL, NULL, NULL, NULL, NULL, NULL, NULL),
(27099, 'Cartagena', NULL, NULL, NULL, NULL, NULL, NULL, NULL, NULL, NULL, NULL, NULL),
(1100000223, 'Shanghai Shenhua', NULL, NULL, NULL, NULL, NULL, NULL, NULL, NULL, NULL, NULL, NULL),
(262, 'Augsburg', NULL, NULL, NULL, NULL, NULL, NULL, NULL, NULL, NULL, NULL, NULL),
(704, 'NEC Nijmegen', NULL, NULL, NULL, NULL, NULL, NULL, NULL, NULL, NULL, NULL, NULL),
(2631, 'M Boleslav', NULL, NULL, NULL, NULL, NULL, NULL, NULL, NULL, NULL, NULL, NULL),
(1441, 'Groningen', NULL, NULL, NULL, NULL, NULL, NULL, NULL, NULL, NULL, NULL, NULL),
(697, 'NAC Breda', NULL, NULL, NULL, NULL, NULL, NULL, NULL, NULL, NULL, NULL, NULL),
(624, 'Lierse', NULL, NULL, NULL, NULL, NULL, NULL, NULL, NULL, NULL, NULL, NULL),
(974, 'Utrecht', NULL, NULL, NULL, NULL, NULL, NULL, NULL, NULL, NULL, NULL, NULL),
(819, 'Roda', NULL, NULL, NULL, NULL, NULL, NULL, NULL, NULL, NULL, NULL, NULL),
(239, 'Anderlecht', NULL, NULL, NULL, NULL, NULL, NULL, NULL, NULL, NULL, NULL, NULL),
(480, 'Galatasaray', NULL, NULL, NULL, NULL, NULL, NULL, NULL, NULL, NULL, NULL, NULL),
(220, 'Ajax', NULL, NULL, NULL, NULL, NULL, NULL, NULL, NULL, NULL, NULL, NULL),
(789, 'PSV Eindhoven', NULL, NULL, NULL, NULL, NULL, NULL, NULL, NULL, NULL, NULL, NULL),
(23090, 'Lokomotiv Plovdiv', NULL, NULL, NULL, NULL, NULL, NULL, NULL, NULL, NULL, NULL, NULL),
(1001145, 'Al Merrikh', NULL, NULL, NULL, NULL, NULL, NULL, NULL, NULL, NULL, NULL, NULL),
(281, 'Bayern Munchen', NULL, NULL, NULL, NULL, NULL, NULL, NULL, NULL, NULL, NULL, NULL),
(1036, 'Young Boys', NULL, NULL, NULL, NULL, NULL, NULL, NULL, NULL, NULL, NULL, NULL),
(1001167, 'SuperSport United', NULL, NULL, NULL, NULL, NULL, NULL, NULL, NULL, NULL, NULL, NULL),
(916, 'VfB Stuttgart', NULL, NULL, NULL, NULL, NULL, NULL, NULL, NULL, NULL, NULL, NULL),
(951, 'Trabzonspor', NULL, NULL, NULL, NULL, NULL, NULL, NULL, NULL, NULL, NULL, NULL),
(355, 'Celtic', NULL, NULL, NULL, NULL, NULL, NULL, NULL, NULL, NULL, NULL, NULL),
(889, 'Sparta Prague', NULL, NULL, NULL, NULL, NULL, NULL, NULL, NULL, NULL, NULL, NULL),
(1358, 'Zizkov', NULL, NULL, NULL, NULL, NULL, NULL, NULL, NULL, NULL, NULL, NULL),
(27696, 'Graffin Vlasim', NULL, NULL, NULL, NULL, NULL, NULL, NULL, NULL, NULL, NULL, NULL),
(27551, 'Wiedenbruck', NULL, NULL, NULL, NULL, NULL, NULL, NULL, NULL, NULL, NULL, NULL),
(1024, 'Wilhelmshaven', NULL, NULL, NULL, NULL, NULL, NULL, NULL, NULL, NULL, NULL, NULL),
(2388, 'Hoffenheim', NULL, NULL, NULL, NULL, NULL, NULL, NULL, NULL, NULL, NULL, NULL),
(2708, 'Oud-Heverlee', NULL, NULL, NULL, NULL, NULL, NULL, NULL, NULL, NULL, NULL, NULL),
(3026, 'Mons Bergen', NULL, NULL, NULL, NULL, NULL, NULL, NULL, NULL, NULL, NULL, NULL),
(23081, 'Zulte-Waregem', NULL, NULL, NULL, NULL, NULL, NULL, NULL, NULL, NULL, NULL, NULL),
(276, 'Basel', NULL, NULL, NULL, NULL, NULL, NULL, NULL, NULL, NULL, NULL, NULL),
(463, 'Feyenoord', NULL, NULL, NULL, NULL, NULL, NULL, NULL, NULL, NULL, NULL, NULL),
(557, 'Jaro', NULL, NULL, NULL, NULL, NULL, NULL, NULL, NULL, NULL, NULL, NULL),
(1854, 'JBK', NULL, NULL, NULL, NULL, NULL, NULL, NULL, NULL, NULL, NULL, NULL),
(649, 'Luzern', NULL, NULL, NULL, NULL, NULL, NULL, NULL, NULL, NULL, NULL, NULL),
(1335, 'Locarno', NULL, NULL, NULL, NULL, NULL, NULL, NULL, NULL, NULL, NULL, NULL),
(837, 'Salzburg', NULL, NULL, NULL, NULL, NULL, NULL, NULL, NULL, NULL, NULL, NULL),
(853, 'Schalke 04', NULL, NULL, NULL, NULL, NULL, NULL, NULL, NULL, NULL, NULL, NULL),
(473, 'Eintracht Frankfurt', NULL, NULL, NULL, NULL, NULL, NULL, NULL, NULL, NULL, NULL, NULL),
(27119, 'Bohemians 1905', NULL, NULL, NULL, NULL, NULL, NULL, NULL, NULL, NULL, NULL, NULL),
(27740, 'Karvina', NULL, NULL, NULL, NULL, NULL, NULL, NULL, NULL, NULL, NULL, NULL),
(27699, 'Frydek-Mistek', NULL, NULL, NULL, NULL, NULL, NULL, NULL, NULL, NULL, NULL, NULL),
(868, 'Sigma Olomouc', NULL, NULL, NULL, NULL, NULL, NULL, NULL, NULL, NULL, NULL, NULL),
(1310005127, 'Adelaide Raiders', NULL, NULL, NULL, NULL, NULL, NULL, NULL, NULL, NULL, NULL, NULL),
(1310005126, 'Adelaide Cobras', NULL, NULL, NULL, NULL, NULL, NULL, NULL, NULL, NULL, NULL, NULL),
(745, 'Ostrava', NULL, NULL, NULL, NULL, NULL, NULL, NULL, NULL, NULL, NULL, NULL),
(27063, 'Trinec', NULL, NULL, NULL, NULL, NULL, NULL, NULL, NULL, NULL, NULL, NULL),
(28563, 'Sezimovo Usti', NULL, NULL, NULL, NULL, NULL, NULL, NULL, NULL, NULL, NULL, NULL),
(417, 'Bor. Dortmund', NULL, NULL, NULL, NULL, NULL, NULL, NULL, NULL, NULL, NULL, NULL),
(903, 'St.Liege', NULL, NULL, NULL, NULL, NULL, NULL, NULL, NULL, NULL, NULL, NULL),
(208, 'Aarau', NULL, NULL, NULL, NULL, NULL, NULL, NULL, NULL, NULL, NULL, NULL),
(536, 'Hertha Berlin', NULL, NULL, NULL, NULL, NULL, NULL, NULL, NULL, NULL, NULL, NULL),
(474, 'Freiburg', NULL, NULL, NULL, NULL, NULL, NULL, NULL, NULL, NULL, NULL, NULL),
(695, 'MVV Maastricht', NULL, NULL, NULL, NULL, NULL, NULL, NULL, NULL, NULL, NULL, NULL),
(966, 'Uerdingen', NULL, NULL, NULL, NULL, NULL, NULL, NULL, NULL, NULL, NULL, NULL),
(2474, 'Schalke 04 II', NULL, NULL, NULL, NULL, NULL, NULL, NULL, NULL, NULL, NULL, NULL),
(539, 'Hamburger SV II', NULL, NULL, NULL, NULL, NULL, NULL, NULL, NULL, NULL, NULL, NULL),
(1753, 'Zwolle', NULL, NULL, NULL, NULL, NULL, NULL, NULL, NULL, NULL, NULL, NULL),
(622, 'Liberec', NULL, NULL, NULL, NULL, NULL, NULL, NULL, NULL, NULL, NULL, NULL),
(521, 'Hansa Rostock', NULL, NULL, NULL, NULL, NULL, NULL, NULL, NULL, NULL, NULL, NULL),
(652, 'Bor. Monchengladbach', NULL, NULL, NULL, NULL, NULL, NULL, NULL, NULL, NULL, NULL, NULL),
(330, 'Burghausen', NULL, NULL, NULL, NULL, NULL, NULL, NULL, NULL, NULL, NULL, NULL),
(25672, 'Ingolstadt', NULL, NULL, NULL, NULL, NULL, NULL, NULL, NULL, NULL, NULL, NULL),
(725, 'Nurnberg', NULL, NULL, NULL, NULL, NULL, NULL, NULL, NULL, NULL, NULL, NULL),
(905, 'Steaua Bucuresti', NULL, NULL, NULL, NULL, NULL, NULL, NULL, NULL, NULL, NULL, NULL),
(28304, 'SV Grodig', NULL, NULL, NULL, NULL, NULL, NULL, NULL, NULL, NULL, NULL, NULL),
(1310003932, 'Neumarkt', NULL, NULL, NULL, NULL, NULL, NULL, NULL, NULL, NULL, NULL, NULL),
(304, 'Bochum', NULL, NULL, NULL, NULL, NULL, NULL, NULL, NULL, NULL, NULL, NULL),
(3048, 'Kairat Almaty', NULL, NULL, NULL, NULL, NULL, NULL, NULL, NULL, NULL, NULL, NULL),
(1001413, 'Ajax Cape Town', NULL, NULL, NULL, NULL, NULL, NULL, NULL, NULL, NULL, NULL, NULL),
(29711, 'Kuwait SC', NULL, NULL, NULL, NULL, NULL, NULL, NULL, NULL, NULL, NULL, NULL),
(291, 'Besiktas', NULL, NULL, NULL, NULL, NULL, NULL, NULL, NULL, NULL, NULL, NULL),
(520, 'Hannover 96', NULL, NULL, NULL, NULL, NULL, NULL, NULL, NULL, NULL, NULL, NULL),
(1017, 'Werder Bremen', NULL, NULL, NULL, NULL, NULL, NULL, NULL, NULL, NULL, NULL, NULL),
(3061, 'FSV Frankfurt', NULL, NULL, NULL, NULL, NULL, NULL, NULL, NULL, NULL, NULL, NULL),
(895, 'St.Gallen', NULL, NULL, NULL, NULL, NULL, NULL, NULL, NULL, NULL, NULL, NULL),
(204, 'Aachen', NULL, NULL, NULL, NULL, NULL, NULL, NULL, NULL, NULL, NULL, NULL),
(470, 'Fort. Dusseldorf', NULL, NULL, NULL, NULL, NULL, NULL, NULL, NULL, NULL, NULL, NULL),
(508, 'Gutersloh', NULL, NULL, NULL, NULL, NULL, NULL, NULL, NULL, NULL, NULL, NULL),
(294, 'Bielefeld', NULL, NULL, NULL, NULL, NULL, NULL, NULL, NULL, NULL, NULL, NULL),
(991, 'SC Verl', NULL, NULL, NULL, NULL, NULL, NULL, NULL, NULL, NULL, NULL, NULL),
(750, 'Paderborn', NULL, NULL, NULL, NULL, NULL, NULL, NULL, NULL, NULL, NULL, NULL),
(692, '1860 Munchen', NULL, NULL, NULL, NULL, NULL, NULL, NULL, NULL, NULL, NULL, NULL),
(1144, 'Union Berlin', NULL, NULL, NULL, NULL, NULL, NULL, NULL, NULL, NULL, NULL, NULL),
(2504, 'Rubin Kazan', NULL, NULL, NULL, NULL, NULL, NULL, NULL, NULL, NULL, NULL, NULL),
(1051, 'Norild', NULL, NULL, NULL, NULL, NULL, NULL, NULL, NULL, NULL, NULL, NULL),
(1069, 'Moldova', NULL, NULL, NULL, NULL, NULL, NULL, NULL, NULL, NULL, NULL, NULL),
(25613, 'Gabon', NULL, NULL, NULL, NULL, NULL, NULL, NULL, NULL, NULL, NULL, NULL),
(25611, 'Uganda', NULL, NULL, NULL, NULL, NULL, NULL, NULL, NULL, NULL, NULL, NULL),
(1233, 'Zimbabwe', NULL, NULL, NULL, NULL, NULL, NULL, NULL, NULL, NULL, NULL, NULL),
(1222, 'Ghana', NULL, NULL, NULL, NULL, NULL, NULL, NULL, NULL, NULL, NULL, NULL),
(1231, 'Congo', NULL, NULL, NULL, NULL, NULL, NULL, NULL, NULL, NULL, NULL, NULL),
(1215, 'Libya', NULL, NULL, NULL, NULL, NULL, NULL, NULL, NULL, NULL, NULL, NULL),
(27327, 'Ethiopia', NULL, NULL, NULL, NULL, NULL, NULL, NULL, NULL, NULL, NULL, NULL),
(1235, 'Burkina Faso', NULL, NULL, NULL, NULL, NULL, NULL, NULL, NULL, NULL, NULL, NULL),
(1075, 'Morocco', NULL, NULL, NULL, NULL, NULL, NULL, NULL, NULL, NULL, NULL, NULL),
(1228, 'DR Congo', NULL, NULL, NULL, NULL, NULL, NULL, NULL, NULL, NULL, NULL, NULL),
(27319, 'Mauritania', NULL, NULL, NULL, NULL, NULL, NULL, NULL, NULL, NULL, NULL, NULL),
(27320, 'Burundi', NULL, NULL, NULL, NULL, NULL, NULL, NULL, NULL, NULL, NULL, NULL),
(2612, 'Mali', NULL, NULL, NULL, NULL, NULL, NULL, NULL, NULL, NULL, NULL, NULL),
(1218, 'Nigeria', NULL, NULL, NULL, NULL, NULL, NULL, NULL, NULL, NULL, NULL, NULL),
(1078, 'South Africa', NULL, NULL, NULL, NULL, NULL, NULL, NULL, NULL, NULL, NULL, NULL),
(27326, 'Mozambique', NULL, NULL, NULL, NULL, NULL, NULL, NULL, NULL, NULL, NULL, NULL),
(1310000776, 'Tucanes FC', NULL, NULL, NULL, NULL, NULL, NULL, NULL, NULL, NULL, NULL, NULL),
(1001347, 'Atletico Venezuela', NULL, NULL, NULL, NULL, NULL, NULL, NULL, NULL, NULL, NULL, NULL),
(27625, 'Guaros de Lara', NULL, NULL, NULL, NULL, NULL, NULL, NULL, NULL, NULL, NULL, NULL),
(27623, 'El Vigia', NULL, NULL, NULL, NULL, NULL, NULL, NULL, NULL, NULL, NULL, NULL),
(26014, 'Mineros De Guayana', NULL, NULL, NULL, NULL, NULL, NULL, NULL, NULL, NULL, NULL, NULL),
(28373, 'Zulia', NULL, NULL, NULL, NULL, NULL, NULL, NULL, NULL, NULL, NULL, NULL),
(27627, 'Dep. Italia', NULL, NULL, NULL, NULL, NULL, NULL, NULL, NULL, NULL, NULL, NULL),
(27631, 'Anzoategui', NULL, NULL, NULL, NULL, NULL, NULL, NULL, NULL, NULL, NULL, NULL),
(27629, 'LLaneros Guanare', NULL, NULL, NULL, NULL, NULL, NULL, NULL, NULL, NULL, NULL, NULL),
(27626, 'Carabobo FC', NULL, NULL, NULL, NULL, NULL, NULL, NULL, NULL, NULL, NULL, NULL),
(29978, 'Real Esppor', NULL, NULL, NULL, NULL, NULL, NULL, NULL, NULL, NULL, NULL, NULL),
(25497, 'Tachira', NULL, NULL, NULL, NULL, NULL, NULL, NULL, NULL, NULL, NULL, NULL),
(27621, 'Estudiantes Merida', NULL, NULL, NULL, NULL, NULL, NULL, NULL, NULL, NULL, NULL, NULL),
(27628, 'Aragua FC', NULL, NULL, NULL, NULL, NULL, NULL, NULL, NULL, NULL, NULL, NULL),
(29977, 'Yaracuyanos FC', NULL, NULL, NULL, NULL, NULL, NULL, NULL, NULL, NULL, NULL, NULL),
(27622, 'Zamora FC', NULL, NULL, NULL, NULL, NULL, NULL, NULL, NULL, NULL, NULL, NULL),
(26392, 'Trujillanos FC', NULL, NULL, NULL, NULL, NULL, NULL, NULL, NULL, NULL, NULL, NULL),
(25496, 'Caracas', NULL, NULL, NULL, NULL, NULL, NULL, NULL, NULL, NULL, NULL, NULL),
(283, 'Belenenses', NULL, NULL, NULL, NULL, NULL, NULL, NULL, NULL, NULL, NULL, NULL),
(313, 'Braga', NULL, NULL, NULL, NULL, NULL, NULL, NULL, NULL, NULL, NULL, NULL),
(282, 'Beira-Mar', NULL, NULL, NULL, NULL, NULL, NULL, NULL, NULL, NULL, NULL, NULL),
(893, 'Sporting CP', NULL, NULL, NULL, NULL, NULL, NULL, NULL, NULL, NULL, NULL, NULL),
(665, 'Maritimo', NULL, NULL, NULL, NULL, NULL, NULL, NULL, NULL, NULL, NULL, NULL),
(2088, 'Penafiel', NULL, NULL, NULL, NULL, NULL, NULL, NULL, NULL, NULL, NULL, NULL),
(4401, 'Sporting Covilha', NULL, NULL, NULL, NULL, NULL, NULL, NULL, NULL, NULL, NULL, NULL),
(1458, 'P.Ferreira', NULL, NULL, NULL, NULL, NULL, NULL, NULL, NULL, NULL, NULL, NULL),
(455, 'Farense', NULL, NULL, NULL, NULL, NULL, NULL, NULL, NULL, NULL, NULL, NULL),
(2094, 'Oliveirense', NULL, NULL, NULL, NULL, NULL, NULL, NULL, NULL, NULL, NULL, NULL),
(2447, 'Santa Clara', NULL, NULL, NULL, NULL, NULL, NULL, NULL, NULL, NULL, NULL, NULL),
(4388, 'Trofense', NULL, NULL, NULL, NULL, NULL, NULL, NULL, NULL, NULL, NULL, NULL),
(2814, 'Viseu', NULL, NULL, NULL, NULL, NULL, NULL, NULL, NULL, NULL, NULL, NULL),
(1310001927, 'Sporting Lisbon B', NULL, NULL, NULL, NULL, NULL, NULL, NULL, NULL, NULL, NULL, NULL),
(4397, 'U. Madeira', NULL, NULL, NULL, NULL, NULL, NULL, NULL, NULL, NULL, NULL, NULL),
(1310001923, 'Porto B', NULL, NULL, NULL, NULL, NULL, NULL, NULL, NULL, NULL, NULL, NULL),
(2812, 'Portimonense', NULL, NULL, NULL, NULL, NULL, NULL, NULL, NULL, NULL, NULL, NULL),
(1310001922, 'Benfica B', NULL, NULL, NULL, NULL, NULL, NULL, NULL, NULL, NULL, NULL, NULL),
(1960, 'Moreirense', NULL, NULL, NULL, NULL, NULL, NULL, NULL, NULL, NULL, NULL, NULL),
(2096, 'Feirense', NULL, NULL, NULL, NULL, NULL, NULL, NULL, NULL, NULL, NULL, NULL),
(1457, 'Aves', NULL, NULL, NULL, NULL, NULL, NULL, NULL, NULL, NULL, NULL, NULL),
(1957, 'Nacional', NULL, NULL, NULL, NULL, NULL, NULL, NULL, NULL, NULL, NULL, NULL),
(506, 'Guimaraes', NULL, NULL, NULL, NULL, NULL, NULL, NULL, NULL, NULL, NULL, NULL),
(28701, 'Arouca', NULL, NULL, NULL, NULL, NULL, NULL, NULL, NULL, NULL, NULL, NULL),
(212, 'Academica', NULL, NULL, NULL, NULL, NULL, NULL, NULL, NULL, NULL, NULL, NULL),
(25720, 'Olhanense', NULL, NULL, NULL, NULL, NULL, NULL, NULL, NULL, NULL, NULL, NULL),
(28521, 'Marathon CD', NULL, NULL, NULL, NULL, NULL, NULL, NULL, NULL, NULL, NULL, NULL),
(1310004454, 'Parrillas One', NULL, NULL, NULL, NULL, NULL, NULL, NULL, NULL, NULL, NULL, NULL),
(2201, 'Olimpia CD', NULL, NULL, NULL, NULL, NULL, NULL, NULL, NULL, NULL, NULL, NULL),
(1310001966, 'Real Sociedad Tocoa', NULL, NULL, NULL, NULL, NULL, NULL, NULL, NULL, NULL, NULL, NULL),
(1310001964, 'Deportes Savio', NULL, NULL, NULL, NULL, NULL, NULL, NULL, NULL, NULL, NULL, NULL),
(27974, 'Motagua', NULL, NULL, NULL, NULL, NULL, NULL, NULL, NULL, NULL, NULL, NULL),
(1310001965, 'Platense', NULL, NULL, NULL, NULL, NULL, NULL, NULL, NULL, NULL, NULL, NULL),
(1310001968, 'Vida', NULL, NULL, NULL, NULL, NULL, NULL, NULL, NULL, NULL, NULL, NULL),
(1310001967, 'Victoria', NULL, NULL, NULL, NULL, NULL, NULL, NULL, NULL, NULL, NULL, NULL),
(30038, 'Real Espana', NULL, NULL, NULL, NULL, NULL, NULL, NULL, NULL, NULL, NULL, NULL),
(466, 'Fiorentina', NULL, NULL, NULL, NULL, NULL, NULL, NULL, NULL, NULL, NULL, NULL),
(631, 'Livorno', NULL, NULL, NULL, NULL, NULL, NULL, NULL, NULL, NULL, NULL, NULL),
(370, 'Chievo', NULL, NULL, NULL, NULL, NULL, NULL, NULL, NULL, NULL, NULL, NULL),
(340, 'Cagliari', NULL, NULL, NULL, NULL, NULL, NULL, NULL, NULL, NULL, NULL, NULL),
(562, 'Juventus', NULL, NULL, NULL, NULL, NULL, NULL, NULL, NULL, NULL, NULL, NULL),
(820, 'Roma', NULL, NULL, NULL, NULL, NULL, NULL, NULL, NULL, NULL, NULL, NULL),
(867, 'Siena', NULL, NULL, NULL, NULL, NULL, NULL, NULL, NULL, NULL, NULL, NULL),
(1625, 'Spezia', NULL, NULL, NULL, NULL, NULL, NULL, NULL, NULL, NULL, NULL, NULL),
(712, 'Nocerina', NULL, NULL, NULL, NULL, NULL, NULL, NULL, NULL, NULL, NULL, NULL),
(30148, 'Viareggio', NULL, NULL, NULL, NULL, NULL, NULL, NULL, NULL, NULL, NULL, NULL),
(288, 'Benevento', NULL, NULL, NULL, NULL, NULL, NULL, NULL, NULL, NULL, NULL, NULL),
(25765, 'Grosseto', NULL, NULL, NULL, NULL, NULL, NULL, NULL, NULL, NULL, NULL, NULL),
(777, 'Pontedera', NULL, NULL, NULL, NULL, NULL, NULL, NULL, NULL, NULL, NULL, NULL),
(27634, 'Paganese', NULL, NULL, NULL, NULL, NULL, NULL, NULL, NULL, NULL, NULL, NULL),
(28455, 'Barletta', NULL, NULL, NULL, NULL, NULL, NULL, NULL, NULL, NULL, NULL, NULL),
(252, 'Ascoli', NULL, NULL, NULL, NULL, NULL, NULL, NULL, NULL, NULL, NULL, NULL),
(24306, 'Catanzaro', NULL, NULL, NULL, NULL, NULL, NULL, NULL, NULL, NULL, NULL, NULL),
(2450, 'Prato', NULL, NULL, NULL, NULL, NULL, NULL, NULL, NULL, NULL, NULL, NULL),
(25764, 'Frosinone', NULL, NULL, NULL, NULL, NULL, NULL, NULL, NULL, NULL, NULL, NULL),
(771, 'Pisa', NULL, NULL, NULL, NULL, NULL, NULL, NULL, NULL, NULL, NULL, NULL),
(1001458, 'Gubbio', NULL, NULL, NULL, NULL, NULL, NULL, NULL, NULL, NULL, NULL, NULL),
(766, 'Perugia', NULL, NULL, NULL, NULL, NULL, NULL, NULL, NULL, NULL, NULL, NULL),
(594, 'L Aquila', NULL, NULL, NULL, NULL, NULL, NULL, NULL, NULL, NULL, NULL, NULL),
(1310002229, 'Virtus Entella', NULL, NULL, NULL, NULL, NULL, NULL, NULL, NULL, NULL, NULL, NULL),
(348, 'Carrarese', NULL, NULL, NULL, NULL, NULL, NULL, NULL, NULL, NULL, NULL, NULL),
(1001466, 'Feralpisalo', NULL, NULL, NULL, NULL, NULL, NULL, NULL, NULL, NULL, NULL, NULL),
(389, 'Cremonese', NULL, NULL, NULL, NULL, NULL, NULL, NULL, NULL, NULL, NULL, NULL),
(26380, 'San Marino', NULL, NULL, NULL, NULL, NULL, NULL, NULL, NULL, NULL, NULL, NULL),
(805, 'Reggiana', NULL, NULL, NULL, NULL, NULL, NULL, NULL, NULL, NULL, NULL, NULL),
(645, 'Lumezzane', NULL, NULL, NULL, NULL, NULL, NULL, NULL, NULL, NULL, NULL, NULL),
(990, 'Venezia', NULL, NULL, NULL, NULL, NULL, NULL, NULL, NULL, NULL, NULL, NULL),
(995, 'Vicenza', NULL, NULL, NULL, NULL, NULL, NULL, NULL, NULL, NULL, NULL, NULL),
(378, 'Como', NULL, NULL, NULL, NULL, NULL, NULL, NULL, NULL, NULL, NULL, NULL),
(3130, 'Propatria', NULL, NULL, NULL, NULL, NULL, NULL, NULL, NULL, NULL, NULL, NULL),
(1310000908, 'Pro Vercelli', NULL, NULL, NULL, NULL, NULL, NULL, NULL, NULL, NULL, NULL, NULL),
(1001464, 'Sudtirol/Alto Adige', NULL, NULL, NULL, NULL, NULL, NULL, NULL, NULL, NULL, NULL, NULL),
(225, 'Albinoleffe', NULL, NULL, NULL, NULL, NULL, NULL, NULL, NULL, NULL, NULL, NULL),
(1310004456, 'Savona', NULL, NULL, NULL, NULL, NULL, NULL, NULL, NULL, NULL, NULL, NULL),
(24271, 'Pavia', NULL, NULL, NULL, NULL, NULL, NULL, NULL, NULL, NULL, NULL, NULL),
(27218, 'Orleans', NULL, NULL, NULL, NULL, NULL, NULL, NULL, NULL, NULL, NULL, NULL),
(1922, 'GFCO Ajaccio', NULL, NULL, NULL, NULL, NULL, NULL, NULL, NULL, NULL, NULL, NULL),
(1310001259, 'Uzes Pont du Gard', NULL, NULL, NULL, NULL, NULL, NULL, NULL, NULL, NULL, NULL, NULL),
(26005, 'Paris FC', NULL, NULL, NULL, NULL, NULL, NULL, NULL, NULL, NULL, NULL, NULL),
(27950, 'Le Poire Sur Vie', NULL, NULL, NULL, NULL, NULL, NULL, NULL, NULL, NULL, NULL, NULL),
(237, 'Amiens', NULL, NULL, NULL, NULL, NULL, NULL, NULL, NULL, NULL, NULL, NULL),
(4431, 'Carquefou', NULL, NULL, NULL, NULL, NULL, NULL, NULL, NULL, NULL, NULL, NULL),
(914, 'Strasbourg', NULL, NULL, NULL, NULL, NULL, NULL, NULL, NULL, NULL, NULL, NULL),
(27943, 'Colomiers', NULL, NULL, NULL, NULL, NULL, NULL, NULL, NULL, NULL, NULL, NULL),
(1310003129, 'Lucon', NULL, NULL, NULL, NULL, NULL, NULL, NULL, NULL, NULL, NULL, NULL),
(4419, 'Bourg Peronnas', NULL, NULL, NULL, NULL, NULL, NULL, NULL, NULL, NULL, NULL, NULL),
(2047, 'Vannes', NULL, NULL, NULL, NULL, NULL, NULL, NULL, NULL, NULL, NULL, NULL),
(27221, 'Dunkerque', NULL, NULL, NULL, NULL, NULL, NULL, NULL, NULL, NULL, NULL, NULL),
(2856, 'Frejus Saint Raphael', NULL, NULL, NULL, NULL, NULL, NULL, NULL, NULL, NULL, NULL, NULL),
(1781, 'Red Star', NULL, NULL, NULL, NULL, NULL, NULL, NULL, NULL, NULL, NULL, NULL),
(27940, 'Luzenac', NULL, NULL, NULL, NULL, NULL, NULL, NULL, NULL, NULL, NULL, NULL),
(26684, 'Colmar', NULL, NULL, NULL, NULL, NULL, NULL, NULL, NULL, NULL, NULL, NULL),
(651, 'Lyon', NULL, NULL, NULL, NULL, NULL, NULL, NULL, NULL, NULL, NULL, NULL),
(200, 'Marseille', NULL, NULL, NULL, NULL, NULL, NULL, NULL, NULL, NULL, NULL, NULL),
(958, 'Troyes', NULL, NULL, NULL, NULL, NULL, NULL, NULL, NULL, NULL, NULL, NULL),
(25466, 'Evian Thonon Gaillard', NULL, NULL, NULL, NULL, NULL, NULL, NULL, NULL, NULL, NULL, NULL),
(701, 'Nantes', NULL, NULL, NULL, NULL, NULL, NULL, NULL, NULL, NULL, NULL, NULL),
(709, 'Nice', NULL, NULL, NULL, NULL, NULL, NULL, NULL, NULL, NULL, NULL, NULL),
(309, 'Bordeaux', NULL, NULL, NULL, NULL, NULL, NULL, NULL, NULL, NULL, NULL, NULL),
(788, 'Paris SG', NULL, NULL, NULL, NULL, NULL, NULL, NULL, NULL, NULL, NULL, NULL),
(682, 'Montpellier', NULL, NULL, NULL, NULL, NULL, NULL, NULL, NULL, NULL, NULL, NULL),
(678, 'Monaco', NULL, NULL, NULL, NULL, NULL, NULL, NULL, NULL, NULL, NULL, NULL),
(277, 'Bastia', NULL, NULL, NULL, NULL, NULL, NULL, NULL, NULL, NULL, NULL, NULL),
(507, 'Guingamp', NULL, NULL, NULL, NULL, NULL, NULL, NULL, NULL, NULL, NULL, NULL),
(219, 'Ajaccio', NULL, NULL, NULL, NULL, NULL, NULL, NULL, NULL, NULL, NULL, NULL),
(625, 'Lille', NULL, NULL, NULL, NULL, NULL, NULL, NULL, NULL, NULL, NULL, NULL),
(2029, 'Reims', NULL, NULL, NULL, NULL, NULL, NULL, NULL, NULL, NULL, NULL, NULL),
(2049, 'Brest', NULL, NULL, NULL, NULL, NULL, NULL, NULL, NULL, NULL, NULL, NULL),
(264, 'Auxerre', NULL, NULL, NULL, NULL, NULL, NULL, NULL, NULL, NULL, NULL, NULL),
(27959, 'Arles', NULL, NULL, NULL, NULL, NULL, NULL, NULL, NULL, NULL, NULL, NULL),
(600, 'Le Havre', NULL, NULL, NULL, NULL, NULL, NULL, NULL, NULL, NULL, NULL, NULL),
(671, 'Metz', NULL, NULL, NULL, NULL, NULL, NULL, NULL, NULL, NULL, NULL, NULL),
(361, 'Chateauroux', NULL, NULL, NULL, NULL, NULL, NULL, NULL, NULL, NULL, NULL, NULL),
(598, 'Laval', NULL, NULL, NULL, NULL, NULL, NULL, NULL, NULL, NULL, NULL, NULL),
(710, 'Nimes', NULL, NULL, NULL, NULL, NULL, NULL, NULL, NULL, NULL, NULL, NULL),
(2025, 'Tours', NULL, NULL, NULL, NULL, NULL, NULL, NULL, NULL, NULL, NULL, NULL),
(2020, 'Clermont Foot', NULL, NULL, NULL, NULL, NULL, NULL, NULL, NULL, NULL, NULL, NULL),
(700, 'Nancy', NULL, NULL, NULL, NULL, NULL, NULL, NULL, NULL, NULL, NULL, NULL),
(2753, 'Elazigspor', NULL, NULL, NULL, NULL, NULL, NULL, NULL, NULL, NULL, NULL, NULL),
(242, 'Antalyaspor', NULL, NULL, NULL, NULL, NULL, NULL, NULL, NULL, NULL, NULL, NULL),
(2741, 'Tokatspor', NULL, NULL, NULL, NULL, NULL, NULL, NULL, NULL, NULL, NULL, NULL),
(26958, 'Eskisehirspor', NULL, NULL, NULL, NULL, NULL, NULL, NULL, NULL, NULL, NULL, NULL),
(28567, 'Akhisar Belediye Genclik Ve Spor', NULL, NULL, NULL, NULL, NULL, NULL, NULL, NULL, NULL, NULL, NULL),
(332, 'Bursaspor', NULL, NULL, NULL, NULL, NULL, NULL, NULL, NULL, NULL, NULL, NULL),
(2749, 'Sivasspor', NULL, NULL, NULL, NULL, NULL, NULL, NULL, NULL, NULL, NULL, NULL),
(4355, 'Manisaspor', NULL, NULL, NULL, NULL, NULL, NULL, NULL, NULL, NULL, NULL, NULL),
(2727, 'Ankaraspor', NULL, NULL, NULL, NULL, NULL, NULL, NULL, NULL, NULL, NULL, NULL),
(1310001254, 'Fethiyespor', NULL, NULL, NULL, NULL, NULL, NULL, NULL, NULL, NULL, NULL, NULL),
(1001596, 'Trabzon 1461', NULL, NULL, NULL, NULL, NULL, NULL, NULL, NULL, NULL, NULL, NULL),
(2724, 'Karsiyaka', NULL, NULL, NULL, NULL, NULL, NULL, NULL, NULL, NULL, NULL, NULL),
(4351, 'Urfaspor', NULL, NULL, NULL, NULL, NULL, NULL, NULL, NULL, NULL, NULL, NULL),
(25938, 'Adanademirspor', NULL, NULL, NULL, NULL, NULL, NULL, NULL, NULL, NULL, NULL, NULL),
(27607, 'Boluspor', NULL, NULL, NULL, NULL, NULL, NULL, NULL, NULL, NULL, NULL, NULL),
(407, 'Denizlispor', NULL, NULL, NULL, NULL, NULL, NULL, NULL, NULL, NULL, NULL, NULL),
(2748, 'Gaziantep BB', NULL, NULL, NULL, NULL, NULL, NULL, NULL, NULL, NULL, NULL, NULL),
(2728, 'Kahramanmaraspor', NULL, NULL, NULL, NULL, NULL, NULL, NULL, NULL, NULL, NULL, NULL),
(1972, 'Bucaspor', NULL, NULL, NULL, NULL, NULL, NULL, NULL, NULL, NULL, NULL, NULL),
(1001445, 'Tavsanli Linyitspor', NULL, NULL, NULL, NULL, NULL, NULL, NULL, NULL, NULL, NULL, NULL),
(1001588, 'Balikesirspor', NULL, NULL, NULL, NULL, NULL, NULL, NULL, NULL, NULL, NULL, NULL),
(25937, 'Orduspor', NULL, NULL, NULL, NULL, NULL, NULL, NULL, NULL, NULL, NULL, NULL),
(214, 'Adanaspor', NULL, NULL, NULL, NULL, NULL, NULL, NULL, NULL, NULL, NULL, NULL),
(1978, 'Istanbul Buyuksehir', NULL, NULL, NULL, NULL, NULL, NULL, NULL, NULL, NULL, NULL, NULL),
(839, 'Samsunspor', NULL, NULL, NULL, NULL, NULL, NULL, NULL, NULL, NULL, NULL, NULL),
(1100000019, 'Glenavon FC', NULL, NULL, NULL, NULL, NULL, NULL, NULL, NULL, NULL, NULL, NULL),
(2331, 'Cliftonville', NULL, NULL, NULL, NULL, NULL, NULL, NULL, NULL, NULL, NULL, NULL),
(1100000032, 'Lisburn Distillery', NULL, NULL, NULL, NULL, NULL, NULL, NULL, NULL, NULL, NULL, NULL),
(1310002315, 'PSNI', NULL, NULL, NULL, NULL, NULL, NULL, NULL, NULL, NULL, NULL, NULL),
(1310002316, 'Queens University', NULL, NULL, NULL, NULL, NULL, NULL, NULL, NULL, NULL, NULL, NULL),
(1310001174, 'Limavady United', NULL, NULL, NULL, NULL, NULL, NULL, NULL, NULL, NULL, NULL, NULL),
(1310002306, 'HW Welders', NULL, NULL, NULL, NULL, NULL, NULL, NULL, NULL, NULL, NULL, NULL),
(1310001428, 'Ballymoney United', NULL, NULL, NULL, NULL, NULL, NULL, NULL, NULL, NULL, NULL, NULL),
(1310002302, 'Banbridge Town', NULL, NULL, NULL, NULL, NULL, NULL, NULL, NULL, NULL, NULL, NULL);
INSERT INTO `team` (`id`, `name`, `flag`, `country`, `point`, `game_played`, `won`, `drawn`, `lost`, `goals_forward`, `goals_against`, `goals_diff`, `other`) VALUES
(1310001173, 'Bangor FC', NULL, NULL, NULL, NULL, NULL, NULL, NULL, NULL, NULL, NULL, NULL),
(1310002305, 'Glebe Rangers', NULL, NULL, NULL, NULL, NULL, NULL, NULL, NULL, NULL, NULL, NULL),
(1310002301, 'Ballyclare Comrades', NULL, NULL, NULL, NULL, NULL, NULL, NULL, NULL, NULL, NULL, NULL),
(1310003087, 'Kilmore Rec', NULL, NULL, NULL, NULL, NULL, NULL, NULL, NULL, NULL, NULL, NULL),
(1310000749, 'Carrick Rangers', NULL, NULL, NULL, NULL, NULL, NULL, NULL, NULL, NULL, NULL, NULL),
(1310002304, 'Dundela', NULL, NULL, NULL, NULL, NULL, NULL, NULL, NULL, NULL, NULL, NULL),
(1310002300, 'Armagh City', NULL, NULL, NULL, NULL, NULL, NULL, NULL, NULL, NULL, NULL, NULL),
(1310005028, 'Strabane Athletic', NULL, NULL, NULL, NULL, NULL, NULL, NULL, NULL, NULL, NULL, NULL),
(1310001175, 'Dergview', NULL, NULL, NULL, NULL, NULL, NULL, NULL, NULL, NULL, NULL, NULL),
(1310003080, 'Crumlin Star', NULL, NULL, NULL, NULL, NULL, NULL, NULL, NULL, NULL, NULL, NULL),
(1310002303, 'Chimney Corner', NULL, NULL, NULL, NULL, NULL, NULL, NULL, NULL, NULL, NULL, NULL),
(1310002313, 'Moyola Park', NULL, NULL, NULL, NULL, NULL, NULL, NULL, NULL, NULL, NULL, NULL),
(1310002320, 'SL Swifts', NULL, NULL, NULL, NULL, NULL, NULL, NULL, NULL, NULL, NULL, NULL),
(28999, 'Dartford', NULL, NULL, NULL, NULL, NULL, NULL, NULL, NULL, NULL, NULL, NULL),
(341, 'Cambridge', NULL, NULL, NULL, NULL, NULL, NULL, NULL, NULL, NULL, NULL, NULL),
(774, 'Plymouth', NULL, NULL, NULL, NULL, NULL, NULL, NULL, NULL, NULL, NULL, NULL),
(27176, 'Fleetwood', NULL, NULL, NULL, NULL, NULL, NULL, NULL, NULL, NULL, NULL, NULL),
(525, 'Hartlepool', NULL, NULL, NULL, NULL, NULL, NULL, NULL, NULL, NULL, NULL, NULL),
(864, 'Shrewsbury', NULL, NULL, NULL, NULL, NULL, NULL, NULL, NULL, NULL, NULL, NULL),
(778, 'Port Vale', NULL, NULL, NULL, NULL, NULL, NULL, NULL, NULL, NULL, NULL, NULL),
(736, 'Oldham', NULL, NULL, NULL, NULL, NULL, NULL, NULL, NULL, NULL, NULL, NULL),
(827, 'Rotherham', NULL, NULL, NULL, NULL, NULL, NULL, NULL, NULL, NULL, NULL, NULL),
(391, 'Crewe', NULL, NULL, NULL, NULL, NULL, NULL, NULL, NULL, NULL, NULL, NULL),
(1030, 'Wolverhampton', NULL, NULL, NULL, NULL, NULL, NULL, NULL, NULL, NULL, NULL, NULL),
(923, 'Swindon', NULL, NULL, NULL, NULL, NULL, NULL, NULL, NULL, NULL, NULL, NULL),
(312, 'Bradford', NULL, NULL, NULL, NULL, NULL, NULL, NULL, NULL, NULL, NULL, NULL),
(720, 'Notts Co.', NULL, NULL, NULL, NULL, NULL, NULL, NULL, NULL, NULL, NULL, NULL),
(376, 'Colchester', NULL, NULL, NULL, NULL, NULL, NULL, NULL, NULL, NULL, NULL, NULL),
(491, 'Gillingham', NULL, NULL, NULL, NULL, NULL, NULL, NULL, NULL, NULL, NULL, NULL),
(346, 'Carlisle', NULL, NULL, NULL, NULL, NULL, NULL, NULL, NULL, NULL, NULL, NULL),
(1009, 'Walsall', NULL, NULL, NULL, NULL, NULL, NULL, NULL, NULL, NULL, NULL, NULL),
(296, 'Birmingham City', NULL, NULL, NULL, NULL, NULL, NULL, NULL, NULL, NULL, NULL, NULL),
(719, 'Nottingham F.', NULL, NULL, NULL, NULL, NULL, NULL, NULL, NULL, NULL, NULL, NULL),
(408, 'Derby', NULL, NULL, NULL, NULL, NULL, NULL, NULL, NULL, NULL, NULL, NULL),
(4382, 'Guiseley', NULL, NULL, NULL, NULL, NULL, NULL, NULL, NULL, NULL, NULL, NULL),
(27177, 'Maidenhead U', NULL, NULL, NULL, NULL, NULL, NULL, NULL, NULL, NULL, NULL, NULL),
(27855, 'Eastleigh', NULL, NULL, NULL, NULL, NULL, NULL, NULL, NULL, NULL, NULL, NULL),
(419, 'Dover', NULL, NULL, NULL, NULL, NULL, NULL, NULL, NULL, NULL, NULL, NULL),
(1810, 'Havant and W.', NULL, NULL, NULL, NULL, NULL, NULL, NULL, NULL, NULL, NULL, NULL),
(1812, 'Ebbsfleet United', NULL, NULL, NULL, NULL, NULL, NULL, NULL, NULL, NULL, NULL, NULL),
(1300000020, 'Chorley', NULL, NULL, NULL, NULL, NULL, NULL, NULL, NULL, NULL, NULL, NULL),
(30618, 'North Ferriby United', NULL, NULL, NULL, NULL, NULL, NULL, NULL, NULL, NULL, NULL, NULL),
(30623, 'Hungerford Town', NULL, NULL, NULL, NULL, NULL, NULL, NULL, NULL, NULL, NULL, NULL),
(1310001241, 'Gosport Borough', NULL, NULL, NULL, NULL, NULL, NULL, NULL, NULL, NULL, NULL, NULL),
(1018, 'West Ham Utd.', NULL, NULL, NULL, NULL, NULL, NULL, NULL, NULL, NULL, NULL, NULL),
(918, 'Sunderland', NULL, NULL, NULL, NULL, NULL, NULL, NULL, NULL, NULL, NULL, NULL),
(660, 'Manchester Utd.', NULL, NULL, NULL, NULL, NULL, NULL, NULL, NULL, NULL, NULL, NULL),
(363, 'Chelsea', NULL, NULL, NULL, NULL, NULL, NULL, NULL, NULL, NULL, NULL, NULL),
(922, 'Swansea', NULL, NULL, NULL, NULL, NULL, NULL, NULL, NULL, NULL, NULL, NULL),
(629, 'Liverpool', NULL, NULL, NULL, NULL, NULL, NULL, NULL, NULL, NULL, NULL, NULL),
(430, 'Dunfermline', NULL, NULL, NULL, NULL, NULL, NULL, NULL, NULL, NULL, NULL, NULL),
(246, 'Arbroath', NULL, NULL, NULL, NULL, NULL, NULL, NULL, NULL, NULL, NULL, NULL),
(318, 'Brechin', NULL, NULL, NULL, NULL, NULL, NULL, NULL, NULL, NULL, NULL, NULL),
(218, 'Airdrie', NULL, NULL, NULL, NULL, NULL, NULL, NULL, NULL, NULL, NULL, NULL),
(799, 'Rangers', NULL, NULL, NULL, NULL, NULL, NULL, NULL, NULL, NULL, NULL, NULL),
(434, 'East Fife', NULL, NULL, NULL, NULL, NULL, NULL, NULL, NULL, NULL, NULL, NULL),
(469, 'Forfar', NULL, NULL, NULL, NULL, NULL, NULL, NULL, NULL, NULL, NULL, NULL),
(906, 'Stenhousemuir', NULL, NULL, NULL, NULL, NULL, NULL, NULL, NULL, NULL, NULL, NULL),
(683, 'Montrose', NULL, NULL, NULL, NULL, NULL, NULL, NULL, NULL, NULL, NULL, NULL),
(1376, 'Elgin', NULL, NULL, NULL, NULL, NULL, NULL, NULL, NULL, NULL, NULL, NULL),
(290, 'Berwick', NULL, NULL, NULL, NULL, NULL, NULL, NULL, NULL, NULL, NULL, NULL),
(1377, 'Peterhead', NULL, NULL, NULL, NULL, NULL, NULL, NULL, NULL, NULL, NULL, NULL),
(798, 'Raith Rovers', NULL, NULL, NULL, NULL, NULL, NULL, NULL, NULL, NULL, NULL, NULL),
(388, 'Cowdenbeath', NULL, NULL, NULL, NULL, NULL, NULL, NULL, NULL, NULL, NULL, NULL),
(428, 'Dundee FC', NULL, NULL, NULL, NULL, NULL, NULL, NULL, NULL, NULL, NULL, NULL),
(230, 'Alloa', NULL, NULL, NULL, NULL, NULL, NULL, NULL, NULL, NULL, NULL, NULL),
(211, 'Aberdeen', NULL, NULL, NULL, NULL, NULL, NULL, NULL, NULL, NULL, NULL, NULL),
(538, 'Hibernian', NULL, NULL, NULL, NULL, NULL, NULL, NULL, NULL, NULL, NULL, NULL),
(897, 'St. Mirren', NULL, NULL, NULL, NULL, NULL, NULL, NULL, NULL, NULL, NULL, NULL),
(528, 'Hearts', NULL, NULL, NULL, NULL, NULL, NULL, NULL, NULL, NULL, NULL, NULL),
(761, 'Partick T.', NULL, NULL, NULL, NULL, NULL, NULL, NULL, NULL, NULL, NULL, NULL),
(429, 'Dundee U.', NULL, NULL, NULL, NULL, NULL, NULL, NULL, NULL, NULL, NULL, NULL),
(23077, 'FC Brussels', NULL, NULL, NULL, NULL, NULL, NULL, NULL, NULL, NULL, NULL, NULL),
(901, 'Sint-Truiden', NULL, NULL, NULL, NULL, NULL, NULL, NULL, NULL, NULL, NULL, NULL),
(207, 'Aalst', NULL, NULL, NULL, NULL, NULL, NULL, NULL, NULL, NULL, NULL, NULL),
(482, 'Geel', NULL, NULL, NULL, NULL, NULL, NULL, NULL, NULL, NULL, NULL, NULL),
(1019, 'Westerlo', NULL, NULL, NULL, NULL, NULL, NULL, NULL, NULL, NULL, NULL, NULL),
(3168, 'Virton', NULL, NULL, NULL, NULL, NULL, NULL, NULL, NULL, NULL, NULL, NULL),
(1439, 'Antwerp', NULL, NULL, NULL, NULL, NULL, NULL, NULL, NULL, NULL, NULL, NULL),
(28495, 'Mouscron-Peruwelz', NULL, NULL, NULL, NULL, NULL, NULL, NULL, NULL, NULL, NULL, NULL),
(25876, 'WS Woluwe', NULL, NULL, NULL, NULL, NULL, NULL, NULL, NULL, NULL, NULL, NULL),
(24079, 'Tubize', NULL, NULL, NULL, NULL, NULL, NULL, NULL, NULL, NULL, NULL, NULL),
(1844, 'Hoogstraten', NULL, NULL, NULL, NULL, NULL, NULL, NULL, NULL, NULL, NULL, NULL),
(1001412, 'KSK Heist', NULL, NULL, NULL, NULL, NULL, NULL, NULL, NULL, NULL, NULL, NULL),
(27658, 'Boussu Dour Borinage', NULL, NULL, NULL, NULL, NULL, NULL, NULL, NULL, NULL, NULL, NULL),
(2711, 'Visetois', NULL, NULL, NULL, NULL, NULL, NULL, NULL, NULL, NULL, NULL, NULL),
(3167, 'Dessel', NULL, NULL, NULL, NULL, NULL, NULL, NULL, NULL, NULL, NULL, NULL),
(23080, 'Eupen', NULL, NULL, NULL, NULL, NULL, NULL, NULL, NULL, NULL, NULL, NULL),
(1851, 'Kortrijk', NULL, NULL, NULL, NULL, NULL, NULL, NULL, NULL, NULL, NULL, NULL),
(486, 'Gent', NULL, NULL, NULL, NULL, NULL, NULL, NULL, NULL, NULL, NULL, NULL),
(636, 'Lokeren', NULL, NULL, NULL, NULL, NULL, NULL, NULL, NULL, NULL, NULL, NULL),
(484, 'Racing Genk', NULL, NULL, NULL, NULL, NULL, NULL, NULL, NULL, NULL, NULL, NULL),
(1310001184, 'Visas Megaron', NULL, NULL, NULL, NULL, NULL, NULL, NULL, NULL, NULL, NULL, NULL),
(2867, 'Panaigialios', NULL, NULL, NULL, NULL, NULL, NULL, NULL, NULL, NULL, NULL, NULL),
(1310001185, 'Iraklis Psachnon', NULL, NULL, NULL, NULL, NULL, NULL, NULL, NULL, NULL, NULL, NULL),
(1310003038, 'Episkopi', NULL, NULL, NULL, NULL, NULL, NULL, NULL, NULL, NULL, NULL, NULL),
(757, 'Paniliakos', NULL, NULL, NULL, NULL, NULL, NULL, NULL, NULL, NULL, NULL, NULL),
(2871, 'Kalithea', NULL, NULL, NULL, NULL, NULL, NULL, NULL, NULL, NULL, NULL, NULL),
(1310003034, 'Acharnaikos', NULL, NULL, NULL, NULL, NULL, NULL, NULL, NULL, NULL, NULL, NULL),
(2863, 'Fostiras', NULL, NULL, NULL, NULL, NULL, NULL, NULL, NULL, NULL, NULL, NULL),
(1310001181, 'Fokikos', NULL, NULL, NULL, NULL, NULL, NULL, NULL, NULL, NULL, NULL, NULL),
(1310003036, 'Chania', NULL, NULL, NULL, NULL, NULL, NULL, NULL, NULL, NULL, NULL, NULL),
(553, 'Iraklis', NULL, NULL, NULL, NULL, NULL, NULL, NULL, NULL, NULL, NULL, NULL),
(1310003044, 'Vataniakos', NULL, NULL, NULL, NULL, NULL, NULL, NULL, NULL, NULL, NULL, NULL),
(575, 'Kavala', NULL, NULL, NULL, NULL, NULL, NULL, NULL, NULL, NULL, NULL, NULL),
(28671, 'Zakynthos APS', NULL, NULL, NULL, NULL, NULL, NULL, NULL, NULL, NULL, NULL, NULL),
(27157, 'Pierikos FC', NULL, NULL, NULL, NULL, NULL, NULL, NULL, NULL, NULL, NULL, NULL),
(28403, 'Anagennisi Karditsas', NULL, NULL, NULL, NULL, NULL, NULL, NULL, NULL, NULL, NULL, NULL),
(30140, 'Doxa Dramas', NULL, NULL, NULL, NULL, NULL, NULL, NULL, NULL, NULL, NULL, NULL),
(2864, 'Kalamaria', NULL, NULL, NULL, NULL, NULL, NULL, NULL, NULL, NULL, NULL, NULL),
(1310003043, 'Tyrnavos', NULL, NULL, NULL, NULL, NULL, NULL, NULL, NULL, NULL, NULL, NULL),
(24393, 'Niki Volou', NULL, NULL, NULL, NULL, NULL, NULL, NULL, NULL, NULL, NULL, NULL),
(733, 'OFI Crete', NULL, NULL, NULL, NULL, NULL, NULL, NULL, NULL, NULL, NULL, NULL),
(27155, 'Panaitolikos', NULL, NULL, NULL, NULL, NULL, NULL, NULL, NULL, NULL, NULL, NULL),
(755, 'Panathinaikos', NULL, NULL, NULL, NULL, NULL, NULL, NULL, NULL, NULL, NULL, NULL),
(758, 'Panionios', NULL, NULL, NULL, NULL, NULL, NULL, NULL, NULL, NULL, NULL, NULL),
(759, 'PAOK Saloniki', NULL, NULL, NULL, NULL, NULL, NULL, NULL, NULL, NULL, NULL, NULL),
(24250, 'Levadiakos', NULL, NULL, NULL, NULL, NULL, NULL, NULL, NULL, NULL, NULL, NULL),
(992, 'Veria FC', NULL, NULL, NULL, NULL, NULL, NULL, NULL, NULL, NULL, NULL, NULL),
(1310001182, 'Platanias', NULL, NULL, NULL, NULL, NULL, NULL, NULL, NULL, NULL, NULL, NULL),
(26595, 'Panthrakikos Komotini', NULL, NULL, NULL, NULL, NULL, NULL, NULL, NULL, NULL, NULL, NULL),
(1035, 'Xanthi', NULL, NULL, NULL, NULL, NULL, NULL, NULL, NULL, NULL, NULL, NULL),
(29337, 'Municipal Iquique', NULL, NULL, NULL, NULL, NULL, NULL, NULL, NULL, NULL, NULL, NULL),
(24235, 'Cobresal', NULL, NULL, NULL, NULL, NULL, NULL, NULL, NULL, NULL, NULL, NULL),
(30732, 'Union La Calera', NULL, NULL, NULL, NULL, NULL, NULL, NULL, NULL, NULL, NULL, NULL),
(26701, 'Antofagasta', NULL, NULL, NULL, NULL, NULL, NULL, NULL, NULL, NULL, NULL, NULL),
(26699, 'O’Higgins', NULL, NULL, NULL, NULL, NULL, NULL, NULL, NULL, NULL, NULL, NULL),
(2440, 'Universidad Catolica', NULL, NULL, NULL, NULL, NULL, NULL, NULL, NULL, NULL, NULL, NULL),
(24231, 'Union Espanola', NULL, NULL, NULL, NULL, NULL, NULL, NULL, NULL, NULL, NULL, NULL),
(24228, 'Audax Italiano', NULL, NULL, NULL, NULL, NULL, NULL, NULL, NULL, NULL, NULL, NULL),
(2442, 'Colo Colo', NULL, NULL, NULL, NULL, NULL, NULL, NULL, NULL, NULL, NULL, NULL),
(27244, 'Atletico Nublense', NULL, NULL, NULL, NULL, NULL, NULL, NULL, NULL, NULL, NULL, NULL),
(738, 'Omonia Nicosia', NULL, NULL, NULL, NULL, NULL, NULL, NULL, NULL, NULL, NULL, NULL),
(3070, 'Aris Limassol', NULL, NULL, NULL, NULL, NULL, NULL, NULL, NULL, NULL, NULL, NULL),
(2416, 'Doxa Katokopia', NULL, NULL, NULL, NULL, NULL, NULL, NULL, NULL, NULL, NULL, NULL),
(2423, 'Olympiakos N.', NULL, NULL, NULL, NULL, NULL, NULL, NULL, NULL, NULL, NULL, NULL),
(2418, 'Enosis Paralimni', NULL, NULL, NULL, NULL, NULL, NULL, NULL, NULL, NULL, NULL, NULL),
(846, 'Zaragoza', NULL, NULL, NULL, NULL, NULL, NULL, NULL, NULL, NULL, NULL, NULL),
(30229, 'Alcorcon', NULL, NULL, NULL, NULL, NULL, NULL, NULL, NULL, NULL, NULL, NULL),
(489, 'Sporting Gijon', NULL, NULL, NULL, NULL, NULL, NULL, NULL, NULL, NULL, NULL, NULL),
(271, 'Barcelona B', NULL, NULL, NULL, NULL, NULL, NULL, NULL, NULL, NULL, NULL, NULL),
(26975, 'Ponferradina', NULL, NULL, NULL, NULL, NULL, NULL, NULL, NULL, NULL, NULL, NULL),
(1606, 'Jaen', NULL, NULL, NULL, NULL, NULL, NULL, NULL, NULL, NULL, NULL, NULL),
(590, 'Deportivo La Coruna', NULL, NULL, NULL, NULL, NULL, NULL, NULL, NULL, NULL, NULL, NULL),
(25865, 'Girona', NULL, NULL, NULL, NULL, NULL, NULL, NULL, NULL, NULL, NULL, NULL),
(488, 'Getafe', NULL, NULL, NULL, NULL, NULL, NULL, NULL, NULL, NULL, NULL, NULL),
(439, 'Elche', NULL, NULL, NULL, NULL, NULL, NULL, NULL, NULL, NULL, NULL, NULL),
(859, 'Sevilla', NULL, NULL, NULL, NULL, NULL, NULL, NULL, NULL, NULL, NULL, NULL),
(270, 'Barcelona', NULL, NULL, NULL, NULL, NULL, NULL, NULL, NULL, NULL, NULL, NULL),
(256, 'Athletic Bilbao', NULL, NULL, NULL, NULL, NULL, NULL, NULL, NULL, NULL, NULL, NULL),
(445, 'Espanyol', NULL, NULL, NULL, NULL, NULL, NULL, NULL, NULL, NULL, NULL, NULL),
(742, 'Osasuna', NULL, NULL, NULL, NULL, NULL, NULL, NULL, NULL, NULL, NULL, NULL),
(879, 'Real Sociedad', NULL, NULL, NULL, NULL, NULL, NULL, NULL, NULL, NULL, NULL, NULL),
(843, 'Racing Santander', NULL, NULL, NULL, NULL, NULL, NULL, NULL, NULL, NULL, NULL, NULL),
(1001335, 'Melbourne Heart', NULL, NULL, NULL, NULL, NULL, NULL, NULL, NULL, NULL, NULL, NULL),
(27592, 'Adelaide United', NULL, NULL, NULL, NULL, NULL, NULL, NULL, NULL, NULL, NULL, NULL),
(1310001888, 'Western Sydney Wanderers', NULL, NULL, NULL, NULL, NULL, NULL, NULL, NULL, NULL, NULL, NULL),
(26605, 'Sydney FC', NULL, NULL, NULL, NULL, NULL, NULL, NULL, NULL, NULL, NULL, NULL),
(27598, 'Wellington Phoenix', NULL, NULL, NULL, NULL, NULL, NULL, NULL, NULL, NULL, NULL, NULL),
(27593, 'Central Coast Mariners', NULL, NULL, NULL, NULL, NULL, NULL, NULL, NULL, NULL, NULL, NULL),
(1382, 'Beitar Jerusalem', NULL, NULL, NULL, NULL, NULL, NULL, NULL, NULL, NULL, NULL, NULL),
(522, 'Hapoel Haifa', NULL, NULL, NULL, NULL, NULL, NULL, NULL, NULL, NULL, NULL, NULL),
(1100000199, 'Alajuelense', NULL, NULL, NULL, NULL, NULL, NULL, NULL, NULL, NULL, NULL, NULL),
(1100000201, 'Limon FC', NULL, NULL, NULL, NULL, NULL, NULL, NULL, NULL, NULL, NULL, NULL),
(1100000194, 'Perez Zeledon', NULL, NULL, NULL, NULL, NULL, NULL, NULL, NULL, NULL, NULL, NULL),
(1310000772, 'Belen', NULL, NULL, NULL, NULL, NULL, NULL, NULL, NULL, NULL, NULL, NULL),
(1100000198, 'Santos De Guapiles', NULL, NULL, NULL, NULL, NULL, NULL, NULL, NULL, NULL, NULL, NULL),
(1310001961, 'Uruguay de Corondo', NULL, NULL, NULL, NULL, NULL, NULL, NULL, NULL, NULL, NULL, NULL),
(1100000196, 'Deportivo Saprissa', NULL, NULL, NULL, NULL, NULL, NULL, NULL, NULL, NULL, NULL, NULL),
(1100000203, 'Universidad de Costa Rica', NULL, NULL, NULL, NULL, NULL, NULL, NULL, NULL, NULL, NULL, NULL),
(1100000202, 'Cartagines Deportiva SA', NULL, NULL, NULL, NULL, NULL, NULL, NULL, NULL, NULL, NULL, NULL),
(1310001962, 'Carmelita', NULL, NULL, NULL, NULL, NULL, NULL, NULL, NULL, NULL, NULL, NULL),
(1100000204, 'Herediano', NULL, NULL, NULL, NULL, NULL, NULL, NULL, NULL, NULL, NULL, NULL),
(1100000193, 'Puntarenas', NULL, NULL, NULL, NULL, NULL, NULL, NULL, NULL, NULL, NULL, NULL),
(24190, 'Jaguares', NULL, NULL, NULL, NULL, NULL, NULL, NULL, NULL, NULL, NULL, NULL),
(942, 'Toluca', NULL, NULL, NULL, NULL, NULL, NULL, NULL, NULL, NULL, NULL, NULL),
(790, 'Puebla', NULL, NULL, NULL, NULL, NULL, NULL, NULL, NULL, NULL, NULL, NULL),
(680, 'Monterrey', NULL, NULL, NULL, NULL, NULL, NULL, NULL, NULL, NULL, NULL, NULL),
(938, 'Tigres', NULL, NULL, NULL, NULL, NULL, NULL, NULL, NULL, NULL, NULL, NULL),
(749, 'Pachuca', NULL, NULL, NULL, NULL, NULL, NULL, NULL, NULL, NULL, NULL, NULL),
(260, 'Atlas', NULL, NULL, NULL, NULL, NULL, NULL, NULL, NULL, NULL, NULL, NULL),
(24197, 'Veracruz', NULL, NULL, NULL, NULL, NULL, NULL, NULL, NULL, NULL, NULL, NULL),
(394, 'Cruz Azul', NULL, NULL, NULL, NULL, NULL, NULL, NULL, NULL, NULL, NULL, NULL),
(24192, 'Pumas UNAM', NULL, NULL, NULL, NULL, NULL, NULL, NULL, NULL, NULL, NULL, NULL),
(1310000668, 'Tijuana', NULL, NULL, NULL, NULL, NULL, NULL, NULL, NULL, NULL, NULL, NULL),
(2876, 'CF America', NULL, NULL, NULL, NULL, NULL, NULL, NULL, NULL, NULL, NULL, NULL),
(731, 'Odd Grenland', NULL, NULL, NULL, NULL, NULL, NULL, NULL, NULL, NULL, NULL, NULL),
(23827, 'Strommen', NULL, NULL, NULL, NULL, NULL, NULL, NULL, NULL, NULL, NULL, NULL),
(626, 'Lillestrom', NULL, NULL, NULL, NULL, NULL, NULL, NULL, NULL, NULL, NULL, NULL),
(1138, 'Stromsgodset', NULL, NULL, NULL, NULL, NULL, NULL, NULL, NULL, NULL, NULL, NULL),
(1065, 'Sweden', NULL, NULL, NULL, NULL, NULL, NULL, NULL, NULL, NULL, NULL, NULL),
(962, 'Twente', NULL, NULL, NULL, NULL, NULL, NULL, NULL, NULL, NULL, NULL, NULL),
(1841, 'Eindhoven', NULL, NULL, NULL, NULL, NULL, NULL, NULL, NULL, NULL, NULL, NULL),
(2428, 'FC Dordrecht', NULL, NULL, NULL, NULL, NULL, NULL, NULL, NULL, NULL, NULL, NULL),
(1754, 'Excelsior', NULL, NULL, NULL, NULL, NULL, NULL, NULL, NULL, NULL, NULL, NULL),
(2427, 'Emmen', NULL, NULL, NULL, NULL, NULL, NULL, NULL, NULL, NULL, NULL, NULL),
(2542, 'Ajax (A)', NULL, NULL, NULL, NULL, NULL, NULL, NULL, NULL, NULL, NULL, NULL),
(1756, 'Helmond Sport', NULL, NULL, NULL, NULL, NULL, NULL, NULL, NULL, NULL, NULL, NULL),
(1839, 'Venlo', NULL, NULL, NULL, NULL, NULL, NULL, NULL, NULL, NULL, NULL, NULL),
(2317, 'Telstar', NULL, NULL, NULL, NULL, NULL, NULL, NULL, NULL, NULL, NULL, NULL),
(2318, 'Volendam', NULL, NULL, NULL, NULL, NULL, NULL, NULL, NULL, NULL, NULL, NULL),
(1715, 'Iraq', NULL, NULL, NULL, NULL, NULL, NULL, NULL, NULL, NULL, NULL, NULL),
(2872, 'Oman', NULL, NULL, NULL, NULL, NULL, NULL, NULL, NULL, NULL, NULL, NULL),
(1064, 'Saudi Arabia', NULL, NULL, NULL, NULL, NULL, NULL, NULL, NULL, NULL, NULL, NULL),
(1234, 'Malawi', NULL, NULL, NULL, NULL, NULL, NULL, NULL, NULL, NULL, NULL, NULL),
(23141, 'Afan Lido', NULL, NULL, NULL, NULL, NULL, NULL, NULL, NULL, NULL, NULL, NULL),
(23230, 'Newtown', NULL, NULL, NULL, NULL, NULL, NULL, NULL, NULL, NULL, NULL, NULL),
(2056, 'Sete', NULL, NULL, NULL, NULL, NULL, NULL, NULL, NULL, NULL, NULL, NULL),
(26002, 'Rodez', NULL, NULL, NULL, NULL, NULL, NULL, NULL, NULL, NULL, NULL, NULL),
(2075, 'Raon L Etape', NULL, NULL, NULL, NULL, NULL, NULL, NULL, NULL, NULL, NULL, NULL),
(2010, 'La Suze', NULL, NULL, NULL, NULL, NULL, NULL, NULL, NULL, NULL, NULL, NULL),
(29071, 'Amiens AC', NULL, NULL, NULL, NULL, NULL, NULL, NULL, NULL, NULL, NULL, NULL),
(1310004994, 'Quimperle', NULL, NULL, NULL, NULL, NULL, NULL, NULL, NULL, NULL, NULL, NULL),
(2072, 'Marcq', NULL, NULL, NULL, NULL, NULL, NULL, NULL, NULL, NULL, NULL, NULL),
(1310005036, 'Cayolle', NULL, NULL, NULL, NULL, NULL, NULL, NULL, NULL, NULL, NULL, NULL),
(1310004959, 'Ile Rousse Monticello', NULL, NULL, NULL, NULL, NULL, NULL, NULL, NULL, NULL, NULL, NULL),
(1310003147, 'Saint-Amand', NULL, NULL, NULL, NULL, NULL, NULL, NULL, NULL, NULL, NULL, NULL),
(1310004964, 'Iris Club de Croix', NULL, NULL, NULL, NULL, NULL, NULL, NULL, NULL, NULL, NULL, NULL),
(29731, 'Persepolis FC', NULL, NULL, NULL, NULL, NULL, NULL, NULL, NULL, NULL, NULL, NULL),
(1100000175, 'Naft Tehran', NULL, NULL, NULL, NULL, NULL, NULL, NULL, NULL, NULL, NULL, NULL),
(1226000917, 'Esteghlal Khuzestan', NULL, NULL, NULL, NULL, NULL, NULL, NULL, NULL, NULL, NULL, NULL),
(1100000169, 'Foolad Khuzestan', NULL, NULL, NULL, NULL, NULL, NULL, NULL, NULL, NULL, NULL, NULL),
(1100000185, 'Zob Ahan', NULL, NULL, NULL, NULL, NULL, NULL, NULL, NULL, NULL, NULL, NULL),
(1100000171, 'Malavan FC', NULL, NULL, NULL, NULL, NULL, NULL, NULL, NULL, NULL, NULL, NULL),
(367, 'Chester', NULL, NULL, NULL, NULL, NULL, NULL, NULL, NULL, NULL, NULL, NULL),
(579, 'Kilmarnock', NULL, NULL, NULL, NULL, NULL, NULL, NULL, NULL, NULL, NULL, NULL),
(23062, 'Yokohama F.Marinos', NULL, NULL, NULL, NULL, NULL, NULL, NULL, NULL, NULL, NULL, NULL),
(23072, 'Sanfrecce Hiroshima', NULL, NULL, NULL, NULL, NULL, NULL, NULL, NULL, NULL, NULL, NULL),
(28138, 'Geylang United FC', NULL, NULL, NULL, NULL, NULL, NULL, NULL, NULL, NULL, NULL, NULL),
(934, 'Teplice', NULL, NULL, NULL, NULL, NULL, NULL, NULL, NULL, NULL, NULL, NULL),
(2626, 'Kladno', NULL, NULL, NULL, NULL, NULL, NULL, NULL, NULL, NULL, NULL, NULL),
(900, 'St. Polten', NULL, NULL, NULL, NULL, NULL, NULL, NULL, NULL, NULL, NULL, NULL),
(810, 'Ried', NULL, NULL, NULL, NULL, NULL, NULL, NULL, NULL, NULL, NULL, NULL),
(25642, 'VIFK', NULL, NULL, NULL, NULL, NULL, NULL, NULL, NULL, NULL, NULL, NULL),
(501, 'Gr.Furth', NULL, NULL, NULL, NULL, NULL, NULL, NULL, NULL, NULL, NULL, NULL),
(563, 'Kaiserslautern', NULL, NULL, NULL, NULL, NULL, NULL, NULL, NULL, NULL, NULL, NULL),
(584, 'FC Koln', NULL, NULL, NULL, NULL, NULL, NULL, NULL, NULL, NULL, NULL, NULL),
(1177, 'Honefoss', NULL, NULL, NULL, NULL, NULL, NULL, NULL, NULL, NULL, NULL, NULL),
(2945, 'Jevnaker', NULL, NULL, NULL, NULL, NULL, NULL, NULL, NULL, NULL, NULL, NULL),
(1092, 'FC Zurich', NULL, NULL, NULL, NULL, NULL, NULL, NULL, NULL, NULL, NULL, NULL),
(396, 'CSKA Moscow', NULL, NULL, NULL, NULL, NULL, NULL, NULL, NULL, NULL, NULL, NULL),
(301, 'Brno', NULL, NULL, NULL, NULL, NULL, NULL, NULL, NULL, NULL, NULL, NULL),
(3054, 'Siroki Brijeg', NULL, NULL, NULL, NULL, NULL, NULL, NULL, NULL, NULL, NULL, NULL),
(409, 'Din. Zagreb', NULL, NULL, NULL, NULL, NULL, NULL, NULL, NULL, NULL, NULL, NULL),
(937, 'Thun', NULL, NULL, NULL, NULL, NULL, NULL, NULL, NULL, NULL, NULL, NULL),
(1864, 'Wohlen', NULL, NULL, NULL, NULL, NULL, NULL, NULL, NULL, NULL, NULL, NULL),
(206, 'Aalen', NULL, NULL, NULL, NULL, NULL, NULL, NULL, NULL, NULL, NULL, NULL),
(917, 'Stuttgart II', NULL, NULL, NULL, NULL, NULL, NULL, NULL, NULL, NULL, NULL, NULL),
(500, 'Grasshoppers', NULL, NULL, NULL, NULL, NULL, NULL, NULL, NULL, NULL, NULL, NULL),
(1027, 'Winterthur', NULL, NULL, NULL, NULL, NULL, NULL, NULL, NULL, NULL, NULL, NULL),
(1310000317, 'Hougang', NULL, NULL, NULL, NULL, NULL, NULL, NULL, NULL, NULL, NULL, NULL),
(1336, 'Pribram', NULL, NULL, NULL, NULL, NULL, NULL, NULL, NULL, NULL, NULL, NULL),
(24238, 'Varnsdorf', NULL, NULL, NULL, NULL, NULL, NULL, NULL, NULL, NULL, NULL, NULL),
(1357, 'Plzen', NULL, NULL, NULL, NULL, NULL, NULL, NULL, NULL, NULL, NULL, NULL),
(2166, 'Chomutov', NULL, NULL, NULL, NULL, NULL, NULL, NULL, NULL, NULL, NULL, NULL),
(23914, 'Espoo', NULL, NULL, NULL, NULL, NULL, NULL, NULL, NULL, NULL, NULL, NULL),
(773, 'PK-35', NULL, NULL, NULL, NULL, NULL, NULL, NULL, NULL, NULL, NULL, NULL),
(2319, 'Go Ahead Eagles', NULL, NULL, NULL, NULL, NULL, NULL, NULL, NULL, NULL, NULL, NULL),
(2549, 'Omniworld', NULL, NULL, NULL, NULL, NULL, NULL, NULL, NULL, NULL, NULL, NULL),
(872, 'Sion', NULL, NULL, NULL, NULL, NULL, NULL, NULL, NULL, NULL, NULL, NULL),
(857, 'Servette', NULL, NULL, NULL, NULL, NULL, NULL, NULL, NULL, NULL, NULL, NULL),
(2555, 'Hartberg', NULL, NULL, NULL, NULL, NULL, NULL, NULL, NULL, NULL, NULL, NULL),
(28305, 'Wiener Neustadt', NULL, NULL, NULL, NULL, NULL, NULL, NULL, NULL, NULL, NULL, NULL),
(25639, 'Klubi 04', NULL, NULL, NULL, NULL, NULL, NULL, NULL, NULL, NULL, NULL, NULL),
(1310003480, 'PKKU', NULL, NULL, NULL, NULL, NULL, NULL, NULL, NULL, NULL, NULL, NULL),
(2339, 'KäPa', NULL, NULL, NULL, NULL, NULL, NULL, NULL, NULL, NULL, NULL, NULL),
(342, 'Cambuur', NULL, NULL, NULL, NULL, NULL, NULL, NULL, NULL, NULL, NULL, NULL),
(402, 'De Graafschap', NULL, NULL, NULL, NULL, NULL, NULL, NULL, NULL, NULL, NULL, NULL),
(1072, 'Poland', NULL, NULL, NULL, NULL, NULL, NULL, NULL, NULL, NULL, NULL, NULL),
(2514, 'Ponte Preta', NULL, NULL, NULL, NULL, NULL, NULL, NULL, NULL, NULL, NULL, NULL),
(26059, 'Ituano FC', NULL, NULL, NULL, NULL, NULL, NULL, NULL, NULL, NULL, NULL, NULL),
(26057, 'Paulista FC', NULL, NULL, NULL, NULL, NULL, NULL, NULL, NULL, NULL, NULL, NULL),
(1310005039, 'Audax SP', NULL, NULL, NULL, NULL, NULL, NULL, NULL, NULL, NULL, NULL, NULL),
(753, 'Palmeiras', NULL, NULL, NULL, NULL, NULL, NULL, NULL, NULL, NULL, NULL, NULL),
(1310000078, 'Linense SP', NULL, NULL, NULL, NULL, NULL, NULL, NULL, NULL, NULL, NULL, NULL),
(844, 'Santos FC', NULL, NULL, NULL, NULL, NULL, NULL, NULL, NULL, NULL, NULL, NULL),
(1310001286, 'Piracicaba SP', NULL, NULL, NULL, NULL, NULL, NULL, NULL, NULL, NULL, NULL, NULL),
(27203, 'Rio Claro', NULL, NULL, NULL, NULL, NULL, NULL, NULL, NULL, NULL, NULL, NULL),
(29192, 'Atl. Sorocaba', NULL, NULL, NULL, NULL, NULL, NULL, NULL, NULL, NULL, NULL, NULL),
(1310000079, 'Sao Bernardo', NULL, NULL, NULL, NULL, NULL, NULL, NULL, NULL, NULL, NULL, NULL),
(2522, 'Botafogo SP', NULL, NULL, NULL, NULL, NULL, NULL, NULL, NULL, NULL, NULL, NULL),
(2512, 'Internacional', NULL, NULL, NULL, NULL, NULL, NULL, NULL, NULL, NULL, NULL, NULL),
(30761, 'Sao Luiz RS', NULL, NULL, NULL, NULL, NULL, NULL, NULL, NULL, NULL, NULL, NULL),
(1310005052, 'Aimore RS', NULL, NULL, NULL, NULL, NULL, NULL, NULL, NULL, NULL, NULL, NULL),
(26656, 'Novo Hamburgo RS', NULL, NULL, NULL, NULL, NULL, NULL, NULL, NULL, NULL, NULL, NULL),
(987, 'Vasco da Gama', NULL, NULL, NULL, NULL, NULL, NULL, NULL, NULL, NULL, NULL, NULL),
(27205, 'Boavista RJ', NULL, NULL, NULL, NULL, NULL, NULL, NULL, NULL, NULL, NULL, NULL),
(28043, 'Resende RJ', NULL, NULL, NULL, NULL, NULL, NULL, NULL, NULL, NULL, NULL, NULL),
(1237, 'Botafogo RJ', NULL, NULL, NULL, NULL, NULL, NULL, NULL, NULL, NULL, NULL, NULL),
(26718, 'Nova Iguacu RJ', NULL, NULL, NULL, NULL, NULL, NULL, NULL, NULL, NULL, NULL, NULL),
(28042, 'Duque Caxias RJ', NULL, NULL, NULL, NULL, NULL, NULL, NULL, NULL, NULL, NULL, NULL),
(26065, 'Friburguense RJ', NULL, NULL, NULL, NULL, NULL, NULL, NULL, NULL, NULL, NULL, NULL),
(29179, 'Bangu RJ', NULL, NULL, NULL, NULL, NULL, NULL, NULL, NULL, NULL, NULL, NULL),
(1100000061, 'Aurora', NULL, NULL, NULL, NULL, NULL, NULL, NULL, NULL, NULL, NULL, NULL),
(1100000056, 'Universitario de Sucre', NULL, NULL, NULL, NULL, NULL, NULL, NULL, NULL, NULL, NULL, NULL),
(359, 'Charleroi', NULL, NULL, NULL, NULL, NULL, NULL, NULL, NULL, NULL, NULL, NULL),
(25664, 'Waasland', NULL, NULL, NULL, NULL, NULL, NULL, NULL, NULL, NULL, NULL, NULL),
(27533, 'Orlando Pirates', NULL, NULL, NULL, NULL, NULL, NULL, NULL, NULL, NULL, NULL, NULL),
(816, 'Waalwijk', NULL, NULL, NULL, NULL, NULL, NULL, NULL, NULL, NULL, NULL, NULL),
(2113, 'Achilles 29', NULL, NULL, NULL, NULL, NULL, NULL, NULL, NULL, NULL, NULL, NULL),
(406, 'Den Bosch', NULL, NULL, NULL, NULL, NULL, NULL, NULL, NULL, NULL, NULL, NULL),
(28629, 'FC Twente Enschede II', NULL, NULL, NULL, NULL, NULL, NULL, NULL, NULL, NULL, NULL, NULL),
(472, 'Fort.Sittard', NULL, NULL, NULL, NULL, NULL, NULL, NULL, NULL, NULL, NULL, NULL),
(1840, 'Top Oss', NULL, NULL, NULL, NULL, NULL, NULL, NULL, NULL, NULL, NULL, NULL),
(729, 'Oberhausen', NULL, NULL, NULL, NULL, NULL, NULL, NULL, NULL, NULL, NULL, NULL),
(26956, 'Kasimpasa', NULL, NULL, NULL, NULL, NULL, NULL, NULL, NULL, NULL, NULL, NULL),
(23599, 'Vasalund/Essinge', NULL, NULL, NULL, NULL, NULL, NULL, NULL, NULL, NULL, NULL, NULL),
(217, 'AIK', NULL, NULL, NULL, NULL, NULL, NULL, NULL, NULL, NULL, NULL, NULL),
(403, 'Debrecen', NULL, NULL, NULL, NULL, NULL, NULL, NULL, NULL, NULL, NULL, NULL),
(28682, 'Botosani', NULL, NULL, NULL, NULL, NULL, NULL, NULL, NULL, NULL, NULL, NULL),
(26072, 'Mogi Mirim', NULL, NULL, NULL, NULL, NULL, NULL, NULL, NULL, NULL, NULL, NULL),
(1310001287, 'Comercial SP', NULL, NULL, NULL, NULL, NULL, NULL, NULL, NULL, NULL, NULL, NULL),
(26715, 'Bragantino', NULL, NULL, NULL, NULL, NULL, NULL, NULL, NULL, NULL, NULL, NULL),
(845, 'Sao Paulo', NULL, NULL, NULL, NULL, NULL, NULL, NULL, NULL, NULL, NULL, NULL),
(2518, 'Portuguesa', NULL, NULL, NULL, NULL, NULL, NULL, NULL, NULL, NULL, NULL, NULL),
(382, 'Corinthians', NULL, NULL, NULL, NULL, NULL, NULL, NULL, NULL, NULL, NULL, NULL),
(29170, 'Oeste FC', NULL, NULL, NULL, NULL, NULL, NULL, NULL, NULL, NULL, NULL, NULL),
(1310003175, 'Penapolense', NULL, NULL, NULL, NULL, NULL, NULL, NULL, NULL, NULL, NULL, NULL),
(1310003194, 'EC Sao Jose RS', NULL, NULL, NULL, NULL, NULL, NULL, NULL, NULL, NULL, NULL, NULL),
(1170, 'Gremio', NULL, NULL, NULL, NULL, NULL, NULL, NULL, NULL, NULL, NULL, NULL),
(30764, 'Esportivo RS', NULL, NULL, NULL, NULL, NULL, NULL, NULL, NULL, NULL, NULL, NULL),
(1310003447, 'Brasil RS', NULL, NULL, NULL, NULL, NULL, NULL, NULL, NULL, NULL, NULL, NULL),
(30767, 'Pelotas RS', NULL, NULL, NULL, NULL, NULL, NULL, NULL, NULL, NULL, NULL, NULL),
(1310000082, 'Cruzeiro RS', NULL, NULL, NULL, NULL, NULL, NULL, NULL, NULL, NULL, NULL, NULL),
(1310000081, 'Lajeadense RS', NULL, NULL, NULL, NULL, NULL, NULL, NULL, NULL, NULL, NULL, NULL),
(1310003193, 'Passo Fundo RS', NULL, NULL, NULL, NULL, NULL, NULL, NULL, NULL, NULL, NULL, NULL),
(2519, 'Juventude', NULL, NULL, NULL, NULL, NULL, NULL, NULL, NULL, NULL, NULL, NULL),
(1310005051, 'Sao Paulo RS', NULL, NULL, NULL, NULL, NULL, NULL, NULL, NULL, NULL, NULL, NULL),
(30765, 'Veranopolis RS', NULL, NULL, NULL, NULL, NULL, NULL, NULL, NULL, NULL, NULL, NULL),
(1169, 'Caxias', NULL, NULL, NULL, NULL, NULL, NULL, NULL, NULL, NULL, NULL, NULL),
(28039, 'Madureira', NULL, NULL, NULL, NULL, NULL, NULL, NULL, NULL, NULL, NULL, NULL),
(1236, 'Fluminense', NULL, NULL, NULL, NULL, NULL, NULL, NULL, NULL, NULL, NULL, NULL),
(1300, 'Flamengo', NULL, NULL, NULL, NULL, NULL, NULL, NULL, NULL, NULL, NULL, NULL),
(1310003191, 'Audax Rio RJ', NULL, NULL, NULL, NULL, NULL, NULL, NULL, NULL, NULL, NULL, NULL),
(26069, 'Cabofriense RJ', NULL, NULL, NULL, NULL, NULL, NULL, NULL, NULL, NULL, NULL, NULL),
(28041, 'Macae RJ', NULL, NULL, NULL, NULL, NULL, NULL, NULL, NULL, NULL, NULL, NULL),
(1310001289, 'Bonsucesso RJ', NULL, NULL, NULL, NULL, NULL, NULL, NULL, NULL, NULL, NULL, NULL),
(26054, 'Volta Redonda RJ', NULL, NULL, NULL, NULL, NULL, NULL, NULL, NULL, NULL, NULL, NULL),
(984, 'Varese', NULL, NULL, NULL, NULL, NULL, NULL, NULL, NULL, NULL, NULL, NULL),
(721, 'Novara', NULL, NULL, NULL, NULL, NULL, NULL, NULL, NULL, NULL, NULL, NULL),
(1100000035, 'Real Potosi', NULL, NULL, NULL, NULL, NULL, NULL, NULL, NULL, NULL, NULL, NULL),
(1100000063, 'The Strongest', NULL, NULL, NULL, NULL, NULL, NULL, NULL, NULL, NULL, NULL, NULL),
(1100000060, 'Bolivar', NULL, NULL, NULL, NULL, NULL, NULL, NULL, NULL, NULL, NULL, NULL),
(1310001890, 'Nacional Patosi', NULL, NULL, NULL, NULL, NULL, NULL, NULL, NULL, NULL, NULL, NULL),
(1310004431, 'Sport Boys', NULL, NULL, NULL, NULL, NULL, NULL, NULL, NULL, NULL, NULL, NULL),
(1100000036, 'Jorge Wilstermann', NULL, NULL, NULL, NULL, NULL, NULL, NULL, NULL, NULL, NULL, NULL),
(1100000057, 'Club Guabira', NULL, NULL, NULL, NULL, NULL, NULL, NULL, NULL, NULL, NULL, NULL),
(1100000059, 'Oriente Petrolero', NULL, NULL, NULL, NULL, NULL, NULL, NULL, NULL, NULL, NULL, NULL),
(23076, 'Roeselare', NULL, NULL, NULL, NULL, NULL, NULL, NULL, NULL, NULL, NULL, NULL),
(639, 'Lommel', NULL, NULL, NULL, NULL, NULL, NULL, NULL, NULL, NULL, NULL, NULL),
(888, 'Sparta Rotterdam', NULL, NULL, NULL, NULL, NULL, NULL, NULL, NULL, NULL, NULL, NULL),
(1025, 'Willem II', NULL, NULL, NULL, NULL, NULL, NULL, NULL, NULL, NULL, NULL, NULL),
(1100000243, 'Suchitepequez', NULL, NULL, NULL, NULL, NULL, NULL, NULL, NULL, NULL, NULL, NULL),
(1100000245, 'Heredia', NULL, NULL, NULL, NULL, NULL, NULL, NULL, NULL, NULL, NULL, NULL),
(1100000205, 'Marquense', NULL, NULL, NULL, NULL, NULL, NULL, NULL, NULL, NULL, NULL, NULL),
(1100000207, 'Club Comunicaciones', NULL, NULL, NULL, NULL, NULL, NULL, NULL, NULL, NULL, NULL, NULL),
(1100000247, 'Penarol La Mesilla', NULL, NULL, NULL, NULL, NULL, NULL, NULL, NULL, NULL, NULL, NULL),
(1100000241, 'Deportivo Mictlan', NULL, NULL, NULL, NULL, NULL, NULL, NULL, NULL, NULL, NULL, NULL),
(1310004321, 'Iztapa', NULL, NULL, NULL, NULL, NULL, NULL, NULL, NULL, NULL, NULL, NULL),
(1100000244, 'Universidad de San Carlos', NULL, NULL, NULL, NULL, NULL, NULL, NULL, NULL, NULL, NULL, NULL),
(1100000208, 'CSD Municipal', NULL, NULL, NULL, NULL, NULL, NULL, NULL, NULL, NULL, NULL, NULL),
(1100000246, 'Xelaju MC', NULL, NULL, NULL, NULL, NULL, NULL, NULL, NULL, NULL, NULL, NULL),
(1100000206, 'Malacateco', NULL, NULL, NULL, NULL, NULL, NULL, NULL, NULL, NULL, NULL, NULL),
(1310004320, 'Coatepeque', NULL, NULL, NULL, NULL, NULL, NULL, NULL, NULL, NULL, NULL, NULL),
(1755, 'PSV (A)', NULL, NULL, NULL, NULL, NULL, NULL, NULL, NULL, NULL, NULL, NULL),
(577, 'St.Kickers', NULL, NULL, NULL, NULL, NULL, NULL, NULL, NULL, NULL, NULL, NULL),
(4304, 'Excelsior Maassluis', NULL, NULL, NULL, NULL, NULL, NULL, NULL, NULL, NULL, NULL, NULL),
(744, 'Osnabruck', NULL, NULL, NULL, NULL, NULL, NULL, NULL, NULL, NULL, NULL, NULL),
(847, 'Saarbrucken', NULL, NULL, NULL, NULL, NULL, NULL, NULL, NULL, NULL, NULL, NULL);

-- --------------------------------------------------------

--
-- Table structure for table `tip`
--

CREATE TABLE `tip` (
  `id` int(11) NOT NULL AUTO_INCREMENT,
  `match_id` int(11) NOT NULL,
  `tip` varchar(255) NOT NULL,
  `odds` int(11) NOT NULL COMMENT 'over 20',
  `tip_who_id` int(11) NOT NULL,
  PRIMARY KEY (`id`)
) ENGINE=MyISAM  DEFAULT CHARSET=utf8 AUTO_INCREMENT=20 ;

--
-- Dumping data for table `tip`
--

INSERT INTO `tip` (`id`, `match_id`, `tip`, `odds`, `tip_who_id`) VALUES
(9, 1310185515, 'Bnei Sachnin', 30, 2),
(3, 1310185514, 'Hapoel Beer Sheva', 20, 10),
(6, 1310215228, 'Manchester City', 15, 2),
(7, 1310215228, 'over 1.5 goals', 30, 7),
(10, 1310185515, 'Bnei Yehuda Tel Aviv', 15, 4),
(11, 1310185515, 'over 2 goals', 18, 7),
(12, 1310185515, 'Bnei Yehuda Tel Aviv', 24, 9),
(13, 1310185515, 'over 1.5 goals', 15, 11),
(16, 1310220229, 'Bayer Leverkusen', 30, 2),
(17, 1310219091, 'Wolfsburg', 30, 1),
(18, 1310220257, 'Lokomotiv Plovdiv', 31, 1),
(19, 1310220214, 'M Boleslav', 15, 1);

-- --------------------------------------------------------

--
-- Table structure for table `tip_who`
--

CREATE TABLE `tip_who` (
  `id` int(11) NOT NULL AUTO_INCREMENT,
  `name` varchar(255) NOT NULL,
  `description` text NOT NULL,
  `other` text NOT NULL COMMENT 'img,...',
  PRIMARY KEY (`id`)
) ENGINE=MyISAM  DEFAULT CHARSET=utf8 AUTO_INCREMENT=18 ;

--
-- Dumping data for table `tip_who`
--

INSERT INTO `tip_who` (`id`, `name`, `description`, `other`) VALUES
(1, 'Dumbarton', 'football na', ''),
(2, 'O Higgins', 'des1', ''),
(3, 'Hibernian', 'des2', ''),
(4, 'Dundee FC', 'des3', ''),
(5, 'Motherwell', 'des3', ''),
(6, 'Over 2.5 Goals', 'des4', ''),
(7, 'Belenenses', 'des5', ''),
(8, 'Middlesbrough', 'des6', ''),
(9, 'Avellino', 'des7', ''),
(10, 'Aldershot', 'des8', ''),
(11, 'Luton', 'des8', ''),
(15, 'test 1', 'test 2', '');

-- --------------------------------------------------------

--
-- Table structure for table `voteResult`
--

CREATE TABLE `voteResult` (
  `member_id` int(11) DEFAULT NULL,
  `match_id` int(11) DEFAULT NULL,
  `vote_result` text
) ENGINE=MyISAM DEFAULT CHARSET=utf8;
